file,tier,prompt,negative,animation
aima.png,1,"pixel art scene, 180x135, limited palette (Endesga 32), clean 1px outlines, no anti-aliasing, no text, cozy melancholic mood, side or three-quarter view, game background for a narrative mobile game. immigration office waiting hall, sign ""AIMA"" above counters, crowded with people from different countries, number display, one open window out of ten, clerk taking fingerprints, fluorescent light, absurd and tiring","blurry, gradient, photorealistic, 3d render, text, letters, watermark, jpeg artifacts, extra fingers, face close-up",none
airport_arrivals.png,1,"pixel art scene, 180x135, limited palette (Endesga 32), clean 1px outlines, no anti-aliasing, no text, cozy melancholic mood, side or three-quarter view, game background for a narrative mobile game. airport arrivals hall in lisbon, glass doors opening, a grandmother with a big suitcase and a small boy running toward her with arms open, warm afternoon light, welcome signs, joyful and slightly teary","blurry, gradient, photorealistic, 3d render, text, letters, watermark, jpeg artifacts, extra fingers, face close-up",none
airport_home.png,1,"pixel art scene, 180x135, limited palette (Endesga 32), clean 1px outlines, no anti-aliasing, no text, cozy melancholic mood, side or three-quarter view, game background for a narrative mobile game. airport departure hall at night, long quiet queue to passport control, people with big suitcases, departure board with unreadable text, cold white light, figure with a backpack seen from behind","blurry, gradient, photorealistic, 3d render, text, letters, watermark, jpeg artifacts, extra fingers, face close-up",none
bank.png,1,"pixel art scene, 180x135, limited palette (Endesga 32), clean 1px outlines, no anti-aliasing, no text, cozy melancholic mood, side or three-quarter view, game background for a narrative mobile game. small bank branch office, bank manager in a suit behind a desk holding a russian passport with a worried look, stack of forms, glass partition, neutral cold light","blurry, gradient, photorealistic, 3d render, text, letters, watermark, jpeg artifacts, extra fingers, face close-up",none
batumi_bar.png,1,"pixel art scene, 180x135, limited palette (Endesga 32), clean 1px outlines, no anti-aliasing, no text, cozy melancholic mood, side or three-quarter view, game background for a narrative mobile game. small cozy bar in batumi, wooden tables, friends with beer glasses laughing, warm yellow light, rain on the window, string lights","blurry, gradient, photorealistic, 3d render, text, letters, watermark, jpeg artifacts, extra fingers, face close-up",none
batumi_beach.png,1,"pixel art scene, 180x135, limited palette (Endesga 32), clean 1px outlines, no anti-aliasing, no text, cozy melancholic mood, side or three-quarter view, game background for a narrative mobile game. pebble beach in batumi, father and small boy throwing flat stones into the black sea, skipping stone ripples, mountains and high-rise towers in the background, evening light, peaceful and tender","blurry, gradient, photorealistic, 3d render, text, letters, watermark, jpeg artifacts, extra fingers, face close-up",none
batumi_boulevard.png,1,"pixel art scene, 180x135, limited palette (Endesga 32), clean 1px outlines, no anti-aliasing, no text, cozy melancholic mood, side or three-quarter view, game background for a narrative mobile game. batumi seaside boulevard with palm trees, the moving metal statues of ali and nino in the distance, a toddler on his father's shoulders, lanterns, sunset over the sea","blurry, gradient, photorealistic, 3d render, text, letters, watermark, jpeg artifacts, extra fingers, face close-up",none
batumi_cafe.png,1,"pixel art scene, 180x135, limited palette (Endesga 32), clean 1px outlines, no anti-aliasing, no text, cozy melancholic mood, side or three-quarter view, game background for a narrative mobile game. georgian cafe table with a boat-shaped adjarian khachapuri with egg and butter, a small boy eating only the crust, father's hand with a fork, warm light","blurry, gradient, photorealistic, 3d render, text, letters, watermark, jpeg artifacts, extra fingers, face close-up",none
batumi_flat.png,1,"pixel art scene, 180x135, limited palette (Endesga 32), clean 1px outlines, no anti-aliasing, no text, cozy melancholic mood, side or three-quarter view, game background for a narrative mobile game. high-rise apartment in batumi, big balcony window with the black sea filling the whole view, sparse rented furniture, a toy railway on the floor, a boy on the balcony waving at the sea, soft grey-green sea light","blurry, gradient, photorealistic, 3d render, text, letters, watermark, jpeg artifacts, extra fingers, face close-up",none
batumi_kindergarten.png,1,"pixel art scene, 180x135, limited palette (Endesga 32), clean 1px outlines, no anti-aliasing, no text, cozy melancholic mood, side or three-quarter view, game background for a narrative mobile game. kindergarten gate in batumi, colorful fence, a teacher holding hands with children, a small boy walking in without looking back, father standing outside the gate, morning","blurry, gradient, photorealistic, 3d render, text, letters, watermark, jpeg artifacts, extra fingers, face close-up",none
batumi_rain.png,1,"pixel art scene, 180x135, limited palette (Endesga 32), clean 1px outlines, no anti-aliasing, no text, cozy melancholic mood, side or three-quarter view, game background for a narrative mobile game. batumi in heavy rain seen from a high balcony, grey sea merging with the sky, a child's drawing of a sunny sea taped to the window glass, cozy inside, gloomy outside","blurry, gradient, photorealistic, 3d render, text, letters, watermark, jpeg artifacts, extra fingers, face close-up",none
batumi_street.png,1,"pixel art scene, 180x135, limited palette (Endesga 32), clean 1px outlines, no anti-aliasing, no text, cozy melancholic mood, side or three-quarter view, game background for a narrative mobile game. batumi street with a mix of old houses and glass towers, used cars parked along the road, wet asphalt, neon signs (unreadable), a car market vibe, cloudy sky","blurry, gradient, photorealistic, 3d render, text, letters, watermark, jpeg artifacts, extra fingers, face close-up",none
batumi_supermarket.png,1,"pixel art scene, 180x135, limited palette (Endesga 32), clean 1px outlines, no anti-aliasing, no text, cozy melancholic mood, side or three-quarter view, game background for a narrative mobile game. georgian supermarket shelf full of buckwheat packs, a man in a hoodie staring at it, ironic mood","blurry, gradient, photorealistic, 3d render, text, letters, watermark, jpeg artifacts, extra fingers, face close-up",none
border.png,1,"pixel art scene, 180x135, limited palette (Endesga 32), clean 1px outlines, no anti-aliasing, no text, cozy melancholic mood, side or three-quarter view, game background for a narrative mobile game. passport control booth seen from traveler's point of view, border officer behind glass looking at a passport, stamp in hand, harsh fluorescent light, tense","blurry, gradient, photorealistic, 3d render, text, letters, watermark, jpeg artifacts, extra fingers, face close-up",none
car.png,1,"pixel art scene, 180x135, limited palette (Endesga 32), clean 1px outlines, no anti-aliasing, no text, cozy melancholic mood, side or three-quarter view, game background for a narrative mobile game. small rental car on a winding mountain road in georgia, green mountains, low clouds, view from behind the car, a toddler asleep in a child seat visible through the rear window, early spring, calm road-trip mood","blurry, gradient, photorealistic, 3d render, text, letters, watermark, jpeg artifacts, extra fingers, face close-up",none
car_dealer.png,1,"pixel art scene, 180x135, limited palette (Endesga 32), clean 1px outlines, no anti-aliasing, no text, cozy melancholic mood, side or three-quarter view, game background for a narrative mobile game. car dealership showroom, shiny dark bmw under spotlights, salesman with a contract, father looking tempted and guilty, comic","blurry, gradient, photorealistic, 3d render, text, letters, watermark, jpeg artifacts, extra fingers, face close-up",none
clinic.png,1,"pixel art scene, 180x135, limited palette (Endesga 32), clean 1px outlines, no anti-aliasing, no text, cozy melancholic mood, side or three-quarter view, game background for a narrative mobile game. small private clinic reception in lisbon, white walls, azulejo tile strip, receptionist, patient with a scarf holding a throat, calm","blurry, gradient, photorealistic, 3d render, text, letters, watermark, jpeg artifacts, extra fingers, face close-up",none
ctt_post.png,1,"pixel art scene, 180x135, limited palette (Endesga 32), clean 1px outlines, no anti-aliasing, no text, cozy melancholic mood, side or three-quarter view, game background for a narrative mobile game. portuguese post office counter with a red ""CTT"" sign, parcels on shelves, a box wrapped in tape with russian stickers, clerk behind the counter, sunny window","blurry, gradient, photorealistic, 3d render, text, letters, watermark, jpeg artifacts, extra fingers, face close-up",none
exchange.png,1,"pixel art scene, 180x135, limited palette (Endesga 32), clean 1px outlines, no anti-aliasing, no text, cozy melancholic mood, side or three-quarter view, game background for a narrative mobile game. currency exchange booth near a metro entrance, glowing rate board with unreadable digits, queue of people in dark coats, one person in a hoodie seen from behind, cold evening, neon green digits","blurry, gradient, photorealistic, 3d render, text, letters, watermark, jpeg artifacts, extra fingers, face close-up",none
figueira_beach.png,1,"pixel art scene, 180x135, limited palette (Endesga 32), clean 1px outlines, no anti-aliasing, no text, cozy melancholic mood, side or three-quarter view, game background for a narrative mobile game. extremely wide empty sandy beach of figueira da foz, atlantic waves far away, a small boy running toward the ocean, seagulls, off-season grey-blue light, vast and quiet","blurry, gradient, photorealistic, 3d render, text, letters, watermark, jpeg artifacts, extra fingers, face close-up",none
figueira_flat_party.png,1,"pixel art scene, 180x135, limited palette (Endesga 32), clean 1px outlines, no anti-aliasing, no text, cozy melancholic mood, side or three-quarter view, game background for a narrative mobile game. small apartment new year's eve, laptop on the table showing a video call with grandmother and relatives, champagne glasses, a bowl of twelve grapes, friends in party hats, a boy in pajamas, fairy lights, cozy and bittersweet","blurry, gradient, photorealistic, 3d render, text, letters, watermark, jpeg artifacts, extra fingers, face close-up",none
figueira_lake.png,1,"pixel art scene, 180x135, limited palette (Endesga 32), clean 1px outlines, no anti-aliasing, no text, cozy melancholic mood, side or three-quarter view, game background for a narrative mobile game. small calm lake among pine trees near figueira da foz, picnic area with stone barbecue grills, smoke rising, a few families at wooden tables, children running in a pack, warm late afternoon light","blurry, gradient, photorealistic, 3d render, text, letters, watermark, jpeg artifacts, extra fingers, face close-up",none
figueira_school.png,1,"pixel art scene, 180x135, limited palette (Endesga 32), clean 1px outlines, no anti-aliasing, no text, cozy melancholic mood, side or three-quarter view, game background for a narrative mobile game. small portuguese public school yard, kids in hoodies, a teacher at the gate, a boy with a backpack holding his father's hand, azulejo wall with a school emblem (no text), morning","blurry, gradient, photorealistic, 3d render, text, letters, watermark, jpeg artifacts, extra fingers, face close-up",none
figueira_street.png,1,"pixel art scene, 180x135, limited palette (Endesga 32), clean 1px outlines, no anti-aliasing, no text, cozy melancholic mood, side or three-quarter view, game background for a narrative mobile game. small portuguese seaside town street, white houses with blue azulejo trim, an old 15-year-old hatchback car parked, a bus stop, palm tree, windy afternoon","blurry, gradient, photorealistic, 3d render, text, letters, watermark, jpeg artifacts, extra fingers, face close-up",none
financas.png,1,"pixel art scene, 180x135, limited palette (Endesga 32), clean 1px outlines, no anti-aliasing, no text, cozy melancholic mood, side or three-quarter view, game background for a narrative mobile game. portuguese tax office waiting room, ticket number screen, long rows of chairs, people waiting with papers, tired clerk at a desk, greenish fluorescent light, bureaucratic comedy","blurry, gradient, photorealistic, 3d render, text, letters, watermark, jpeg artifacts, extra fingers, face close-up",none
flat.png,1,"pixel art scene, 180x135, limited palette (Endesga 32), clean 1px outlines, no anti-aliasing, no text, cozy melancholic mood, side or three-quarter view, game background for a narrative mobile game. small rented lisbon apartment room, mattress with a thin blanket, laptop on a box used as a table, a few books on a shelf, black mold spot in the corner of the ceiling, window with terracotta rooftops, evening, lived-in but temporary feeling","blurry, gradient, photorealistic, 3d render, text, letters, watermark, jpeg artifacts, extra fingers, face close-up",none
flat_cold.png,1,"pixel art scene, 180x135, limited palette (Endesga 32), clean 1px outlines, no anti-aliasing, no text, cozy melancholic mood, side or three-quarter view, game background for a narrative mobile game. same small lisbon apartment at night, cold blue tint, figure wrapped in a blanket and a winter jacket sitting on the mattress, visible breath vapor, a small electric heater glowing orange","blurry, gradient, photorealistic, 3d render, text, letters, watermark, jpeg artifacts, extra fingers, face close-up",none
flat_viewing.png,1,"pixel art scene, 180x135, limited palette (Endesga 32), clean 1px outlines, no anti-aliasing, no text, cozy melancholic mood, side or three-quarter view, game background for a narrative mobile game. empty small lisbon apartment with a window facing a blank wall, real estate agent holding keys, visible mold stain in the ceiling corner, old tiles, bare lightbulb, ironic mood","blurry, gradient, photorealistic, 3d render, text, letters, watermark, jpeg artifacts, extra fingers, face close-up",none
friends_kitchen.png,1,"pixel art scene, 180x135, limited palette (Endesga 32), clean 1px outlines, no anti-aliasing, no text, cozy melancholic mood, side or three-quarter view, game background for a narrative mobile game. crowded small kitchen at night, silhouettes of friends around a table with wine bottles and snacks, cigarette smoke near the window, fairy lights, warm but tired atmosphere","blurry, gradient, photorealistic, 3d render, text, letters, watermark, jpeg artifacts, extra fingers, face close-up",none
hospital.png,1,"pixel art scene, 180x135, limited palette (Endesga 32), clean 1px outlines, no anti-aliasing, no text, cozy melancholic mood, side or three-quarter view, game background for a narrative mobile game. portuguese hospital emergency waiting room at night, number screen, tired parents with a sleeping child on a plastic chair, vending machine glow, quiet fluorescent light","blurry, gradient, photorealistic, 3d render, text, letters, watermark, jpeg artifacts, extra fingers, face close-up",none
kitchen_mom.png,1,"pixel art scene, 180x135, limited palette (Endesga 32), clean 1px outlines, no anti-aliasing, no text, cozy melancholic mood, side or three-quarter view, game background for a narrative mobile game. cozy small russian kitchen, table covered with too much food (salads, pies, olivier salad bowl), oilcloth tablecloth, mother figure seen from behind standing at the stove, steam, window with dark winter evening, warm yellow lamp inside, cold blue outside","blurry, gradient, photorealistic, 3d render, text, letters, watermark, jpeg artifacts, extra fingers, face close-up",none
lawyer.png,1,"pixel art scene, 180x135, limited palette (Endesga 32), clean 1px outlines, no anti-aliasing, no text, cozy melancholic mood, side or three-quarter view, game background for a narrative mobile game. small immigration lawyer office, stacks of folders, a lawyer in glasses explaining something with a pen, a couple across the desk looking confused, portuguese flag in the corner","blurry, gradient, photorealistic, 3d render, text, letters, watermark, jpeg artifacts, extra fingers, face close-up",none
legoland.png,1,"pixel art scene, 180x135, limited palette (Endesga 32), clean 1px outlines, no anti-aliasing, no text, cozy melancholic mood, side or three-quarter view, game background for a narrative mobile game. colorful theme park made of giant toy bricks, father and small boy on a roller coaster with hands up, bright summer day, pure joy","blurry, gradient, photorealistic, 3d render, text, letters, watermark, jpeg artifacts, extra fingers, face close-up",none
lisbon_flat_keys.png,1,"pixel art scene, 180x135, limited palette (Endesga 32), clean 1px outlines, no anti-aliasing, no text, cozy melancholic mood, side or three-quarter view, game background for a narrative mobile game. empty lisbon apartment at dusk, small window with a glimpse of the river, family of four sitting on the floor seen from behind: father, mother with a baby, a boy; on the floor a flat stone, a grey plush cat toy, an old banknote and a pizza box, keys in the father's hand, warm and quiet","blurry, gradient, photorealistic, 3d render, text, letters, watermark, jpeg artifacts, extra fingers, face close-up",none
lisbon_street.png,1,"pixel art scene, 180x135, limited palette (Endesga 32), clean 1px outlines, no anti-aliasing, no text, cozy melancholic mood, side or three-quarter view, game background for a narrative mobile game. steep lisbon street with a yellow tram, colorful tiled facades, a family of three with two suitcases and three backpacks climbing uphill, sunny, slightly comic","blurry, gradient, photorealistic, 3d render, text, letters, watermark, jpeg artifacts, extra fingers, face close-up",none
malaga_beach.png,1,"pixel art scene, 180x135, limited palette (Endesga 32), clean 1px outlines, no anti-aliasing, no text, cozy melancholic mood, side or three-quarter view, game background for a narrative mobile game. warm mediterranean beach in malaga, white hillside town behind, turquoise calm sea, a family with grandparents under a striped umbrella, a boy in armbands running into the water, bright midday sun","blurry, gradient, photorealistic, 3d render, text, letters, watermark, jpeg artifacts, extra fingers, face close-up",none
ocean.png,1,"pixel art scene, 180x135, limited palette (Endesga 32), clean 1px outlines, no anti-aliasing, no text, cozy melancholic mood, side or three-quarter view, game background for a narrative mobile game. atlantic ocean coast with rocks, figure sitting alone on a rock seen from behind looking at the horizon, big waves, overcast soft light, melancholic and vast","blurry, gradient, photorealistic, 3d render, text, letters, watermark, jpeg artifacts, extra fingers, face close-up",none
ocean_sunset.png,1,"pixel art scene, 180x135, limited palette (Endesga 32), clean 1px outlines, no anti-aliasing, no text, cozy melancholic mood, side or three-quarter view, game background for a narrative mobile game. wide atlantic beach at sunset, family of three (father, mother, small boy) sitting on the sand seen from behind, orange and pink sky, calm waves, feeling of quiet hope","blurry, gradient, photorealistic, 3d render, text, letters, watermark, jpeg artifacts, extra fingers, face close-up",none
oeiras_beach.png,1,"pixel art scene, 180x135, limited palette (Endesga 32), clean 1px outlines, no anti-aliasing, no text, cozy melancholic mood, side or three-quarter view, game background for a narrative mobile game. beach near lisbon at sunset, group of friends with children around a picnic blanket, families from different countries, warm and nostalgic","blurry, gradient, photorealistic, 3d render, text, letters, watermark, jpeg artifacts, extra fingers, face close-up",none
oeiras_flat.png,1,"pixel art scene, 180x135, limited palette (Endesga 32), clean 1px outlines, no anti-aliasing, no text, cozy melancholic mood, side or three-quarter view, game background for a narrative mobile game. modern rented apartment near lisbon, baby crib next to a desk with a laptop, a pregnancy test on the bathroom shelf in the background, warm evening light","blurry, gradient, photorealistic, 3d render, text, letters, watermark, jpeg artifacts, extra fingers, face close-up",none
oeiras_school.png,1,"pixel art scene, 180x135, limited palette (Endesga 32), clean 1px outlines, no anti-aliasing, no text, cozy melancholic mood, side or three-quarter view, game background for a narrative mobile game. modern bilingual school yard, kids from many countries in uniforms, a boy laughing with friends, flags of different countries on a wall (no text), bright morning","blurry, gradient, photorealistic, 3d render, text, letters, watermark, jpeg artifacts, extra fingers, face close-up",none
oeiras_street.png,1,"pixel art scene, 180x135, limited palette (Endesga 32), clean 1px outlines, no anti-aliasing, no text, cozy melancholic mood, side or three-quarter view, game background for a narrative mobile game. oeiras seaside promenade near lisbon, white modern buildings, palm trees, atlantic ocean, a dark bmw parked, evening traffic toward lisbon, golden light","blurry, gradient, photorealistic, 3d render, text, letters, watermark, jpeg artifacts, extra fingers, face close-up",none
office.png,1,"pixel art scene, 180x135, limited palette (Endesga 32), clean 1px outlines, no anti-aliasing, no text, cozy melancholic mood, side or three-quarter view, game background for a narrative mobile game. open-space office in moscow at evening, empty desks, a laptop handed over at a reception desk, glass walls, city lights outside, cold neon light, a feeling of leaving quietly","blurry, gradient, photorealistic, 3d render, text, letters, watermark, jpeg artifacts, extra fingers, face close-up",none
padel.png,1,"pixel art scene, 180x135, limited palette (Endesga 32), clean 1px outlines, no anti-aliasing, no text, cozy melancholic mood, side or three-quarter view, game background for a narrative mobile game. outdoor padel court with glass walls, woman holding a racket and her nose in surprise, man laughing and running to help, sunny afternoon, comic moment","blurry, gradient, photorealistic, 3d render, text, letters, watermark, jpeg artifacts, extra fingers, face close-up",none
paris.png,1,"pixel art scene, 180x135, limited palette (Endesga 32), clean 1px outlines, no anti-aliasing, no text, cozy melancholic mood, side or three-quarter view, game background for a narrative mobile game. paris seine embankment at golden hour, eiffel tower in the distance, a man in his 30s walking arm in arm with his elderly mother seen from behind, bookstalls along the river, soft warm light, tender and quiet","blurry, gradient, photorealistic, 3d render, text, letters, watermark, jpeg artifacts, extra fingers, face close-up",none
pastelaria.png,1,"pixel art scene, 180x135, limited palette (Endesga 32), clean 1px outlines, no anti-aliasing, no text, cozy melancholic mood, side or three-quarter view, game background for a narrative mobile game. traditional portuguese pastry shop counter, trays of pastel de nata, espresso cups, glass display, azulejo walls, warm golden morning light, happy mood","blurry, gradient, photorealistic, 3d render, text, letters, watermark, jpeg artifacts, extra fingers, face close-up",none
phone.png,1,"pixel art scene, 180x135, limited palette (Endesga 32), clean 1px outlines, no anti-aliasing, no text, cozy melancholic mood, side or three-quarter view, game background for a narrative mobile game. close-up of a smartphone held in a hand, screen glowing with an abstract notification (no readable text), blurred room background, pixel art UI icons on screen","blurry, gradient, photorealistic, 3d render, text, letters, watermark, jpeg artifacts, extra fingers, face close-up",none
phone_chat.png,1,"pixel art scene, 180x135, limited palette (Endesga 32), clean 1px outlines, no anti-aliasing, no text, cozy melancholic mood, side or three-quarter view, game background for a narrative mobile game. smartphone screen showing a busy group chat with many message bubbles and cat stickers (no readable text), hand holding the phone, night lighting","blurry, gradient, photorealistic, 3d render, text, letters, watermark, jpeg artifacts, extra fingers, face close-up",none
phone_video.png,1,"pixel art scene, 180x135, limited palette (Endesga 32), clean 1px outlines, no anti-aliasing, no text, cozy melancholic mood, side or three-quarter view, game background for a narrative mobile game. smartphone in hand during a video call, mother's face on the screen in a warm kitchen, background of the caller's cold lisbon room, emotional contrast warm screen vs cold room","blurry, gradient, photorealistic, 3d render, text, letters, watermark, jpeg artifacts, extra fingers, face close-up",none
plane.png,1,"pixel art scene, 180x135, limited palette (Endesga 32), clean 1px outlines, no anti-aliasing, no text, cozy melancholic mood, side or three-quarter view, game background for a narrative mobile game. view from an airplane window seat, clouds below, wing visible, a hand resting on the window frame, soft sunrise colors, calm and bittersweet","blurry, gradient, photorealistic, 3d render, text, letters, watermark, jpeg artifacts, extra fingers, face close-up",none
public_service_hall.png,1,"pixel art scene, 180x135, limited palette (Endesga 32), clean 1px outlines, no anti-aliasing, no text, cozy melancholic mood, side or three-quarter view, game background for a narrative mobile game. modern georgian public service hall, glass and wood, electronic queue screens, coffee corner, people with document folders, futuristic bureaucracy, bright clean light","blurry, gradient, photorealistic, 3d render, text, letters, watermark, jpeg artifacts, extra fingers, face close-up",none
room_home.png,1,"pixel art scene, 180x135, limited palette (Endesga 32), clean 1px outlines, no anti-aliasing, no text, cozy melancholic mood, side or three-quarter view, game background for a narrative mobile game. small soviet-era apartment bedroom, open suitcase on the floor surrounded by folded clothes and books, window with grey overcast sky and concrete apartment blocks outside, old carpet on the wall, cold blue-grey muted colors, evening light from a desk lamp, quiet and sad","blurry, gradient, photorealistic, 3d render, text, letters, watermark, jpeg artifacts, extra fingers, face close-up",none
stadium.png,1,"pixel art scene, 180x135, limited palette (Endesga 32), clean 1px outlines, no anti-aliasing, no text, cozy melancholic mood, side or three-quarter view, game background for a narrative mobile game. huge football stadium in green and white colors, crowd with scarves raised, father and boy in green-white striped scarves singing, floodlights, evening match","blurry, gradient, photorealistic, 3d render, text, letters, watermark, jpeg artifacts, extra fingers, face close-up",none
stairs.png,1,"pixel art scene, 180x135, limited palette (Endesga 32), clean 1px outlines, no anti-aliasing, no text, cozy melancholic mood, side or three-quarter view, game background for a narrative mobile game. old lisbon building staircase with azulejo tiles on the walls, neighbor's door open with warm light and a child peeking out, smell-lines of cooking, cozy","blurry, gradient, photorealistic, 3d render, text, letters, watermark, jpeg artifacts, extra fingers, face close-up",none
suitcase.png,1,"pixel art scene, 180x135, limited palette (Endesga 32), clean 1px outlines, no anti-aliasing, no text, cozy melancholic mood, side or three-quarter view, game background for a narrative mobile game. close-up of a large open suitcase on a floor bathroom scale, stuffed with clothes, a pack of buckwheat, toy cars scattered around, a grey plush cat toy sitting on top of the suitcase, muted cold palette, warm lamp highlight","blurry, gradient, photorealistic, 3d render, text, letters, watermark, jpeg artifacts, extra fingers, face close-up",none
supermarket.png,1,"pixel art scene, 180x135, limited palette (Endesga 32), clean 1px outlines, no anti-aliasing, no text, cozy melancholic mood, side or three-quarter view, game background for a narrative mobile game. portuguese supermarket aisle, a small ""world foods"" shelf with slavic products, person standing still looking at a small curd snack, fluorescent light, quiet loneliness","blurry, gradient, photorealistic, 3d render, text, letters, watermark, jpeg artifacts, extra fingers, face close-up",none
tbilisi_hotel.png,1,"pixel art scene, 180x135, limited palette (Endesga 32), clean 1px outlines, no anti-aliasing, no text, cozy melancholic mood, side or three-quarter view, game background for a narrative mobile game. small hotel room in tbilisi, one double bed with a laptop on it, a desk with a second laptop, a small boy with headphones watching cartoons between them, open suitcases, toy cars under the bed, window to a courtyard with old wooden balconies, warm lamp light, crowded but cozy","blurry, gradient, photorealistic, 3d render, text, letters, watermark, jpeg artifacts, extra fingers, face close-up",none
tbilisi_old_town.png,1,"pixel art scene, 180x135, limited palette (Endesga 32), clean 1px outlines, no anti-aliasing, no text, cozy melancholic mood, side or three-quarter view, game background for a narrative mobile game. tbilisi old town at dusk, colorful carved wooden balconies, steep cobblestone street, sulfur bath domes, narikala fortress on the hill, father carrying a small boy on his shoulders seen from behind, warm lights","blurry, gradient, photorealistic, 3d render, text, letters, watermark, jpeg artifacts, extra fingers, face close-up",none
transit.png,1,"pixel art scene, 180x135, limited palette (Endesga 32), clean 1px outlines, no anti-aliasing, no text, cozy melancholic mood, side or three-quarter view, game background for a narrative mobile game. huge transit airport terminal at night, people sleeping on benches with backpacks, a simit bread stall, big glass windows with airplanes outside, warm artificial light, liminal space feeling","blurry, gradient, photorealistic, 3d render, text, letters, watermark, jpeg artifacts, extra fingers, face close-up",none
intro.png,2,"pixel art scene, 180x135, limited palette (Endesga 32), clean 1px outlines, no anti-aliasing, no text, cozy melancholic mood, side or three-quarter view, game background for a narrative mobile game. Moment: late february night in a small saint petersburg rental flat, a man and a woman sit at a kitchen table lit only by two laptop screens, phones face down, snow falling past the dark window. Usual place, adapt if the moment says otherwise: small soviet-era apartment bedroom, open suitcase on the floor surrounded by folded clothes and books, window with grey overcast sky and concrete apartment blocks outside, old carpet on the wall, cold blue-grey muted colors, evening light from a desk lamp, quiet and sad.","blurry, gradient, photorealistic, 3d render, text, letters, watermark, jpeg artifacts, extra fingers, face close-up",snow
call_dad.png,2,"pixel art scene, 180x135, limited palette (Endesga 32), clean 1px outlines, no anti-aliasing, no text, cozy melancholic mood, side or three-quarter view, game background for a narrative mobile game. Moment: close view of a smartphone on a kitchen table showing an outgoing call to 'dad', a cold cup of tea beside it, blue winter dusk through the window. Usual place, adapt if the moment says otherwise: close-up of a smartphone held in a hand, screen glowing with an abstract notification (no readable text), blurred room background, pixel art UI icons on screen.","blurry, gradient, photorealistic, 3d render, text, letters, watermark, jpeg artifacts, extra fingers, face close-up",none
dep_russa.png,2,"pixel art scene, 180x135, limited palette (Endesga 32), clean 1px outlines, no anti-aliasing, no text, cozy melancholic mood, side or three-quarter view, game background for a narrative mobile game. Moment: a small wooden house kitchen in an old russian town, a tiny grandmother pushing an envelope into the man's coat pocket, a toddler in her arms. Usual place, adapt if the moment says otherwise: cozy small russian kitchen, table covered with too much food (salads, pies, olivier salad bowl), oilcloth tablecloth, mother figure seen from behind standing at the stove, steam, window with dark winter evening, warm yellow lamp inside, cold blue outside. a steaming cup or pot near the center of the frame.","blurry, gradient, photorealistic, 3d render, text, letters, watermark, jpeg artifacts, extra fingers, face close-up",steam
dep_kid_question.png,2,"pixel art scene, 180x135, limited palette (Endesga 32), clean 1px outlines, no anti-aliasing, no text, cozy melancholic mood, side or three-quarter view, game background for a narrative mobile game. Moment: a toddler walking alone between bags and boxes in a half-empty flat, holding the grey plush cat. Usual place, adapt if the moment says otherwise: small soviet-era apartment bedroom, open suitcase on the floor surrounded by folded clothes and books, window with grey overcast sky and concrete apartment blocks outside, old carpet on the wall, cold blue-grey muted colors, evening light from a desk lamp, quiet and sad.","blurry, gradient, photorealistic, 3d render, text, letters, watermark, jpeg artifacts, extra fingers, face close-up",dust
dep_border.png,2,"pixel art scene, 180x135, limited palette (Endesga 32), clean 1px outlines, no anti-aliasing, no text, cozy melancholic mood, side or three-quarter view, game background for a narrative mobile game. Moment: passport control booth at night, an officer behind glass, the man with a sleeping toddler on his shoulder and many bags. Usual place, adapt if the moment says otherwise: passport control booth seen from traveler's point of view, border officer behind glass looking at a passport, stamp in hand, harsh fluorescent light, tense.","blurry, gradient, photorealistic, 3d render, text, letters, watermark, jpeg artifacts, extra fingers, face close-up",none
dep_plane.png,2,"pixel art scene, 180x135, limited palette (Endesga 32), clean 1px outlines, no anti-aliasing, no text, cozy melancholic mood, side or three-quarter view, game background for a narrative mobile game. Moment: inside a charter plane at night, a toddler asleep on the man's chest, the woman looking out of the window. Usual place, adapt if the moment says otherwise: view from an airplane window seat, clouds below, wing visible, a hand resting on the window frame, soft sunrise colors, calm and bittersweet. keep dark night sky in the upper part of the frame.","blurry, gradient, photorealistic, 3d render, text, letters, watermark, jpeg artifacts, extra fingers, face close-up",stars
tb_border.png,2,"pixel art scene, 180x135, limited palette (Endesga 32), clean 1px outlines, no anti-aliasing, no text, cozy melancholic mood, side or three-quarter view, game background for a narrative mobile game. Moment: tbilisi airport passport control at dawn, a kind georgian officer leaning out of his booth smiling at a sleepy toddler. Usual place, adapt if the moment says otherwise: passport control booth seen from traveler's point of view, border officer behind glass looking at a passport, stamp in hand, harsh fluorescent light, tense.","blurry, gradient, photorealistic, 3d render, text, letters, watermark, jpeg artifacts, extra fingers, face close-up",none
tb_signagi.png,2,"pixel art scene, 180x135, limited palette (Endesga 32), clean 1px outlines, no anti-aliasing, no text, cozy melancholic mood, side or three-quarter view, game background for a narrative mobile game. Moment: a wedding photo on a phone: a young couple on the old city wall of sighnaghi with the alazani valley behind them. Usual place, adapt if the moment says otherwise: tbilisi old town at dusk, colorful carved wooden balconies, steep cobblestone street, sulfur bath domes, narikala fortress on the hill, father carrying a small boy on his shoulders seen from behind, warm lights.","blurry, gradient, photorealistic, 3d render, text, letters, watermark, jpeg artifacts, extra fingers, face close-up",none
tb_trip.png,2,"pixel art scene, 180x135, limited palette (Endesga 32), clean 1px outlines, no anti-aliasing, no text, cozy melancholic mood, side or three-quarter view, game background for a narrative mobile game. Moment: a rental car on a mountain pass road between tbilisi and batumi, green hills, a toddler asleep in the back seat. Usual place, adapt if the moment says otherwise: small rental car on a winding mountain road in georgia, green mountains, low clouds, view from behind the car, a toddler asleep in a child seat visible through the rear window, early spring, calm road-trip mood.","blurry, gradient, photorealistic, 3d render, text, letters, watermark, jpeg artifacts, extra fingers, face close-up",none
bat_flat.png,2,"pixel art scene, 180x135, limited palette (Endesga 32), clean 1px outlines, no anti-aliasing, no text, cozy melancholic mood, side or three-quarter view, game background for a narrative mobile game. Moment: a batumi flat with armenian-style renovation: gilded moulding, a huge chandelier, the black sea through the balcony door, a toddler waving at the sea from the balcony. Usual place, adapt if the moment says otherwise: high-rise apartment in batumi, big balcony window with the black sea filling the whole view, sparse rented furniture, a toy railway on the floor, a boy on the balcony waving at the sea, soft grey-green sea light. keep water in the lower third of the frame.","blurry, gradient, photorealistic, 3d render, text, letters, watermark, jpeg artifacts, extra fingers, face close-up",sea
bat_car.png,2,"pixel art scene, 180x135, limited palette (Endesga 32), clean 1px outlines, no anti-aliasing, no text, cozy melancholic mood, side or three-quarter view, game background for a narrative mobile game. Moment: a georgian used car market under the sun, rows of cars, a red volkswagen jetta gli shining among dusty suvs. Usual place, adapt if the moment says otherwise: batumi street with a mix of old houses and glass towers, used cars parked along the road, wet asphalt, neon signs (unreadable), a car market vibe, cloudy sky.","blurry, gradient, photorealistic, 3d render, text, letters, watermark, jpeg artifacts, extra fingers, face close-up",none
bat_stones.png,2,"pixel art scene, 180x135, limited palette (Endesga 32), clean 1px outlines, no anti-aliasing, no text, cozy melancholic mood, side or three-quarter view, game background for a narrative mobile game. Moment: a pebble beach in batumi, the toddler throwing stones into the black sea, the man with a phone. Usual place, adapt if the moment says otherwise: pebble beach in batumi, father and small boy throwing flat stones into the black sea, skipping stone ripples, mountains and high-rise towers in the background, evening light, peaceful and tender. keep water in the lower third of the frame.","blurry, gradient, photorealistic, 3d render, text, letters, watermark, jpeg artifacts, extra fingers, face close-up",sea
bat_ali_nino.png,2,"pixel art scene, 180x135, limited palette (Endesga 32), clean 1px outlines, no anti-aliasing, no text, cozy melancholic mood, side or three-quarter view, game background for a narrative mobile game. Moment: the moving metal statues of ali and nino on batumi boulevard at dusk, the toddler watching with his mouth open. Usual place, adapt if the moment says otherwise: batumi seaside boulevard with palm trees, the moving metal statues of ali and nino in the distance, a toddler on his father's shoulders, lanterns, sunset over the sea. keep water in the lower third of the frame.","blurry, gradient, photorealistic, 3d render, text, letters, watermark, jpeg artifacts, extra fingers, face close-up",sea
bat_first_word.png,2,"pixel art scene, 180x135, limited palette (Endesga 32), clean 1px outlines, no anti-aliasing, no text, cozy melancholic mood, side or three-quarter view, game background for a narrative mobile game. Moment: the toddler looking up at his mother and saying his first word, the woman crying, the man filming with shaking hands. Usual place, adapt if the moment says otherwise: high-rise apartment in batumi, big balcony window with the black sea filling the whole view, sparse rented furniture, a toy railway on the floor, a boy on the balcony waving at the sea, soft grey-green sea light.","blurry, gradient, photorealistic, 3d render, text, letters, watermark, jpeg artifacts, extra fingers, face close-up",none
bat_wedding.png,2,"pixel art scene, 180x135, limited palette (Endesga 32), clean 1px outlines, no anti-aliasing, no text, cozy melancholic mood, side or three-quarter view, game background for a narrative mobile game. Moment: a russian wedding hall, the brother and bride, a tiny grandmother pressing money into the man's hand. Usual place, adapt if the moment says otherwise: view from an airplane window seat, clouds below, wing visible, a hand resting on the window frame, soft sunrise colors, calm and bittersweet. small lit windows or lamps scattered in the upper two thirds.","blurry, gradient, photorealistic, 3d render, text, letters, watermark, jpeg artifacts, extra fingers, face close-up",lights
bat_brother_border.png,2,"pixel art scene, 180x135, limited palette (Endesga 32), clean 1px outlines, no anti-aliasing, no text, cozy melancholic mood, side or three-quarter view, game background for a narrative mobile game. Moment: a long queue of cars at a mountain border at night, people cold by the roadside, the man waiting in his car. Usual place, adapt if the moment says otherwise: small rental car on a winding mountain road in georgia, green mountains, low clouds, view from behind the car, a toddler asleep in a child seat visible through the rear window, early spring, calm road-trip mood. keep dark night sky in the upper part of the frame.","blurry, gradient, photorealistic, 3d render, text, letters, watermark, jpeg artifacts, extra fingers, face close-up",stars
bat_brother_leaves.png,2,"pixel art scene, 180x135, limited palette (Endesga 32), clean 1px outlines, no anti-aliasing, no text, cozy melancholic mood, side or three-quarter view, game background for a narrative mobile game. Moment: december on batumi boulevard, the toddler giving his uncle his best stone. Usual place, adapt if the moment says otherwise: batumi seaside boulevard with palm trees, the moving metal statues of ali and nino in the distance, a toddler on his father's shoulders, lanterns, sunset over the sea. keep water in the lower third of the frame.","blurry, gradient, photorealistic, 3d render, text, letters, watermark, jpeg artifacts, extra fingers, face close-up",sea
bat_last_stones.png,2,"pixel art scene, 180x135, limited palette (Endesga 32), clean 1px outlines, no anti-aliasing, no text, cozy melancholic mood, side or three-quarter view, game background for a narrative mobile game. Moment: the last evening on the pebble beach, the boy pressing a stone to his chest. Usual place, adapt if the moment says otherwise: pebble beach in batumi, father and small boy throwing flat stones into the black sea, skipping stone ripples, mountains and high-rise towers in the background, evening light, peaceful and tender. keep water in the lower third of the frame.","blurry, gradient, photorealistic, 3d render, text, letters, watermark, jpeg artifacts, extra fingers, face close-up",sea
fig_arrive.png,2,"pixel art scene, 180x135, limited palette (Endesga 32), clean 1px outlines, no anti-aliasing, no text, cozy melancholic mood, side or three-quarter view, game background for a narrative mobile game. Moment: figueira da foz off-season: an extremely wide empty beach, wind, seagulls, a lone fisherman. Usual place, adapt if the moment says otherwise: extremely wide empty sandy beach of figueira da foz, atlantic waves far away, a small boy running toward the ocean, seagulls, off-season grey-blue light, vast and quiet. keep open sky in the upper part of the frame.","blurry, gradient, photorealistic, 3d render, text, letters, watermark, jpeg artifacts, extra fingers, face close-up",gulls
fig_stone.png,2,"pixel art scene, 180x135, limited palette (Endesga 32), clean 1px outlines, no anti-aliasing, no text, cozy melancholic mood, side or three-quarter view, game background for a narrative mobile game. Moment: on the wide sand beach the boy holding the batumi stone up to the ocean. Usual place, adapt if the moment says otherwise: extremely wide empty sandy beach of figueira da foz, atlantic waves far away, a small boy running toward the ocean, seagulls, off-season grey-blue light, vast and quiet. keep water in the lower third of the frame.","blurry, gradient, photorealistic, 3d render, text, letters, watermark, jpeg artifacts, extra fingers, face close-up",sea
fig_sardines.png,2,"pixel art scene, 180x135, limited palette (Endesga 32), clean 1px outlines, no anti-aliasing, no text, cozy melancholic mood, side or three-quarter view, game background for a narrative mobile game. Moment: são joão festival in figueira: sardines grilling, music, strings of lights, people bopping each other with plastic hammers. Usual place, adapt if the moment says otherwise: small portuguese seaside town street, white houses with blue azulejo trim, an old 15-year-old hatchback car parked, a bus stop, palm tree, windy afternoon. small lit windows or lamps scattered in the upper two thirds.","blurry, gradient, photorealistic, 3d render, text, letters, watermark, jpeg artifacts, extra fingers, face close-up",lights
fig_ocean.png,2,"pixel art scene, 180x135, limited palette (Endesga 32), clean 1px outlines, no anti-aliasing, no text, cozy melancholic mood, side or three-quarter view, game background for a narrative mobile game. Moment: the man sitting alone on wet sand facing the huge atlantic. Usual place, adapt if the moment says otherwise: atlantic ocean coast with rocks, figure sitting alone on a rock seen from behind looking at the horizon, big waves, overcast soft light, melancholic and vast. keep water in the lower third of the frame.","blurry, gradient, photorealistic, 3d render, text, letters, watermark, jpeg artifacts, extra fingers, face close-up",sea
fig_urgencia.png,2,"pixel art scene, 180x135, limited palette (Endesga 32), clean 1px outlines, no anti-aliasing, no text, cozy melancholic mood, side or three-quarter view, game background for a narrative mobile game. Moment: a portuguese hospital emergency room at night, the boy feverish in his mother's arms. Usual place, adapt if the moment says otherwise: portuguese hospital emergency waiting room at night, number screen, tired parents with a sleeping child on a plastic chair, vending machine glow, quiet fluorescent light.","blurry, gradient, photorealistic, 3d render, text, letters, watermark, jpeg artifacts, extra fingers, face close-up",none
fig_friends.png,2,"pixel art scene, 180x135, limited palette (Endesga 32), clean 1px outlines, no anti-aliasing, no text, cozy melancholic mood, side or three-quarter view, game background for a narrative mobile game. Moment: a lakeside picnic area among pine trees, barbecue grills smoking, families from the playground, kids in a pack. Usual place, adapt if the moment says otherwise: small calm lake among pine trees near figueira da foz, picnic area with stone barbecue grills, smoke rising, a few families at wooden tables, children running in a pack, warm late afternoon light. a steaming cup or pot near the center of the frame.","blurry, gradient, photorealistic, 3d render, text, letters, watermark, jpeg artifacts, extra fingers, face close-up",steam
fig_year_one.png,2,"pixel art scene, 180x135, limited palette (Endesga 32), clean 1px outlines, no anti-aliasing, no text, cozy melancholic mood, side or three-quarter view, game background for a narrative mobile game. Moment: a golden sunset over figueira beach, the family sitting on the sand. Usual place, adapt if the moment says otherwise: wide atlantic beach at sunset, family of three (father, mother, small boy) sitting on the sand seen from behind, orange and pink sky, calm waves, feeling of quiet hope. keep open sky in the upper part of the frame.","blurry, gradient, photorealistic, 3d render, text, letters, watermark, jpeg artifacts, extra fingers, face close-up",gulls
f2_card.png,2,"pixel art scene, 180x135, limited palette (Endesga 32), clean 1px outlines, no anti-aliasing, no text, cozy melancholic mood, side or three-quarter view, game background for a narrative mobile game. Moment: a ctt envelope opened on the kitchen table, the man's residence card from porto inside. Usual place, adapt if the moment says otherwise: portuguese post office counter with a red ""CTT"" sign, parcels on shelves, a box wrapped in tape with russian stickers, clerk behind the counter, sunny window.","blurry, gradient, photorealistic, 3d render, text, letters, watermark, jpeg artifacts, extra fingers, face close-up",none
f2_new_year.png,2,"pixel art scene, 180x135, limited palette (Endesga 32), clean 1px outlines, no anti-aliasing, no text, cozy melancholic mood, side or three-quarter view, game background for a narrative mobile game. Moment: new year's eve in the figueira flat: a laptop showing the family in saint petersburg with the kremlin chimes, glasses raised at 9 pm. Usual place, adapt if the moment says otherwise: small apartment new year's eve, laptop on the table showing a video call with grandmother and relatives, champagne glasses, a bowl of twelve grapes, friends in party hats, a boy in pajamas, fairy lights, cozy and bittersweet.","blurry, gradient, photorealistic, 3d render, text, letters, watermark, jpeg artifacts, extra fingers, face close-up",confetti
f2_grandma.png,2,"pixel art scene, 180x135, limited palette (Endesga 32), clean 1px outlines, no anti-aliasing, no text, cozy melancholic mood, side or three-quarter view, game background for a narrative mobile game. Moment: a short message on the man's phone, the man sitting very still by the window. Usual place, adapt if the moment says otherwise: smartphone in hand during a video call, mother's face on the screen in a warm kitchen, background of the caller's cold lisbon room, emotional contrast warm screen vs cold room.","blurry, gradient, photorealistic, 3d render, text, letters, watermark, jpeg artifacts, extra fingers, face close-up",none
f2_mom_visit.png,2,"pixel art scene, 180x135, limited palette (Endesga 32), clean 1px outlines, no anti-aliasing, no text, cozy melancholic mood, side or three-quarter view, game background for a narrative mobile game. Moment: the arrivals hall at lisbon airport, the grandmother with a suitcase full of gifts, the boy hesitating. Usual place, adapt if the moment says otherwise: airport arrivals hall in lisbon, glass doors opening, a grandmother with a big suitcase and a small boy running toward her with arms open, warm afternoon light, welcome signs, joyful and slightly teary.","blurry, gradient, photorealistic, 3d render, text, letters, watermark, jpeg artifacts, extra fingers, face close-up",none
f2_inlaws_malaga.png,2,"pixel art scene, 180x135, limited palette (Endesga 32), clean 1px outlines, no anti-aliasing, no text, cozy melancholic mood, side or three-quarter view, game background for a narrative mobile game. Moment: a warm mediterranean beach in malaga with the grandparents under an umbrella. Usual place, adapt if the moment says otherwise: warm mediterranean beach in malaga, white hillside town behind, turquoise calm sea, a family with grandparents under a striped umbrella, a boy in armbands running into the water, bright midday sun. keep water in the lower third of the frame.","blurry, gradient, photorealistic, 3d render, text, letters, watermark, jpeg artifacts, extra fingers, face close-up",sea
oei_school.png,2,"pixel art scene, 180x135, limited palette (Endesga 32), clean 1px outlines, no anti-aliasing, no text, cozy melancholic mood, side or three-quarter view, game background for a narrative mobile game. Moment: a september traffic jam on the road to lisbon, then a bilingual school yard with kids from many countries. Usual place, adapt if the moment says otherwise: modern bilingual school yard, kids from many countries in uniforms, a boy laughing with friends, flags of different countries on a wall (no text), bright morning.","blurry, gradient, photorealistic, 3d render, text, letters, watermark, jpeg artifacts, extra fingers, face close-up",none
oei_sporting.png,2,"pixel art scene, 180x135, limited palette (Endesga 32), clean 1px outlines, no anti-aliasing, no text, cozy melancholic mood, side or three-quarter view, game background for a narrative mobile game. Moment: school kids split into red benfica and green-white sporting, the boy in a sporting football kit. Usual place, adapt if the moment says otherwise: huge football stadium in green and white colors, crowd with scarves raised, father and boy in green-white striped scarves singing, floodlights, evening match.","blurry, gradient, photorealistic, 3d render, text, letters, watermark, jpeg artifacts, extra fingers, face close-up",none
oei_daughter_born.png,2,"pixel art scene, 180x135, limited palette (Endesga 32), clean 1px outlines, no anti-aliasing, no text, cozy melancholic mood, side or three-quarter view, game background for a narrative mobile game. Moment: a maternity ward in july, a newborn girl asleep, the boy holding her carefully. Usual place, adapt if the moment says otherwise: portuguese hospital emergency waiting room at night, number screen, tired parents with a sleeping child on a plastic chair, vending machine glow, quiet fluorescent light.","blurry, gradient, photorealistic, 3d render, text, letters, watermark, jpeg artifacts, extra fingers, face close-up",none
oei_legoland.png,2,"pixel art scene, 180x135, limited palette (Endesga 32), clean 1px outlines, no anti-aliasing, no text, cozy melancholic mood, side or three-quarter view, game background for a narrative mobile game. Moment: copenhagen harbour with colourful houses, father and son with backpacks. Usual place, adapt if the moment says otherwise: colorful theme park made of giant toy bricks, father and small boy on a roller coaster with hands up, bright summer day, pure joy. keep open sky in the upper part of the frame.","blurry, gradient, photorealistic, 3d render, text, letters, watermark, jpeg artifacts, extra fingers, face close-up",gulls
oei_father.png,2,"pixel art scene, 180x135, limited palette (Endesga 32), clean 1px outlines, no anti-aliasing, no text, cozy melancholic mood, side or three-quarter view, game background for a narrative mobile game. Moment: 8 am, the man in the kitchen with the phone, his mother's name on the screen. Usual place, adapt if the moment says otherwise: close-up of a smartphone held in a hand, screen glowing with an abstract notification (no readable text), blurred room background, pixel art UI icons on screen.","blurry, gradient, photorealistic, 3d render, text, letters, watermark, jpeg artifacts, extra fingers, face close-up",none
oei_father_trip.png,2,"pixel art scene, 180x135, limited palette (Endesga 32), clean 1px outlines, no anti-aliasing, no text, cozy melancholic mood, side or three-quarter view, game background for a narrative mobile game. Moment: the brothers driving north from saint petersburg to karelia, snow at the end of may along the road. Usual place, adapt if the moment says otherwise: small rental car on a winding mountain road in georgia, green mountains, low clouds, view from behind the car, a toddler asleep in a child seat visible through the rear window, early spring, calm road-trip mood.","blurry, gradient, photorealistic, 3d render, text, letters, watermark, jpeg artifacts, extra fingers, face close-up",snow
oei_father_back.png,2,"pixel art scene, 180x135, limited palette (Endesga 32), clean 1px outlines, no anti-aliasing, no text, cozy melancholic mood, side or three-quarter view, game background for a narrative mobile game. Moment: a plane window over clouds, the man wearing his father's sweatshirt. Usual place, adapt if the moment says otherwise: view from an airplane window seat, clouds below, wing visible, a hand resting on the window frame, soft sunrise colors, calm and bittersweet.","blurry, gradient, photorealistic, 3d render, text, letters, watermark, jpeg artifacts, extra fingers, face close-up",none
oei_mom_paris.png,2,"pixel art scene, 180x135, limited palette (Endesga 32), clean 1px outlines, no anti-aliasing, no text, cozy melancholic mood, side or three-quarter view, game background for a narrative mobile game. Moment: paris on a bridge over the seine, the man and his mother arm in arm, the eiffel tower in the distance. Usual place, adapt if the moment says otherwise: paris seine embankment at golden hour, eiffel tower in the distance, a man in his 30s walking arm in arm with his elderly mother seen from behind, bookstalls along the river, soft warm light, tender and quiet.","blurry, gradient, photorealistic, 3d render, text, letters, watermark, jpeg artifacts, extra fingers, face close-up",none
oei_final.png,2,"pixel art scene, 180x135, limited palette (Endesga 32), clean 1px outlines, no anti-aliasing, no text, cozy melancholic mood, side or three-quarter view, game background for a narrative mobile game. Moment: a lisbon flat with keys on the floor: third floor, small kitchen, a slice of the river tagus in the window. Usual place, adapt if the moment says otherwise: empty lisbon apartment at dusk, small window with a glimpse of the river, family of four sitting on the floor seen from behind: father, mother with a baby, a boy; on the floor a flat stone, a grey plush cat toy, an old banknote and a pizza box, keys in the father's hand, warm and quiet.","blurry, gradient, photorealistic, 3d render, text, letters, watermark, jpeg artifacts, extra fingers, face close-up",none
final_museum.png,2,"pixel art scene, 180x135, limited palette (Endesga 32), clean 1px outlines, no anti-aliasing, no text, cozy melancholic mood, side or three-quarter view, game background for a narrative mobile game. Moment: an empty new flat in the evening: the grandmother's banknote, the batumi stone, the photo album and the grey plush cat laid out in a row on the floor. Usual place, adapt if the moment says otherwise: empty lisbon apartment at dusk, small window with a glimpse of the river, family of four sitting on the floor seen from behind: father, mother with a baby, a boy; on the floor a flat stone, a grey plush cat toy, an old banknote and a pizza box, keys in the father's hand, warm and quiet.","blurry, gradient, photorealistic, 3d render, text, letters, watermark, jpeg artifacts, extra fingers, face close-up",dust
final_two_homes.png,2,"pixel art scene, 180x135, limited palette (Endesga 32), clean 1px outlines, no anti-aliasing, no text, cozy melancholic mood, side or three-quarter view, game background for a narrative mobile game. Moment: an empty flat, the batumi stone and the grey cat on the floor, the grandmother on a video call looking at every corner. Usual place, adapt if the moment says otherwise: empty lisbon apartment at dusk, small window with a glimpse of the river, family of four sitting on the floor seen from behind: father, mother with a baby, a boy; on the floor a flat stone, a grey plush cat toy, an old banknote and a pizza box, keys in the father's hand, warm and quiet.","blurry, gradient, photorealistic, 3d render, text, letters, watermark, jpeg artifacts, extra fingers, face close-up",none
final_ours.png,2,"pixel art scene, 180x135, limited palette (Endesga 32), clean 1px outlines, no anti-aliasing, no text, cozy melancholic mood, side or three-quarter view, game background for a narrative mobile game. Moment: a neighbour bringing a pie to the empty flat, the baby asleep on a sporting scarf. Usual place, adapt if the moment says otherwise: empty lisbon apartment at dusk, small window with a glimpse of the river, family of four sitting on the floor seen from behind: father, mother with a baby, a boy; on the floor a flat stone, a grey plush cat toy, an old banknote and a pizza box, keys in the father's hand, warm and quiet.","blurry, gradient, photorealistic, 3d render, text, letters, watermark, jpeg artifacts, extra fingers, face close-up",none
final_thirty.png,2,"pixel art scene, 180x135, limited palette (Endesga 32), clean 1px outlines, no anti-aliasing, no text, cozy melancholic mood, side or three-quarter view, game background for a narrative mobile game. Moment: the family of four sitting on the floor of an empty flat eating pizza from a box. Usual place, adapt if the moment says otherwise: empty lisbon apartment at dusk, small window with a glimpse of the river, family of four sitting on the floor seen from behind: father, mother with a baby, a boy; on the floor a flat stone, a grey plush cat toy, an old banknote and a pizza box, keys in the father's hand, warm and quiet.","blurry, gradient, photorealistic, 3d render, text, letters, watermark, jpeg artifacts, extra fingers, face close-up",none
intro__1.png,3,"pixel art scene, 180x135, limited palette (Endesga 32), clean 1px outlines, no anti-aliasing, no text, cozy melancholic mood, side or three-quarter view, game background for a narrative mobile game. Moment: the man standing at the dark window holding a phone to his ear, waiting for an answer, city lights below in the snow. Usual place, adapt if the moment says otherwise: small soviet-era apartment bedroom, open suitcase on the floor surrounded by folded clothes and books, window with grey overcast sky and concrete apartment blocks outside, old carpet on the wall, cold blue-grey muted colors, evening light from a desk lamp, quiet and sad.","blurry, gradient, photorealistic, 3d render, text, letters, watermark, jpeg artifacts, extra fingers, face close-up",snow
call_dad__1.png,3,"pixel art scene, 180x135, limited palette (Endesga 32), clean 1px outlines, no anti-aliasing, no text, cozy melancholic mood, side or three-quarter view, game background for a narrative mobile game. Moment: the man sitting hunched on a stool with the phone pressed to his ear, looking at the floor, two plane tickets printed on the table. Usual place, adapt if the moment says otherwise: close-up of a smartphone held in a hand, screen glowing with an abstract notification (no readable text), blurred room background, pixel art UI icons on screen.","blurry, gradient, photorealistic, 3d render, text, letters, watermark, jpeg artifacts, extra fingers, face close-up",none
call_dad__2.png,3,"pixel art scene, 180x135, limited palette (Endesga 32), clean 1px outlines, no anti-aliasing, no text, cozy melancholic mood, side or three-quarter view, game background for a narrative mobile game. Moment: the man in the hallway with the phone, his free hand pressed to his forehead, a quiet flat behind him. Usual place, adapt if the moment says otherwise: close-up of a smartphone held in a hand, screen glowing with an abstract notification (no readable text), blurred room background, pixel art UI icons on screen.","blurry, gradient, photorealistic, 3d render, text, letters, watermark, jpeg artifacts, extra fingers, face close-up",none
call_dad__3.png,3,"pixel art scene, 180x135, limited palette (Endesga 32), clean 1px outlines, no anti-aliasing, no text, cozy melancholic mood, side or three-quarter view, game background for a narrative mobile game. Moment: the man smiling sadly into the phone, through the window a row of old soviet garages under snow. Usual place, adapt if the moment says otherwise: close-up of a smartphone held in a hand, screen glowing with an abstract notification (no readable text), blurred room background, pixel art UI icons on screen.","blurry, gradient, photorealistic, 3d render, text, letters, watermark, jpeg artifacts, extra fingers, face close-up",snow
call_inlaws.png,3,"pixel art scene, 180x135, limited palette (Endesga 32), clean 1px outlines, no anti-aliasing, no text, cozy melancholic mood, side or three-quarter view, game background for a narrative mobile game. Moment: a warm old kitchen, an older couple at the table on a video call on a tablet, the father-in-law already holding car keys. Usual place, adapt if the moment says otherwise: cozy small russian kitchen, table covered with too much food (salads, pies, olivier salad bowl), oilcloth tablecloth, mother figure seen from behind standing at the stove, steam, window with dark winter evening, warm yellow lamp inside, cold blue outside. a steaming cup or pot near the center of the frame.","blurry, gradient, photorealistic, 3d render, text, letters, watermark, jpeg artifacts, extra fingers, face close-up",steam
call_inlaws__1.png,3,"pixel art scene, 180x135, limited palette (Endesga 32), clean 1px outlines, no anti-aliasing, no text, cozy melancholic mood, side or three-quarter view, game background for a narrative mobile game. Moment: two men in a narrow hallway in an awkward hug, the older one patting the younger on the back. Usual place, adapt if the moment says otherwise: cozy small russian kitchen, table covered with too much food (salads, pies, olivier salad bowl), oilcloth tablecloth, mother figure seen from behind standing at the stove, steam, window with dark winter evening, warm yellow lamp inside, cold blue outside.","blurry, gradient, photorealistic, 3d render, text, letters, watermark, jpeg artifacts, extra fingers, face close-up",none
call_inlaws__2.png,3,"pixel art scene, 180x135, limited palette (Endesga 32), clean 1px outlines, no anti-aliasing, no text, cozy melancholic mood, side or three-quarter view, game background for a narrative mobile game. Moment: the older man walking out to a snowy yard toward an old car with a flashlight, checking the fuel. Usual place, adapt if the moment says otherwise: cozy small russian kitchen, table covered with too much food (salads, pies, olivier salad bowl), oilcloth tablecloth, mother figure seen from behind standing at the stove, steam, window with dark winter evening, warm yellow lamp inside, cold blue outside.","blurry, gradient, photorealistic, 3d render, text, letters, watermark, jpeg artifacts, extra fingers, face close-up",snow
call_inlaws__3.png,3,"pixel art scene, 180x135, limited palette (Endesga 32), clean 1px outlines, no anti-aliasing, no text, cozy melancholic mood, side or three-quarter view, game background for a narrative mobile game. Moment: the older man waving his hand dismissively in a kitchen, car keys swinging from his finger, the younger man laughing. Usual place, adapt if the moment says otherwise: cozy small russian kitchen, table covered with too much food (salads, pies, olivier salad bowl), oilcloth tablecloth, mother figure seen from behind standing at the stove, steam, window with dark winter evening, warm yellow lamp inside, cold blue outside. a steaming cup or pot near the center of the frame.","blurry, gradient, photorealistic, 3d render, text, letters, watermark, jpeg artifacts, extra fingers, face close-up",steam
pack_clothes.png,3,"pixel art scene, 180x135, limited palette (Endesga 32), clean 1px outlines, no anti-aliasing, no text, cozy melancholic mood, side or three-quarter view, game background for a narrative mobile game. Moment: two big open suitcases on the floor of a small room, piles of folded clothes for summer and winter, a bathroom scale nearby. Usual place, adapt if the moment says otherwise: close-up of a large open suitcase on a floor bathroom scale, stuffed with clothes, a pack of buckwheat, toy cars scattered around, a grey plush cat toy sitting on top of the suitcase, muted cold palette, warm lamp highlight.","blurry, gradient, photorealistic, 3d render, text, letters, watermark, jpeg artifacts, extra fingers, face close-up",dust
pack_clothes__1.png,3,"pixel art scene, 180x135, limited palette (Endesga 32), clean 1px outlines, no anti-aliasing, no text, cozy melancholic mood, side or three-quarter view, game background for a narrative mobile game. Moment: both suitcases half full, a winter jacket squeezed in on top, the scale showing a big number in illegible pixels. Usual place, adapt if the moment says otherwise: close-up of a large open suitcase on a floor bathroom scale, stuffed with clothes, a pack of buckwheat, toy cars scattered around, a grey plush cat toy sitting on top of the suitcase, muted cold palette, warm lamp highlight.","blurry, gradient, photorealistic, 3d render, text, letters, watermark, jpeg artifacts, extra fingers, face close-up",dust
pack_toys.png,3,"pixel art scene, 180x135, limited palette (Endesga 32), clean 1px outlines, no anti-aliasing, no text, cozy melancholic mood, side or three-quarter view, game background for a narrative mobile game. Moment: a floor covered with toy cars, lego bricks, picture books and a grey plush cat, an open suitcase waiting. Usual place, adapt if the moment says otherwise: close-up of a large open suitcase on a floor bathroom scale, stuffed with clothes, a pack of buckwheat, toy cars scattered around, a grey plush cat toy sitting on top of the suitcase, muted cold palette, warm lamp highlight.","blurry, gradient, photorealistic, 3d render, text, letters, watermark, jpeg artifacts, extra fingers, face close-up",dust
pack_toys__1.png,3,"pixel art scene, 180x135, limited palette (Endesga 32), clean 1px outlines, no anti-aliasing, no text, cozy melancholic mood, side or three-quarter view, game background for a narrative mobile game. Moment: a suitcase packed full of toy cars and lego, the grey plush cat sitting on top like a guard. Usual place, adapt if the moment says otherwise: close-up of a large open suitcase on a floor bathroom scale, stuffed with clothes, a pack of buckwheat, toy cars scattered around, a grey plush cat toy sitting on top of the suitcase, muted cold palette, warm lamp highlight.","blurry, gradient, photorealistic, 3d render, text, letters, watermark, jpeg artifacts, extra fingers, face close-up",dust
pack_toys__2.png,3,"pixel art scene, 180x135, limited palette (Endesga 32), clean 1px outlines, no anti-aliasing, no text, cozy melancholic mood, side or three-quarter view, game background for a narrative mobile game. Moment: a hand holding five small toy cars over the suitcase, the grey plush cat already inside. Usual place, adapt if the moment says otherwise: close-up of a large open suitcase on a floor bathroom scale, stuffed with clothes, a pack of buckwheat, toy cars scattered around, a grey plush cat toy sitting on top of the suitcase, muted cold palette, warm lamp highlight.","blurry, gradient, photorealistic, 3d render, text, letters, watermark, jpeg artifacts, extra fingers, face close-up",none
pack_toys__3.png,3,"pixel art scene, 180x135, limited palette (Endesga 32), clean 1px outlines, no anti-aliasing, no text, cozy melancholic mood, side or three-quarter view, game background for a narrative mobile game. Moment: a stack of children's books left on an empty shelf while the suitcase is zipped with toys inside. Usual place, adapt if the moment says otherwise: close-up of a large open suitcase on a floor bathroom scale, stuffed with clothes, a pack of buckwheat, toy cars scattered around, a grey plush cat toy sitting on top of the suitcase, muted cold palette, warm lamp highlight.","blurry, gradient, photorealistic, 3d render, text, letters, watermark, jpeg artifacts, extra fingers, face close-up",dust
pack_kitchen.png,3,"pixel art scene, 180x135, limited palette (Endesga 32), clean 1px outlines, no anti-aliasing, no text, cozy melancholic mood, side or three-quarter view, game background for a narrative mobile game. Moment: a small white ikea toy kitchen in the corner of a child's room, toy cars inside a toy pot, a suitcase beside it clearly too small. Usual place, adapt if the moment says otherwise: small soviet-era apartment bedroom, open suitcase on the floor surrounded by folded clothes and books, window with grey overcast sky and concrete apartment blocks outside, old carpet on the wall, cold blue-grey muted colors, evening light from a desk lamp, quiet and sad.","blurry, gradient, photorealistic, 3d render, text, letters, watermark, jpeg artifacts, extra fingers, face close-up",none
pack_kitchen__1.png,3,"pixel art scene, 180x135, limited palette (Endesga 32), clean 1px outlines, no anti-aliasing, no text, cozy melancholic mood, side or three-quarter view, game background for a narrative mobile game. Moment: the man sitting on the floor with an allen key surrounded by toy kitchen parts, a single screw in his hand. Usual place, adapt if the moment says otherwise: small soviet-era apartment bedroom, open suitcase on the floor surrounded by folded clothes and books, window with grey overcast sky and concrete apartment blocks outside, old carpet on the wall, cold blue-grey muted colors, evening light from a desk lamp, quiet and sad.","blurry, gradient, photorealistic, 3d render, text, letters, watermark, jpeg artifacts, extra fingers, face close-up",none
pack_kitchen__2.png,3,"pixel art scene, 180x135, limited palette (Endesga 32), clean 1px outlines, no anti-aliasing, no text, cozy melancholic mood, side or three-quarter view, game background for a narrative mobile game. Moment: the toy kitchen standing alone in a half-empty room, a phone in the man's hand taking its photo. Usual place, adapt if the moment says otherwise: small soviet-era apartment bedroom, open suitcase on the floor surrounded by folded clothes and books, window with grey overcast sky and concrete apartment blocks outside, old carpet on the wall, cold blue-grey muted colors, evening light from a desk lamp, quiet and sad.","blurry, gradient, photorealistic, 3d render, text, letters, watermark, jpeg artifacts, extra fingers, face close-up",dust
pack_kitchen__3.png,3,"pixel art scene, 180x135, limited palette (Endesga 32), clean 1px outlines, no anti-aliasing, no text, cozy melancholic mood, side or three-quarter view, game background for a narrative mobile game. Moment: the man crouching and promising something to an empty toy kitchen, a child's drawing on the wall. Usual place, adapt if the moment says otherwise: small soviet-era apartment bedroom, open suitcase on the floor surrounded by folded clothes and books, window with grey overcast sky and concrete apartment blocks outside, old carpet on the wall, cold blue-grey muted colors, evening light from a desk lamp, quiet and sad.","blurry, gradient, photorealistic, 3d render, text, letters, watermark, jpeg artifacts, extra fingers, face close-up",none
pack_buckwheat.png,3,"pixel art scene, 180x135, limited palette (Endesga 32), clean 1px outlines, no anti-aliasing, no text, cozy melancholic mood, side or three-quarter view, game background for a narrative mobile game. Moment: a kitchen counter with paper packs of buckwheat, curd snack bars in a fridge door, an open suitcase on a chair. Usual place, adapt if the moment says otherwise: close-up of a large open suitcase on a floor bathroom scale, stuffed with clothes, a pack of buckwheat, toy cars scattered around, a grey plush cat toy sitting on top of the suitcase, muted cold palette, warm lamp highlight.","blurry, gradient, photorealistic, 3d render, text, letters, watermark, jpeg artifacts, extra fingers, face close-up",none
pack_buckwheat__1.png,3,"pixel art scene, 180x135, limited palette (Endesga 32), clean 1px outlines, no anti-aliasing, no text, cozy melancholic mood, side or three-quarter view, game background for a narrative mobile game. Moment: three kilos of buckwheat packs wedged between sweaters in the suitcase, a family eating curd snacks at the table behind. Usual place, adapt if the moment says otherwise: close-up of a large open suitcase on a floor bathroom scale, stuffed with clothes, a pack of buckwheat, toy cars scattered around, a grey plush cat toy sitting on top of the suitcase, muted cold palette, warm lamp highlight.","blurry, gradient, photorealistic, 3d render, text, letters, watermark, jpeg artifacts, extra fingers, face close-up",none
pack_buckwheat__2.png,3,"pixel art scene, 180x135, limited palette (Endesga 32), clean 1px outlines, no anti-aliasing, no text, cozy melancholic mood, side or three-quarter view, game background for a narrative mobile game. Moment: empty suitcase corner where buckwheat could be, the family eating curd snacks at a late kitchen table. Usual place, adapt if the moment says otherwise: close-up of a large open suitcase on a floor bathroom scale, stuffed with clothes, a pack of buckwheat, toy cars scattered around, a grey plush cat toy sitting on top of the suitcase, muted cold palette, warm lamp highlight. a steaming cup or pot near the center of the frame.","blurry, gradient, photorealistic, 3d render, text, letters, watermark, jpeg artifacts, extra fingers, face close-up",steam
pack_buckwheat__3.png,3,"pixel art scene, 180x135, limited palette (Endesga 32), clean 1px outlines, no anti-aliasing, no text, cozy melancholic mood, side or three-quarter view, game background for a narrative mobile game. Moment: one small pack of buckwheat and a box of tea placed neatly in the suitcase like a treasure. Usual place, adapt if the moment says otherwise: close-up of a large open suitcase on a floor bathroom scale, stuffed with clothes, a pack of buckwheat, toy cars scattered around, a grey plush cat toy sitting on top of the suitcase, muted cold palette, warm lamp highlight.","blurry, gradient, photorealistic, 3d render, text, letters, watermark, jpeg artifacts, extra fingers, face close-up",none
pack_laptops.png,3,"pixel art scene, 180x135, limited palette (Endesga 32), clean 1px outlines, no anti-aliasing, no text, cozy melancholic mood, side or three-quarter view, game background for a narrative mobile game. Moment: two work laptops in backpacks on a sofa and a third old laptop with stickers lying alone. Usual place, adapt if the moment says otherwise: close-up of a large open suitcase on a floor bathroom scale, stuffed with clothes, a pack of buckwheat, toy cars scattered around, a grey plush cat toy sitting on top of the suitcase, muted cold palette, warm lamp highlight.","blurry, gradient, photorealistic, 3d render, text, letters, watermark, jpeg artifacts, extra fingers, face close-up",none
pack_laptops__1.png,3,"pixel art scene, 180x135, limited palette (Endesga 32), clean 1px outlines, no anti-aliasing, no text, cozy melancholic mood, side or three-quarter view, game background for a narrative mobile game. Moment: the old laptop squeezed into a backpack already full of cables. Usual place, adapt if the moment says otherwise: close-up of a large open suitcase on a floor bathroom scale, stuffed with clothes, a pack of buckwheat, toy cars scattered around, a grey plush cat toy sitting on top of the suitcase, muted cold palette, warm lamp highlight.","blurry, gradient, photorealistic, 3d render, text, letters, watermark, jpeg artifacts, extra fingers, face close-up",none
pack_laptops__2.png,3,"pixel art scene, 180x135, limited palette (Endesga 32), clean 1px outlines, no anti-aliasing, no text, cozy melancholic mood, side or three-quarter view, game background for a narrative mobile game. Moment: an elderly woman holding the old laptop at her kitchen table, a landline phone beside her. Usual place, adapt if the moment says otherwise: close-up of a large open suitcase on a floor bathroom scale, stuffed with clothes, a pack of buckwheat, toy cars scattered around, a grey plush cat toy sitting on top of the suitcase, muted cold palette, warm lamp highlight. a steaming cup or pot near the center of the frame.","blurry, gradient, photorealistic, 3d render, text, letters, watermark, jpeg artifacts, extra fingers, face close-up",steam
pack_laptops__3.png,3,"pixel art scene, 180x135, limited palette (Endesga 32), clean 1px outlines, no anti-aliasing, no text, cozy melancholic mood, side or three-quarter view, game background for a narrative mobile game. Moment: a buyer with a supermarket plastic bag taking the old laptop at a doorway at night. Usual place, adapt if the moment says otherwise: close-up of a large open suitcase on a floor bathroom scale, stuffed with clothes, a pack of buckwheat, toy cars scattered around, a grey plush cat toy sitting on top of the suitcase, muted cold palette, warm lamp highlight.","blurry, gradient, photorealistic, 3d render, text, letters, watermark, jpeg artifacts, extra fingers, face close-up",none
pack_kid_meds.png,3,"pixel art scene, 180x135, limited palette (Endesga 32), clean 1px outlines, no anti-aliasing, no text, cozy melancholic mood, side or three-quarter view, game background for a narrative mobile game. Moment: a kitchen table covered with medicine boxes, thermometers and syrups, a woman sorting them into a big pouch. Usual place, adapt if the moment says otherwise: cozy small russian kitchen, table covered with too much food (salads, pies, olivier salad bowl), oilcloth tablecloth, mother figure seen from behind standing at the stove, steam, window with dark winter evening, warm yellow lamp inside, cold blue outside.","blurry, gradient, photorealistic, 3d render, text, letters, watermark, jpeg artifacts, extra fingers, face close-up",none
pack_kid_meds__1.png,3,"pixel art scene, 180x135, limited palette (Endesga 32), clean 1px outlines, no anti-aliasing, no text, cozy melancholic mood, side or three-quarter view, game background for a narrative mobile game. Moment: a fat first aid pouch zipped shut on top of the suitcase, the woman relieved. Usual place, adapt if the moment says otherwise: cozy small russian kitchen, table covered with too much food (salads, pies, olivier salad bowl), oilcloth tablecloth, mother figure seen from behind standing at the stove, steam, window with dark winter evening, warm yellow lamp inside, cold blue outside.","blurry, gradient, photorealistic, 3d render, text, letters, watermark, jpeg artifacts, extra fingers, face close-up",none
pack_kid_meds__2.png,3,"pixel art scene, 180x135, limited palette (Endesga 32), clean 1px outlines, no anti-aliasing, no text, cozy melancholic mood, side or three-quarter view, game background for a narrative mobile game. Moment: the woman giving a long look while the man silently adds another box to the pile. Usual place, adapt if the moment says otherwise: cozy small russian kitchen, table covered with too much food (salads, pies, olivier salad bowl), oilcloth tablecloth, mother figure seen from behind standing at the stove, steam, window with dark winter evening, warm yellow lamp inside, cold blue outside.","blurry, gradient, photorealistic, 3d render, text, letters, watermark, jpeg artifacts, extra fingers, face close-up",none
pack_kid_meds__3.png,3,"pixel art scene, 180x135, limited palette (Endesga 32), clean 1px outlines, no anti-aliasing, no text, cozy melancholic mood, side or three-quarter view, game background for a narrative mobile game. Moment: two first aid pouches side by side in the suitcase, one small, one huge. Usual place, adapt if the moment says otherwise: cozy small russian kitchen, table covered with too much food (salads, pies, olivier salad bowl), oilcloth tablecloth, mother figure seen from behind standing at the stove, steam, window with dark winter evening, warm yellow lamp inside, cold blue outside.","blurry, gradient, photorealistic, 3d render, text, letters, watermark, jpeg artifacts, extra fingers, face close-up",none
pack_album.png,3,"pixel art scene, 180x135, limited palette (Endesga 32), clean 1px outlines, no anti-aliasing, no text, cozy melancholic mood, side or three-quarter view, game background for a narrative mobile game. Moment: an old paper photo album open on a bed: a small boy on a beach, a young father, faded colors. Usual place, adapt if the moment says otherwise: small soviet-era apartment bedroom, open suitcase on the floor surrounded by folded clothes and books, window with grey overcast sky and concrete apartment blocks outside, old carpet on the wall, cold blue-grey muted colors, evening light from a desk lamp, quiet and sad.","blurry, gradient, photorealistic, 3d render, text, letters, watermark, jpeg artifacts, extra fingers, face close-up",dust
pack_album__1.png,3,"pixel art scene, 180x135, limited palette (Endesga 32), clean 1px outlines, no anti-aliasing, no text, cozy melancholic mood, side or three-quarter view, game background for a narrative mobile game. Moment: the photo album wrapped in a sweater and placed in the suitcase. Usual place, adapt if the moment says otherwise: small soviet-era apartment bedroom, open suitcase on the floor surrounded by folded clothes and books, window with grey overcast sky and concrete apartment blocks outside, old carpet on the wall, cold blue-grey muted colors, evening light from a desk lamp, quiet and sad.","blurry, gradient, photorealistic, 3d render, text, letters, watermark, jpeg artifacts, extra fingers, face close-up",dust
pack_album__2.png,3,"pixel art scene, 180x135, limited palette (Endesga 32), clean 1px outlines, no anti-aliasing, no text, cozy melancholic mood, side or three-quarter view, game background for a narrative mobile game. Moment: a phone held over the album photographing a page, the screen glowing. Usual place, adapt if the moment says otherwise: small soviet-era apartment bedroom, open suitcase on the floor surrounded by folded clothes and books, window with grey overcast sky and concrete apartment blocks outside, old carpet on the wall, cold blue-grey muted colors, evening light from a desk lamp, quiet and sad.","blurry, gradient, photorealistic, 3d render, text, letters, watermark, jpeg artifacts, extra fingers, face close-up",none
pack_album__3.png,3,"pixel art scene, 180x135, limited palette (Endesga 32), clean 1px outlines, no anti-aliasing, no text, cozy melancholic mood, side or three-quarter view, game background for a narrative mobile game. Moment: three old photos slipped into a passport cover on a table. Usual place, adapt if the moment says otherwise: small soviet-era apartment bedroom, open suitcase on the floor surrounded by folded clothes and books, window with grey overcast sky and concrete apartment blocks outside, old carpet on the wall, cold blue-grey muted colors, evening light from a desk lamp, quiet and sad.","blurry, gradient, photorealistic, 3d render, text, letters, watermark, jpeg artifacts, extra fingers, face close-up",none
scales_over.png,3,"pixel art scene, 180x135, limited palette (Endesga 32), clean 1px outlines, no anti-aliasing, no text, cozy melancholic mood, side or three-quarter view, game background for a narrative mobile game. Moment: a suitcase on bathroom scales, the man and woman staring at it, things spread around on the floor. Usual place, adapt if the moment says otherwise: close-up of a large open suitcase on a floor bathroom scale, stuffed with clothes, a pack of buckwheat, toy cars scattered around, a grey plush cat toy sitting on top of the suitcase, muted cold palette, warm lamp highlight.","blurry, gradient, photorealistic, 3d render, text, letters, watermark, jpeg artifacts, extra fingers, face close-up",none
scales_over__1.png,3,"pixel art scene, 180x135, limited palette (Endesga 32), clean 1px outlines, no anti-aliasing, no text, cozy melancholic mood, side or three-quarter view, game background for a narrative mobile game. Moment: packs of buckwheat taken out and stacked on the floor next to the scales. Usual place, adapt if the moment says otherwise: close-up of a large open suitcase on a floor bathroom scale, stuffed with clothes, a pack of buckwheat, toy cars scattered around, a grey plush cat toy sitting on top of the suitcase, muted cold palette, warm lamp highlight.","blurry, gradient, photorealistic, 3d render, text, letters, watermark, jpeg artifacts, extra fingers, face close-up",none
scales_over__2.png,3,"pixel art scene, 180x135, limited palette (Endesga 32), clean 1px outlines, no anti-aliasing, no text, cozy melancholic mood, side or three-quarter view, game background for a narrative mobile game. Moment: a lego box set aside on a shelf labelled with a sticky note, the suitcase lighter. Usual place, adapt if the moment says otherwise: close-up of a large open suitcase on a floor bathroom scale, stuffed with clothes, a pack of buckwheat, toy cars scattered around, a grey plush cat toy sitting on top of the suitcase, muted cold palette, warm lamp highlight.","blurry, gradient, photorealistic, 3d render, text, letters, watermark, jpeg artifacts, extra fingers, face close-up",none
scales_over__3.png,3,"pixel art scene, 180x135, limited palette (Endesga 32), clean 1px outlines, no anti-aliasing, no text, cozy melancholic mood, side or three-quarter view, game background for a narrative mobile game. Moment: three backpacks bulging enormously, the man testing the weight of one with a grimace. Usual place, adapt if the moment says otherwise: close-up of a large open suitcase on a floor bathroom scale, stuffed with clothes, a pack of buckwheat, toy cars scattered around, a grey plush cat toy sitting on top of the suitcase, muted cold palette, warm lamp highlight.","blurry, gradient, photorealistic, 3d render, text, letters, watermark, jpeg artifacts, extra fingers, face close-up",none
scales_over__4.png,3,"pixel art scene, 180x135, limited palette (Endesga 32), clean 1px outlines, no anti-aliasing, no text, cozy melancholic mood, side or three-quarter view, game background for a narrative mobile game. Moment: an airline check-in desk, the man paying by card for excess baggage. Usual place, adapt if the moment says otherwise: close-up of a large open suitcase on a floor bathroom scale, stuffed with clothes, a pack of buckwheat, toy cars scattered around, a grey plush cat toy sitting on top of the suitcase, muted cold palette, warm lamp highlight.","blurry, gradient, photorealistic, 3d render, text, letters, watermark, jpeg artifacts, extra fingers, face close-up",none
scales_ok.png,3,"pixel art scene, 180x135, limited palette (Endesga 32), clean 1px outlines, no anti-aliasing, no text, cozy melancholic mood, side or three-quarter view, game background for a narrative mobile game. Moment: the man sitting on a suitcase to close it, the woman pulling the zipper, both laughing tiredly. Usual place, adapt if the moment says otherwise: close-up of a large open suitcase on a floor bathroom scale, stuffed with clothes, a pack of buckwheat, toy cars scattered around, a grey plush cat toy sitting on top of the suitcase, muted cold palette, warm lamp highlight.","blurry, gradient, photorealistic, 3d render, text, letters, watermark, jpeg artifacts, extra fingers, face close-up",dust
scales_ok__1.png,3,"pixel art scene, 180x135, limited palette (Endesga 32), clean 1px outlines, no anti-aliasing, no text, cozy melancholic mood, side or three-quarter view, game background for a narrative mobile game. Moment: two closed suitcases and three backpacks standing in a row by the front door at night. Usual place, adapt if the moment says otherwise: close-up of a large open suitcase on a floor bathroom scale, stuffed with clothes, a pack of buckwheat, toy cars scattered around, a grey plush cat toy sitting on top of the suitcase, muted cold palette, warm lamp highlight.","blurry, gradient, photorealistic, 3d render, text, letters, watermark, jpeg artifacts, extra fingers, face close-up",none
pack_fallback.png,3,"pixel art scene, 180x135, limited palette (Endesga 32), clean 1px outlines, no anti-aliasing, no text, cozy melancholic mood, side or three-quarter view, game background for a narrative mobile game. Moment: things moved from a suitcase to a backpack and back, the room a mess of half-packed bags. Usual place, adapt if the moment says otherwise: close-up of a large open suitcase on a floor bathroom scale, stuffed with clothes, a pack of buckwheat, toy cars scattered around, a grey plush cat toy sitting on top of the suitcase, muted cold palette, warm lamp highlight.","blurry, gradient, photorealistic, 3d render, text, letters, watermark, jpeg artifacts, extra fingers, face close-up",dust
pack_fallback__1.png,3,"pixel art scene, 180x135, limited palette (Endesga 32), clean 1px outlines, no anti-aliasing, no text, cozy melancholic mood, side or three-quarter view, game background for a narrative mobile game. Moment: the man giving up and sitting on the floor among the bags. Usual place, adapt if the moment says otherwise: close-up of a large open suitcase on a floor bathroom scale, stuffed with clothes, a pack of buckwheat, toy cars scattered around, a grey plush cat toy sitting on top of the suitcase, muted cold palette, warm lamp highlight.","blurry, gradient, photorealistic, 3d render, text, letters, watermark, jpeg artifacts, extra fingers, face close-up",dust
dep_russa__1.png,3,"pixel art scene, 180x135, limited palette (Endesga 32), clean 1px outlines, no anti-aliasing, no text, cozy melancholic mood, side or three-quarter view, game background for a narrative mobile game. Moment: the man's hand holding a white envelope, grandmother nodding firmly. Usual place, adapt if the moment says otherwise: cozy small russian kitchen, table covered with too much food (salads, pies, olivier salad bowl), oilcloth tablecloth, mother figure seen from behind standing at the stove, steam, window with dark winter evening, warm yellow lamp inside, cold blue outside.","blurry, gradient, photorealistic, 3d render, text, letters, watermark, jpeg artifacts, extra fingers, face close-up",none
dep_russa__2.png,3,"pixel art scene, 180x135, limited palette (Endesga 32), clean 1px outlines, no anti-aliasing, no text, cozy melancholic mood, side or three-quarter view, game background for a narrative mobile game. Moment: a toddler's jacket on a hotel bed, an envelope sticking out of its pocket. Usual place, adapt if the moment says otherwise: cozy small russian kitchen, table covered with too much food (salads, pies, olivier salad bowl), oilcloth tablecloth, mother figure seen from behind standing at the stove, steam, window with dark winter evening, warm yellow lamp inside, cold blue outside.","blurry, gradient, photorealistic, 3d render, text, letters, watermark, jpeg artifacts, extra fingers, face close-up",none
dep_russa__3.png,3,"pixel art scene, 180x135, limited palette (Endesga 32), clean 1px outlines, no anti-aliasing, no text, cozy melancholic mood, side or three-quarter view, game background for a narrative mobile game. Moment: the man quietly handing the envelope to his mother in a dim hallway. Usual place, adapt if the moment says otherwise: cozy small russian kitchen, table covered with too much food (salads, pies, olivier salad bowl), oilcloth tablecloth, mother figure seen from behind standing at the stove, steam, window with dark winter evening, warm yellow lamp inside, cold blue outside.","blurry, gradient, photorealistic, 3d render, text, letters, watermark, jpeg artifacts, extra fingers, face close-up",none
dep_mom_dinner.png,3,"pixel art scene, 180x135, limited palette (Endesga 32), clean 1px outlines, no anti-aliasing, no text, cozy melancholic mood, side or three-quarter view, game background for a narrative mobile game. Moment: a crowded family table with olivier salad, herring under a fur coat, pies and a pizza for the toddler who eats only bread. Usual place, adapt if the moment says otherwise: cozy small russian kitchen, table covered with too much food (salads, pies, olivier salad bowl), oilcloth tablecloth, mother figure seen from behind standing at the stove, steam, window with dark winter evening, warm yellow lamp inside, cold blue outside. a steaming cup or pot near the center of the frame.","blurry, gradient, photorealistic, 3d render, text, letters, watermark, jpeg artifacts, extra fingers, face close-up",steam
dep_mom_dinner__1.png,3,"pixel art scene, 180x135, limited palette (Endesga 32), clean 1px outlines, no anti-aliasing, no text, cozy melancholic mood, side or three-quarter view, game background for a narrative mobile game. Moment: mother and son across the table, she laughing with wet eyes. Usual place, adapt if the moment says otherwise: cozy small russian kitchen, table covered with too much food (salads, pies, olivier salad bowl), oilcloth tablecloth, mother figure seen from behind standing at the stove, steam, window with dark winter evening, warm yellow lamp inside, cold blue outside. a steaming cup or pot near the center of the frame.","blurry, gradient, photorealistic, 3d render, text, letters, watermark, jpeg artifacts, extra fingers, face close-up",steam
dep_mom_dinner__2.png,3,"pixel art scene, 180x135, limited palette (Endesga 32), clean 1px outlines, no anti-aliasing, no text, cozy melancholic mood, side or three-quarter view, game background for a narrative mobile game. Moment: the man's plate piled high with pies, a grandmother adding more. Usual place, adapt if the moment says otherwise: cozy small russian kitchen, table covered with too much food (salads, pies, olivier salad bowl), oilcloth tablecloth, mother figure seen from behind standing at the stove, steam, window with dark winter evening, warm yellow lamp inside, cold blue outside. a steaming cup or pot near the center of the frame.","blurry, gradient, photorealistic, 3d render, text, letters, watermark, jpeg artifacts, extra fingers, face close-up",steam
dep_mom_dinner__3.png,3,"pixel art scene, 180x135, limited palette (Endesga 32), clean 1px outlines, no anti-aliasing, no text, cozy melancholic mood, side or three-quarter view, game background for a narrative mobile game. Moment: mother and son washing dishes shoulder to shoulder at a small sink, steam rising. Usual place, adapt if the moment says otherwise: cozy small russian kitchen, table covered with too much food (salads, pies, olivier salad bowl), oilcloth tablecloth, mother figure seen from behind standing at the stove, steam, window with dark winter evening, warm yellow lamp inside, cold blue outside. a steaming cup or pot near the center of the frame.","blurry, gradient, photorealistic, 3d render, text, letters, watermark, jpeg artifacts, extra fingers, face close-up",steam
dep_money.png,3,"pixel art scene, 180x135, limited palette (Endesga 32), clean 1px outlines, no anti-aliasing, no text, cozy melancholic mood, side or three-quarter view, game background for a narrative mobile game. Moment: a dark winter street at night with a row of atms, one screen glowing, the man with a phone checking a broker app. Usual place, adapt if the moment says otherwise: currency exchange booth near a metro entrance, glowing rate board with unreadable digits, queue of people in dark coats, one person in a hoodie seen from behind, cold evening, neon green digits.","blurry, gradient, photorealistic, 3d render, text, letters, watermark, jpeg artifacts, extra fingers, face close-up",snow
dep_money__1.png,3,"pixel art scene, 180x135, limited palette (Endesga 32), clean 1px outlines, no anti-aliasing, no text, cozy melancholic mood, side or three-quarter view, game background for a narrative mobile game. Moment: the man at the fifth atm finally pulling out euro banknotes, snow on his shoulders. Usual place, adapt if the moment says otherwise: currency exchange booth near a metro entrance, glowing rate board with unreadable digits, queue of people in dark coats, one person in a hoodie seen from behind, cold evening, neon green digits.","blurry, gradient, photorealistic, 3d render, text, letters, watermark, jpeg artifacts, extra fingers, face close-up",snow
dep_money__2.png,3,"pixel art scene, 180x135, limited palette (Endesga 32), clean 1px outlines, no anti-aliasing, no text, cozy melancholic mood, side or three-quarter view, game background for a narrative mobile game. Moment: a small currency exchange booth with a long queue and a tired cashier behind glass. Usual place, adapt if the moment says otherwise: currency exchange booth near a metro entrance, glowing rate board with unreadable digits, queue of people in dark coats, one person in a hoodie seen from behind, cold evening, neon green digits. small lit windows or lamps scattered in the upper two thirds.","blurry, gradient, photorealistic, 3d render, text, letters, watermark, jpeg artifacts, extra fingers, face close-up",lights
dep_money__3.png,3,"pixel art scene, 180x135, limited palette (Endesga 32), clean 1px outlines, no anti-aliasing, no text, cozy melancholic mood, side or three-quarter view, game background for a narrative mobile game. Moment: a phone screen with a chat and a cat avatar, the man in a dark room lit by it. Usual place, adapt if the moment says otherwise: currency exchange booth near a metro entrance, glowing rate board with unreadable digits, queue of people in dark coats, one person in a hoodie seen from behind, cold evening, neon green digits.","blurry, gradient, photorealistic, 3d render, text, letters, watermark, jpeg artifacts, extra fingers, face close-up",none
dep_rate.png,3,"pixel art scene, 180x135, limited palette (Endesga 32), clean 1px outlines, no anti-aliasing, no text, cozy melancholic mood, side or three-quarter view, game background for a narrative mobile game. Moment: a currency exchange with a big rate board, numbers changing, a queue of people in winter coats. Usual place, adapt if the moment says otherwise: currency exchange booth near a metro entrance, glowing rate board with unreadable digits, queue of people in dark coats, one person in a hoodie seen from behind, cold evening, neon green digits. small lit windows or lamps scattered in the upper two thirds.","blurry, gradient, photorealistic, 3d render, text, letters, watermark, jpeg artifacts, extra fingers, face close-up",lights
dep_rate__1.png,3,"pixel art scene, 180x135, limited palette (Endesga 32), clean 1px outlines, no anti-aliasing, no text, cozy melancholic mood, side or three-quarter view, game background for a narrative mobile game. Moment: the man pushing more banknotes under the cashier window. Usual place, adapt if the moment says otherwise: currency exchange booth near a metro entrance, glowing rate board with unreadable digits, queue of people in dark coats, one person in a hoodie seen from behind, cold evening, neon green digits. small lit windows or lamps scattered in the upper two thirds.","blurry, gradient, photorealistic, 3d render, text, letters, watermark, jpeg artifacts, extra fingers, face close-up",lights
dep_rate__2.png,3,"pixel art scene, 180x135, limited palette (Endesga 32), clean 1px outlines, no anti-aliasing, no text, cozy melancholic mood, side or three-quarter view, game background for a narrative mobile game. Moment: the man walking away from the queue, the rate board behind him going up. Usual place, adapt if the moment says otherwise: currency exchange booth near a metro entrance, glowing rate board with unreadable digits, queue of people in dark coats, one person in a hoodie seen from behind, cold evening, neon green digits. small lit windows or lamps scattered in the upper two thirds.","blurry, gradient, photorealistic, 3d render, text, letters, watermark, jpeg artifacts, extra fingers, face close-up",lights
dep_rate__3.png,3,"pixel art scene, 180x135, limited palette (Endesga 32), clean 1px outlines, no anti-aliasing, no text, cozy melancholic mood, side or three-quarter view, game background for a narrative mobile game. Moment: the man talking to a stranger in a grey coat in the queue, the stranger not turning around. Usual place, adapt if the moment says otherwise: currency exchange booth near a metro entrance, glowing rate board with unreadable digits, queue of people in dark coats, one person in a hoodie seen from behind, cold evening, neon green digits. small lit windows or lamps scattered in the upper two thirds.","blurry, gradient, photorealistic, 3d render, text, letters, watermark, jpeg artifacts, extra fingers, face close-up",lights
dep_farewell.png,3,"pixel art scene, 180x135, limited palette (Endesga 32), clean 1px outlines, no anti-aliasing, no text, cozy melancholic mood, side or three-quarter view, game background for a narrative mobile game. Moment: a phone with a long list of contacts, the man's thumb hovering, packed bags in the background. Usual place, adapt if the moment says otherwise: close-up of a smartphone held in a hand, screen glowing with an abstract notification (no readable text), blurred room background, pixel art UI icons on screen.","blurry, gradient, photorealistic, 3d render, text, letters, watermark, jpeg artifacts, extra fingers, face close-up",none
dep_farewell__1.png,3,"pixel art scene, 180x135, limited palette (Endesga 32), clean 1px outlines, no anti-aliasing, no text, cozy melancholic mood, side or three-quarter view, game background for a narrative mobile game. Moment: a short message typed on the phone in a tbilisi hotel room. Usual place, adapt if the moment says otherwise: close-up of a smartphone held in a hand, screen glowing with an abstract notification (no readable text), blurred room background, pixel art UI icons on screen.","blurry, gradient, photorealistic, 3d render, text, letters, watermark, jpeg artifacts, extra fingers, face close-up",none
dep_farewell__2.png,3,"pixel art scene, 180x135, limited palette (Endesga 32), clean 1px outlines, no anti-aliasing, no text, cozy melancholic mood, side or three-quarter view, game background for a narrative mobile game. Moment: the phone face down on a suitcase, the room silent. Usual place, adapt if the moment says otherwise: close-up of a smartphone held in a hand, screen glowing with an abstract notification (no readable text), blurred room background, pixel art UI icons on screen.","blurry, gradient, photorealistic, 3d render, text, letters, watermark, jpeg artifacts, extra fingers, face close-up",none
dep_farewell__3.png,3,"pixel art scene, 180x135, limited palette (Endesga 32), clean 1px outlines, no anti-aliasing, no text, cozy melancholic mood, side or three-quarter view, game background for a narrative mobile game. Moment: the man on a balcony at night calling one friend, breath visible in the cold. Usual place, adapt if the moment says otherwise: close-up of a smartphone held in a hand, screen glowing with an abstract notification (no readable text), blurred room background, pixel art UI icons on screen.","blurry, gradient, photorealistic, 3d render, text, letters, watermark, jpeg artifacts, extra fingers, face close-up",snow
dep_apartment.png,3,"pixel art scene, 180x135, limited palette (Endesga 32), clean 1px outlines, no anti-aliasing, no text, cozy melancholic mood, side or three-quarter view, game background for a narrative mobile game. Moment: a rented flat left as if for a holiday: dishes in the cupboard, books on the shelf, the toy kitchen in the corner. Usual place, adapt if the moment says otherwise: small soviet-era apartment bedroom, open suitcase on the floor surrounded by folded clothes and books, window with grey overcast sky and concrete apartment blocks outside, old carpet on the wall, cold blue-grey muted colors, evening light from a desk lamp, quiet and sad.","blurry, gradient, photorealistic, 3d render, text, letters, watermark, jpeg artifacts, extra fingers, face close-up",dust
dep_apartment__1.png,3,"pixel art scene, 180x135, limited palette (Endesga 32), clean 1px outlines, no anti-aliasing, no text, cozy melancholic mood, side or three-quarter view, game background for a narrative mobile game. Moment: a hand turning a key twice in an old apartment door. Usual place, adapt if the moment says otherwise: small soviet-era apartment bedroom, open suitcase on the floor surrounded by folded clothes and books, window with grey overcast sky and concrete apartment blocks outside, old carpet on the wall, cold blue-grey muted colors, evening light from a desk lamp, quiet and sad.","blurry, gradient, photorealistic, 3d render, text, letters, watermark, jpeg artifacts, extra fingers, face close-up",none
dep_kid_question__1.png,3,"pixel art scene, 180x135, limited palette (Endesga 32), clean 1px outlines, no anti-aliasing, no text, cozy melancholic mood, side or three-quarter view, game background for a narrative mobile game. Moment: the man holding the toddler who buries his face in his neck. Usual place, adapt if the moment says otherwise: small soviet-era apartment bedroom, open suitcase on the floor surrounded by folded clothes and books, window with grey overcast sky and concrete apartment blocks outside, old carpet on the wall, cold blue-grey muted colors, evening light from a desk lamp, quiet and sad.","blurry, gradient, photorealistic, 3d render, text, letters, watermark, jpeg artifacts, extra fingers, face close-up",none
dep_kid_question__2.png,3,"pixel art scene, 180x135, limited palette (Endesga 32), clean 1px outlines, no anti-aliasing, no text, cozy melancholic mood, side or three-quarter view, game background for a narrative mobile game. Moment: a toddler watching cartoons on a tablet among boxes, the man looking away. Usual place, adapt if the moment says otherwise: small soviet-era apartment bedroom, open suitcase on the floor surrounded by folded clothes and books, window with grey overcast sky and concrete apartment blocks outside, old carpet on the wall, cold blue-grey muted colors, evening light from a desk lamp, quiet and sad.","blurry, gradient, photorealistic, 3d render, text, letters, watermark, jpeg artifacts, extra fingers, face close-up",none
dep_kid_question__3.png,3,"pixel art scene, 180x135, limited palette (Endesga 32), clean 1px outlines, no anti-aliasing, no text, cozy melancholic mood, side or three-quarter view, game background for a narrative mobile game. Moment: a fort built from cardboard boxes with a window, a toddler peeking out. Usual place, adapt if the moment says otherwise: small soviet-era apartment bedroom, open suitcase on the floor surrounded by folded clothes and books, window with grey overcast sky and concrete apartment blocks outside, old carpet on the wall, cold blue-grey muted colors, evening light from a desk lamp, quiet and sad.","blurry, gradient, photorealistic, 3d render, text, letters, watermark, jpeg artifacts, extra fingers, face close-up",dust
dep_walk.png,3,"pixel art scene, 180x135, limited palette (Endesga 32), clean 1px outlines, no anti-aliasing, no text, cozy melancholic mood, side or three-quarter view, game background for a narrative mobile game. Moment: a couple sitting on the floor among packed bags in a dark flat, not talking. Usual place, adapt if the moment says otherwise: small soviet-era apartment bedroom, open suitcase on the floor surrounded by folded clothes and books, window with grey overcast sky and concrete apartment blocks outside, old carpet on the wall, cold blue-grey muted colors, evening light from a desk lamp, quiet and sad.","blurry, gradient, photorealistic, 3d render, text, letters, watermark, jpeg artifacts, extra fingers, face close-up",none
dep_walk__1.png,3,"pixel art scene, 180x135, limited palette (Endesga 32), clean 1px outlines, no anti-aliasing, no text, cozy melancholic mood, side or three-quarter view, game background for a narrative mobile game. Moment: the man and the woman shoulder to shoulder on the floor, a neighbour's tv glow through the wall. Usual place, adapt if the moment says otherwise: small soviet-era apartment bedroom, open suitcase on the floor surrounded by folded clothes and books, window with grey overcast sky and concrete apartment blocks outside, old carpet on the wall, cold blue-grey muted colors, evening light from a desk lamp, quiet and sad.","blurry, gradient, photorealistic, 3d render, text, letters, watermark, jpeg artifacts, extra fingers, face close-up",none
dep_messages.png,3,"pixel art scene, 180x135, limited palette (Endesga 32), clean 1px outlines, no anti-aliasing, no text, cozy melancholic mood, side or three-quarter view, game background for a narrative mobile game. Moment: a phone screen with three messages: a thumbs up, an angry line, a heart, the man reading in the dark. Usual place, adapt if the moment says otherwise: close-up of a smartphone held in a hand, screen glowing with an abstract notification (no readable text), blurred room background, pixel art UI icons on screen.","blurry, gradient, photorealistic, 3d render, text, letters, watermark, jpeg artifacts, extra fingers, face close-up",none
dep_messages__1.png,3,"pixel art scene, 180x135, limited palette (Endesga 32), clean 1px outlines, no anti-aliasing, no text, cozy melancholic mood, side or three-quarter view, game background for a narrative mobile game. Moment: the man typing replies on the phone on a sofa. Usual place, adapt if the moment says otherwise: close-up of a smartphone held in a hand, screen glowing with an abstract notification (no readable text), blurred room background, pixel art UI icons on screen.","blurry, gradient, photorealistic, 3d render, text, letters, watermark, jpeg artifacts, extra fingers, face close-up",none
dep_messages__2.png,3,"pixel art scene, 180x135, limited palette (Endesga 32), clean 1px outlines, no anti-aliasing, no text, cozy melancholic mood, side or three-quarter view, game background for a narrative mobile game. Moment: the phone switched off on a table, then the man reaching for it again. Usual place, adapt if the moment says otherwise: close-up of a smartphone held in a hand, screen glowing with an abstract notification (no readable text), blurred room background, pixel art UI icons on screen.","blurry, gradient, photorealistic, 3d render, text, letters, watermark, jpeg artifacts, extra fingers, face close-up",none
dep_messages__3.png,3,"pixel art scene, 180x135, limited palette (Endesga 32), clean 1px outlines, no anti-aliasing, no text, cozy melancholic mood, side or three-quarter view, game background for a narrative mobile game. Moment: a single heart sent back on the phone screen. Usual place, adapt if the moment says otherwise: close-up of a smartphone held in a hand, screen glowing with an abstract notification (no readable text), blurred room background, pixel art UI icons on screen.","blurry, gradient, photorealistic, 3d render, text, letters, watermark, jpeg artifacts, extra fingers, face close-up",none
dep_work.png,3,"pixel art scene, 180x135, limited palette (Endesga 32), clean 1px outlines, no anti-aliasing, no text, cozy melancholic mood, side or three-quarter view, game background for a narrative mobile game. Moment: a video call on a laptop with a grid of colleagues, a contract document open next to it. Usual place, adapt if the moment says otherwise: close-up of a smartphone held in a hand, screen glowing with an abstract notification (no readable text), blurred room background, pixel art UI icons on screen.","blurry, gradient, photorealistic, 3d render, text, letters, watermark, jpeg artifacts, extra fingers, face close-up",none
dep_work__1.png,3,"pixel art scene, 180x135, limited palette (Endesga 32), clean 1px outlines, no anti-aliasing, no text, cozy melancholic mood, side or three-quarter view, game background for a narrative mobile game. Moment: the man signing a document on a laptop with a tired face. Usual place, adapt if the moment says otherwise: close-up of a smartphone held in a hand, screen glowing with an abstract notification (no readable text), blurred room background, pixel art UI icons on screen.","blurry, gradient, photorealistic, 3d render, text, letters, watermark, jpeg artifacts, extra fingers, face close-up",none
dep_work__2.png,3,"pixel art scene, 180x135, limited palette (Endesga 32), clean 1px outlines, no anti-aliasing, no text, cozy melancholic mood, side or three-quarter view, game background for a narrative mobile game. Moment: a petition page with a few signatures on the laptop screen. Usual place, adapt if the moment says otherwise: close-up of a smartphone held in a hand, screen glowing with an abstract notification (no readable text), blurred room background, pixel art UI icons on screen.","blurry, gradient, photorealistic, 3d render, text, letters, watermark, jpeg artifacts, extra fingers, face close-up",none
dep_work__3.png,3,"pixel art scene, 180x135, limited palette (Endesga 32), clean 1px outlines, no anti-aliasing, no text, cozy melancholic mood, side or three-quarter view, game background for a narrative mobile game. Moment: the man on a video call with a lawyer, a notepad full of scribbles. Usual place, adapt if the moment says otherwise: close-up of a smartphone held in a hand, screen glowing with an abstract notification (no readable text), blurred room background, pixel art UI icons on screen.","blurry, gradient, photorealistic, 3d render, text, letters, watermark, jpeg artifacts, extra fingers, face close-up",none
dep_airport.png,3,"pixel art scene, 180x135, limited palette (Endesga 32), clean 1px outlines, no anti-aliasing, no text, cozy melancholic mood, side or three-quarter view, game background for a narrative mobile game. Moment: a car driving through empty night streets of saint petersburg to the airport, the father-in-law at the wheel. Usual place, adapt if the moment says otherwise: airport departure hall at night, long quiet queue to passport control, people with big suitcases, departure board with unreadable text, cold white light, figure with a backpack seen from behind.","blurry, gradient, photorealistic, 3d render, text, letters, watermark, jpeg artifacts, extra fingers, face close-up",snow
dep_airport__1.png,3,"pixel art scene, 180x135, limited palette (Endesga 32), clean 1px outlines, no anti-aliasing, no text, cozy melancholic mood, side or three-quarter view, game background for a narrative mobile game. Moment: a crowded airport hall at night, families with suitcases standing in a long quiet queue. Usual place, adapt if the moment says otherwise: airport departure hall at night, long quiet queue to passport control, people with big suitcases, departure board with unreadable text, cold white light, figure with a backpack seen from behind. small lit windows or lamps scattered in the upper two thirds.","blurry, gradient, photorealistic, 3d render, text, letters, watermark, jpeg artifacts, extra fingers, face close-up",lights
dep_border__1.png,3,"pixel art scene, 180x135, limited palette (Endesga 32), clean 1px outlines, no anti-aliasing, no text, cozy melancholic mood, side or three-quarter view, game background for a narrative mobile game. Moment: the officer looking at the luggage for a long time, a stamp raised in the air. Usual place, adapt if the moment says otherwise: passport control booth seen from traveler's point of view, border officer behind glass looking at a passport, stamp in hand, harsh fluorescent light, tense.","blurry, gradient, photorealistic, 3d render, text, letters, watermark, jpeg artifacts, extra fingers, face close-up",none
dep_border__2.png,3,"pixel art scene, 180x135, limited palette (Endesga 32), clean 1px outlines, no anti-aliasing, no text, cozy melancholic mood, side or three-quarter view, game background for a narrative mobile game. Moment: the man smiling nervously at the booth, passports being flipped. Usual place, adapt if the moment says otherwise: passport control booth seen from traveler's point of view, border officer behind glass looking at a passport, stamp in hand, harsh fluorescent light, tense.","blurry, gradient, photorealistic, 3d render, text, letters, watermark, jpeg artifacts, extra fingers, face close-up",none
dep_border__3.png,3,"pixel art scene, 180x135, limited palette (Endesga 32), clean 1px outlines, no anti-aliasing, no text, cozy melancholic mood, side or three-quarter view, game background for a narrative mobile game. Moment: the officer glancing at the sleeping toddler and stamping the passport. Usual place, adapt if the moment says otherwise: passport control booth seen from traveler's point of view, border officer behind glass looking at a passport, stamp in hand, harsh fluorescent light, tense.","blurry, gradient, photorealistic, 3d render, text, letters, watermark, jpeg artifacts, extra fingers, face close-up",none
dep_plane__1.png,3,"pixel art scene, 180x135, limited palette (Endesga 32), clean 1px outlines, no anti-aliasing, no text, cozy melancholic mood, side or three-quarter view, game background for a narrative mobile game. Moment: view through the plane window: clouds, nothing but clouds, no border to be seen. Usual place, adapt if the moment says otherwise: view from an airplane window seat, clouds below, wing visible, a hand resting on the window frame, soft sunrise colors, calm and bittersweet. keep dark night sky in the upper part of the frame.","blurry, gradient, photorealistic, 3d render, text, letters, watermark, jpeg artifacts, extra fingers, face close-up",stars
dep_plane__2.png,3,"pixel art scene, 180x135, limited palette (Endesga 32), clean 1px outlines, no anti-aliasing, no text, cozy melancholic mood, side or three-quarter view, game background for a narrative mobile game. Moment: two hands holding each other on the armrest. Usual place, adapt if the moment says otherwise: view from an airplane window seat, clouds below, wing visible, a hand resting on the window frame, soft sunrise colors, calm and bittersweet.","blurry, gradient, photorealistic, 3d render, text, letters, watermark, jpeg artifacts, extra fingers, face close-up",none
dep_plane__3.png,3,"pixel art scene, 180x135, limited palette (Endesga 32), clean 1px outlines, no anti-aliasing, no text, cozy melancholic mood, side or three-quarter view, game background for a narrative mobile game. Moment: a sleeping toddler holding the man's finger. Usual place, adapt if the moment says otherwise: view from an airplane window seat, clouds below, wing visible, a hand resting on the window frame, soft sunrise colors, calm and bittersweet.","blurry, gradient, photorealistic, 3d render, text, letters, watermark, jpeg artifacts, extra fingers, face close-up",none
dep_yerevan.png,3,"pixel art scene, 180x135, limited palette (Endesga 32), clean 1px outlines, no anti-aliasing, no text, cozy melancholic mood, side or three-quarter view, game background for a narrative mobile game. Moment: a plane parked on the tarmac in yerevan, mountains through the window, a toddler pressing his palm to the glass. Usual place, adapt if the moment says otherwise: huge transit airport terminal at night, people sleeping on benches with backpacks, a simit bread stall, big glass windows with airplanes outside, warm artificial light, liminal space feeling.","blurry, gradient, photorealistic, 3d render, text, letters, watermark, jpeg artifacts, extra fingers, face close-up",none
dep_yerevan__1.png,3,"pixel art scene, 180x135, limited palette (Endesga 32), clean 1px outlines, no anti-aliasing, no text, cozy melancholic mood, side or three-quarter view, game background for a narrative mobile game. Moment: the toddler waving at the snowy mountains outside the window. Usual place, adapt if the moment says otherwise: huge transit airport terminal at night, people sleeping on benches with backpacks, a simit bread stall, big glass windows with airplanes outside, warm artificial light, liminal space feeling.","blurry, gradient, photorealistic, 3d render, text, letters, watermark, jpeg artifacts, extra fingers, face close-up",none
dep_yerevan__2.png,3,"pixel art scene, 180x135, limited palette (Endesga 32), clean 1px outlines, no anti-aliasing, no text, cozy melancholic mood, side or three-quarter view, game background for a narrative mobile game. Moment: the man patting his sock and jacket lining to check the money. Usual place, adapt if the moment says otherwise: huge transit airport terminal at night, people sleeping on benches with backpacks, a simit bread stall, big glass windows with airplanes outside, warm artificial light, liminal space feeling.","blurry, gradient, photorealistic, 3d render, text, letters, watermark, jpeg artifacts, extra fingers, face close-up",none
dep_yerevan__3.png,3,"pixel art scene, 180x135, limited palette (Endesga 32), clean 1px outlines, no anti-aliasing, no text, cozy melancholic mood, side or three-quarter view, game background for a narrative mobile game. Moment: the man asleep in the plane seat, the woman reading. Usual place, adapt if the moment says otherwise: huge transit airport terminal at night, people sleeping on benches with backpacks, a simit bread stall, big glass windows with airplanes outside, warm artificial light, liminal space feeling.","blurry, gradient, photorealistic, 3d render, text, letters, watermark, jpeg artifacts, extra fingers, face close-up",none
dep_wait.png,3,"pixel art scene, 180x135, limited palette (Endesga 32), clean 1px outlines, no anti-aliasing, no text, cozy melancholic mood, side or three-quarter view, game background for a narrative mobile game. Moment: bags packed, unpacked and packed again in a small room. Usual place, adapt if the moment says otherwise: small soviet-era apartment bedroom, open suitcase on the floor surrounded by folded clothes and books, window with grey overcast sky and concrete apartment blocks outside, old carpet on the wall, cold blue-grey muted colors, evening light from a desk lamp, quiet and sad.","blurry, gradient, photorealistic, 3d render, text, letters, watermark, jpeg artifacts, extra fingers, face close-up",dust
dep_wait__1.png,3,"pixel art scene, 180x135, limited palette (Endesga 32), clean 1px outlines, no anti-aliasing, no text, cozy melancholic mood, side or three-quarter view, game background for a narrative mobile game. Moment: the man staring at a clock above the packed bags. Usual place, adapt if the moment says otherwise: small soviet-era apartment bedroom, open suitcase on the floor surrounded by folded clothes and books, window with grey overcast sky and concrete apartment blocks outside, old carpet on the wall, cold blue-grey muted colors, evening light from a desk lamp, quiet and sad.","blurry, gradient, photorealistic, 3d render, text, letters, watermark, jpeg artifacts, extra fingers, face close-up",dust
tb_border__1.png,3,"pixel art scene, 180x135, limited palette (Endesga 32), clean 1px outlines, no anti-aliasing, no text, cozy melancholic mood, side or three-quarter view, game background for a narrative mobile game. Moment: the officer laughing and stamping the passport, the man with a hand on his heart. Usual place, adapt if the moment says otherwise: passport control booth seen from traveler's point of view, border officer behind glass looking at a passport, stamp in hand, harsh fluorescent light, tense.","blurry, gradient, photorealistic, 3d render, text, letters, watermark, jpeg artifacts, extra fingers, face close-up",none
tb_arrival.png,3,"pixel art scene, 180x135, limited palette (Endesga 32), clean 1px outlines, no anti-aliasing, no text, cozy melancholic mood, side or three-quarter view, game background for a narrative mobile game. Moment: a small tbilisi hotel room for three: one bed, one desk, a window onto a courtyard where a man is fixing an old car. Usual place, adapt if the moment says otherwise: small hotel room in tbilisi, one double bed with a laptop on it, a desk with a second laptop, a small boy with headphones watching cartoons between them, open suitcases, toy cars under the bed, window to a courtyard with old wooden balconies, warm lamp light, crowded but cozy.","blurry, gradient, photorealistic, 3d render, text, letters, watermark, jpeg artifacts, extra fingers, face close-up",none
tb_arrival__1.png,3,"pixel art scene, 180x135, limited palette (Endesga 32), clean 1px outlines, no anti-aliasing, no text, cozy melancholic mood, side or three-quarter view, game background for a narrative mobile game. Moment: the same room ten minutes later, cozy and lived-in, a toddler building a garage of toy cars under the bed. Usual place, adapt if the moment says otherwise: small hotel room in tbilisi, one double bed with a laptop on it, a desk with a second laptop, a small boy with headphones watching cartoons between them, open suitcases, toy cars under the bed, window to a courtyard with old wooden balconies, warm lamp light, crowded but cozy.","blurry, gradient, photorealistic, 3d render, text, letters, watermark, jpeg artifacts, extra fingers, face close-up",none
tb_arrival__2.png,3,"pixel art scene, 180x135, limited palette (Endesga 32), clean 1px outlines, no anti-aliasing, no text, cozy melancholic mood, side or three-quarter view, game background for a narrative mobile game. Moment: closed suitcases stacked by the wall, the man digging through one for socks. Usual place, adapt if the moment says otherwise: small hotel room in tbilisi, one double bed with a laptop on it, a desk with a second laptop, a small boy with headphones watching cartoons between them, open suitcases, toy cars under the bed, window to a courtyard with old wooden balconies, warm lamp light, crowded but cozy.","blurry, gradient, photorealistic, 3d render, text, letters, watermark, jpeg artifacts, extra fingers, face close-up",none
tb_arrival__3.png,3,"pixel art scene, 180x135, limited palette (Endesga 32), clean 1px outlines, no anti-aliasing, no text, cozy melancholic mood, side or three-quarter view, game background for a narrative mobile game. Moment: the man on a video call on the bed among unopened suitcases while the toddler jumps on the mattress. Usual place, adapt if the moment says otherwise: small hotel room in tbilisi, one double bed with a laptop on it, a desk with a second laptop, a small boy with headphones watching cartoons between them, open suitcases, toy cars under the bed, window to a courtyard with old wooden balconies, warm lamp light, crowded but cozy.","blurry, gradient, photorealistic, 3d render, text, letters, watermark, jpeg artifacts, extra fingers, face close-up",none
crypto_check.png,3,"pixel art scene, 180x135, limited palette (Endesga 32), clean 1px outlines, no anti-aliasing, no text, cozy melancholic mood, side or three-quarter view, game background for a narrative mobile game. Moment: a phone screen showing a crypto wallet balance and a sticker of a cat saying good luck, hotel bed sheets around. Usual place, adapt if the moment says otherwise: close-up of a smartphone held in a hand, screen glowing with an abstract notification (no readable text), blurred room background, pixel art UI icons on screen.","blurry, gradient, photorealistic, 3d render, text, letters, watermark, jpeg artifacts, extra fingers, face close-up",none
crypto_check__1.png,3,"pixel art scene, 180x135, limited palette (Endesga 32), clean 1px outlines, no anti-aliasing, no text, cozy melancholic mood, side or three-quarter view, game background for a narrative mobile game. Moment: the man lying on the hotel bed exhaling, phone on his chest. Usual place, adapt if the moment says otherwise: close-up of a smartphone held in a hand, screen glowing with an abstract notification (no readable text), blurred room background, pixel art UI icons on screen.","blurry, gradient, photorealistic, 3d render, text, letters, watermark, jpeg artifacts, extra fingers, face close-up",none
tb_work_bed.png,3,"pixel art scene, 180x135, limited palette (Endesga 32), clean 1px outlines, no anti-aliasing, no text, cozy melancholic mood, side or three-quarter view, game background for a narrative mobile game. Moment: a hotel room as an office: the man on the bed with a laptop, the woman at the desk with a laptop, the toddler between them watching cartoons. Usual place, adapt if the moment says otherwise: small hotel room in tbilisi, one double bed with a laptop on it, a desk with a second laptop, a small boy with headphones watching cartoons between them, open suitcases, toy cars under the bed, window to a courtyard with old wooden balconies, warm lamp light, crowded but cozy.","blurry, gradient, photorealistic, 3d render, text, letters, watermark, jpeg artifacts, extra fingers, face close-up",none
tb_work_bed__1.png,3,"pixel art scene, 180x135, limited palette (Endesga 32), clean 1px outlines, no anti-aliasing, no text, cozy melancholic mood, side or three-quarter view, game background for a narrative mobile game. Moment: the man sitting on the edge of a bathtub presenting on a laptop, tiles behind him. Usual place, adapt if the moment says otherwise: small hotel room in tbilisi, one double bed with a laptop on it, a desk with a second laptop, a small boy with headphones watching cartoons between them, open suitcases, toy cars under the bed, window to a courtyard with old wooden balconies, warm lamp light, crowded but cozy.","blurry, gradient, photorealistic, 3d render, text, letters, watermark, jpeg artifacts, extra fingers, face close-up",none
tb_work_bed__2.png,3,"pixel art scene, 180x135, limited palette (Endesga 32), clean 1px outlines, no anti-aliasing, no text, cozy melancholic mood, side or three-quarter view, game background for a narrative mobile game. Moment: the man working at night by laptop light, the family asleep, city lights in the window. Usual place, adapt if the moment says otherwise: small hotel room in tbilisi, one double bed with a laptop on it, a desk with a second laptop, a small boy with headphones watching cartoons between them, open suitcases, toy cars under the bed, window to a courtyard with old wooden balconies, warm lamp light, crowded but cozy. small lit windows or lamps scattered in the upper two thirds.","blurry, gradient, photorealistic, 3d render, text, letters, watermark, jpeg artifacts, extra fingers, face close-up",lights
tb_work_bed__3.png,3,"pixel art scene, 180x135, limited palette (Endesga 32), clean 1px outlines, no anti-aliasing, no text, cozy melancholic mood, side or three-quarter view, game background for a narrative mobile game. Moment: a toddler on the man's lap waving into a laptop camera, a smiling boss on screen. Usual place, adapt if the moment says otherwise: small hotel room in tbilisi, one double bed with a laptop on it, a desk with a second laptop, a small boy with headphones watching cartoons between them, open suitcases, toy cars under the bed, window to a courtyard with old wooden balconies, warm lamp light, crowded but cozy.","blurry, gradient, photorealistic, 3d render, text, letters, watermark, jpeg artifacts, extra fingers, face close-up",none
tb_breakfast.png,3,"pixel art scene, 180x135, limited palette (Endesga 32), clean 1px outlines, no anti-aliasing, no text, cozy melancholic mood, side or three-quarter view, game background for a narrative mobile game. Moment: a hotel breakfast buffet with khachapuri, cheese and fat tomatoes, a toddler with a plate of french fries. Usual place, adapt if the moment says otherwise: small hotel room in tbilisi, one double bed with a laptop on it, a desk with a second laptop, a small boy with headphones watching cartoons between them, open suitcases, toy cars under the bed, window to a courtyard with old wooden balconies, warm lamp light, crowded but cozy. a steaming cup or pot near the center of the frame.","blurry, gradient, photorealistic, 3d render, text, letters, watermark, jpeg artifacts, extra fingers, face close-up",steam
tb_breakfast__1.png,3,"pixel art scene, 180x135, limited palette (Endesga 32), clean 1px outlines, no anti-aliasing, no text, cozy melancholic mood, side or three-quarter view, game background for a narrative mobile game. Moment: the man with a plate stacked with khachapuri. Usual place, adapt if the moment says otherwise: small hotel room in tbilisi, one double bed with a laptop on it, a desk with a second laptop, a small boy with headphones watching cartoons between them, open suitcases, toy cars under the bed, window to a courtyard with old wooden balconies, warm lamp light, crowded but cozy. a steaming cup or pot near the center of the frame.","blurry, gradient, photorealistic, 3d render, text, letters, watermark, jpeg artifacts, extra fingers, face close-up",steam
tb_breakfast__2.png,3,"pixel art scene, 180x135, limited palette (Endesga 32), clean 1px outlines, no anti-aliasing, no text, cozy melancholic mood, side or three-quarter view, game background for a narrative mobile game. Moment: the man wrapping a khachapuri in a napkin and hiding it in his bag. Usual place, adapt if the moment says otherwise: small hotel room in tbilisi, one double bed with a laptop on it, a desk with a second laptop, a small boy with headphones watching cartoons between them, open suitcases, toy cars under the bed, window to a courtyard with old wooden balconies, warm lamp light, crowded but cozy.","blurry, gradient, photorealistic, 3d render, text, letters, watermark, jpeg artifacts, extra fingers, face close-up",none
tb_breakfast__3.png,3,"pixel art scene, 180x135, limited palette (Endesga 32), clean 1px outlines, no anti-aliasing, no text, cozy melancholic mood, side or three-quarter view, game background for a narrative mobile game. Moment: the toddler biting the cheesy edge of a khachapuri with a suspicious face. Usual place, adapt if the moment says otherwise: small hotel room in tbilisi, one double bed with a laptop on it, a desk with a second laptop, a small boy with headphones watching cartoons between them, open suitcases, toy cars under the bed, window to a courtyard with old wooden balconies, warm lamp light, crowded but cozy. a steaming cup or pot near the center of the frame.","blurry, gradient, photorealistic, 3d render, text, letters, watermark, jpeg artifacts, extra fingers, face close-up",steam
tb_old_town.png,3,"pixel art scene, 180x135, limited palette (Endesga 32), clean 1px outlines, no anti-aliasing, no text, cozy melancholic mood, side or three-quarter view, game background for a narrative mobile game. Moment: old tbilisi in the evening: carved wooden balconies, steep streets, the man carrying the toddler on his shoulders. Usual place, adapt if the moment says otherwise: tbilisi old town at dusk, colorful carved wooden balconies, steep cobblestone street, sulfur bath domes, narikala fortress on the hill, father carrying a small boy on his shoulders seen from behind, warm lights. small lit windows or lamps scattered in the upper two thirds.","blurry, gradient, photorealistic, 3d render, text, letters, watermark, jpeg artifacts, extra fingers, face close-up",lights
tb_old_town__1.png,3,"pixel art scene, 180x135, limited palette (Endesga 32), clean 1px outlines, no anti-aliasing, no text, cozy melancholic mood, side or three-quarter view, game background for a narrative mobile game. Moment: view from narikala fortress over the lights of tbilisi, the toddler pointing at the city. Usual place, adapt if the moment says otherwise: tbilisi old town at dusk, colorful carved wooden balconies, steep cobblestone street, sulfur bath domes, narikala fortress on the hill, father carrying a small boy on his shoulders seen from behind, warm lights. small lit windows or lamps scattered in the upper two thirds.","blurry, gradient, photorealistic, 3d render, text, letters, watermark, jpeg artifacts, extra fingers, face close-up",lights
tb_old_town__2.png,3,"pixel art scene, 180x135, limited palette (Endesga 32), clean 1px outlines, no anti-aliasing, no text, cozy melancholic mood, side or three-quarter view, game background for a narrative mobile game. Moment: a tiny cafe table on a steep street, the owner handing a mandarin to the toddler. Usual place, adapt if the moment says otherwise: tbilisi old town at dusk, colorful carved wooden balconies, steep cobblestone street, sulfur bath domes, narikala fortress on the hill, father carrying a small boy on his shoulders seen from behind, warm lights. small lit windows or lamps scattered in the upper two thirds.","blurry, gradient, photorealistic, 3d render, text, letters, watermark, jpeg artifacts, extra fingers, face close-up",lights
tb_old_town__3.png,3,"pixel art scene, 180x135, limited palette (Endesga 32), clean 1px outlines, no anti-aliasing, no text, cozy melancholic mood, side or three-quarter view, game background for a narrative mobile game. Moment: domes of the sulfur baths with steam rising, the family coming out red-cheeked. Usual place, adapt if the moment says otherwise: tbilisi old town at dusk, colorful carved wooden balconies, steep cobblestone street, sulfur bath domes, narikala fortress on the hill, father carrying a small boy on his shoulders seen from behind, warm lights. a steaming cup or pot near the center of the frame.","blurry, gradient, photorealistic, 3d render, text, letters, watermark, jpeg artifacts, extra fingers, face close-up",steam
tb_atm.png,3,"pixel art scene, 180x135, limited palette (Endesga 32), clean 1px outlines, no anti-aliasing, no text, cozy melancholic mood, side or three-quarter view, game background for a narrative mobile game. Moment: a georgian atm on an old street, a small queue of russian-speaking people, a phone with a chat listing working atms. Usual place, adapt if the moment says otherwise: tbilisi old town at dusk, colorful carved wooden balconies, steep cobblestone street, sulfur bath domes, narikala fortress on the hill, father carrying a small boy on his shoulders seen from behind, warm lights.","blurry, gradient, photorealistic, 3d render, text, letters, watermark, jpeg artifacts, extra fingers, face close-up",none
tb_atm__1.png,3,"pixel art scene, 180x135, limited palette (Endesga 32), clean 1px outlines, no anti-aliasing, no text, cozy melancholic mood, side or three-quarter view, game background for a narrative mobile game. Moment: the atm slowly pushing out dollar bills, the man covering his eyes. Usual place, adapt if the moment says otherwise: tbilisi old town at dusk, colorful carved wooden balconies, steep cobblestone street, sulfur bath domes, narikala fortress on the hill, father carrying a small boy on his shoulders seen from behind, warm lights.","blurry, gradient, photorealistic, 3d render, text, letters, watermark, jpeg artifacts, extra fingers, face close-up",none
tb_atm__2.png,3,"pixel art scene, 180x135, limited palette (Endesga 32), clean 1px outlines, no anti-aliasing, no text, cozy melancholic mood, side or three-quarter view, game background for a narrative mobile game. Moment: the woman silently showing the man a map pin on her phone. Usual place, adapt if the moment says otherwise: tbilisi old town at dusk, colorful carved wooden balconies, steep cobblestone street, sulfur bath domes, narikala fortress on the hill, father carrying a small boy on his shoulders seen from behind, warm lights.","blurry, gradient, photorealistic, 3d render, text, letters, watermark, jpeg artifacts, extra fingers, face close-up",none
tb_atm__3.png,3,"pixel art scene, 180x135, limited palette (Endesga 32), clean 1px outlines, no anti-aliasing, no text, cozy melancholic mood, side or three-quarter view, game background for a narrative mobile game. Moment: the man on the phone to a friend while looking at three banking apps. Usual place, adapt if the moment says otherwise: tbilisi old town at dusk, colorful carved wooden balconies, steep cobblestone street, sulfur bath domes, narikala fortress on the hill, father carrying a small boy on his shoulders seen from behind, warm lights.","blurry, gradient, photorealistic, 3d render, text, letters, watermark, jpeg artifacts, extra fingers, face close-up",none
tb_bank.png,3,"pixel art scene, 180x135, limited palette (Endesga 32), clean 1px outlines, no anti-aliasing, no text, cozy melancholic mood, side or three-quarter view, game background for a narrative mobile game. Moment: a georgian bank hall with a long queue of tired people with passports and children, a form on the counter. Usual place, adapt if the moment says otherwise: small bank branch office, bank manager in a suit behind a desk holding a russian passport with a worried look, stack of forms, glass partition, neutral cold light.","blurry, gradient, photorealistic, 3d render, text, letters, watermark, jpeg artifacts, extra fingers, face close-up",none
tb_bank__1.png,3,"pixel art scene, 180x135, limited palette (Endesga 32), clean 1px outlines, no anti-aliasing, no text, cozy melancholic mood, side or three-quarter view, game background for a narrative mobile game. Moment: a pen laid down next to an unsigned form on the counter. Usual place, adapt if the moment says otherwise: small bank branch office, bank manager in a suit behind a desk holding a russian passport with a worried look, stack of forms, glass partition, neutral cold light.","blurry, gradient, photorealistic, 3d render, text, letters, watermark, jpeg artifacts, extra fingers, face close-up",none
tb_bank__2.png,3,"pixel art scene, 180x135, limited palette (Endesga 32), clean 1px outlines, no anti-aliasing, no text, cozy melancholic mood, side or three-quarter view, game background for a narrative mobile game. Moment: the man standing alone outside a bank entrance on a sunny street. Usual place, adapt if the moment says otherwise: small bank branch office, bank manager in a suit behind a desk holding a russian passport with a worried look, stack of forms, glass partition, neutral cold light.","blurry, gradient, photorealistic, 3d render, text, letters, watermark, jpeg artifacts, extra fingers, face close-up",none
tb_bank__3.png,3,"pixel art scene, 180x135, limited palette (Endesga 32), clean 1px outlines, no anti-aliasing, no text, cozy melancholic mood, side or three-quarter view, game background for a narrative mobile game. Moment: the woman's new bank card on a cafe table between two coffees. Usual place, adapt if the moment says otherwise: small bank branch office, bank manager in a suit behind a desk holding a russian passport with a worried look, stack of forms, glass partition, neutral cold light.","blurry, gradient, photorealistic, 3d render, text, letters, watermark, jpeg artifacts, extra fingers, face close-up",none
tb_wife_bank.png,3,"pixel art scene, 180x135, limited palette (Endesga 32), clean 1px outlines, no anti-aliasing, no text, cozy melancholic mood, side or three-quarter view, game background for a narrative mobile game. Moment: the woman holding up a new georgian bank card like a trophy outside a bank. Usual place, adapt if the moment says otherwise: small bank branch office, bank manager in a suit behind a desk holding a russian passport with a worried look, stack of forms, glass partition, neutral cold light.","blurry, gradient, photorealistic, 3d render, text, letters, watermark, jpeg artifacts, extra fingers, face close-up",none
tb_wife_bank__1.png,3,"pixel art scene, 180x135, limited palette (Endesga 32), clean 1px outlines, no anti-aliasing, no text, cozy melancholic mood, side or three-quarter view, game background for a narrative mobile game. Moment: the card tapped on a cafe terminal, two coffees on the counter. Usual place, adapt if the moment says otherwise: small bank branch office, bank manager in a suit behind a desk holding a russian passport with a worried look, stack of forms, glass partition, neutral cold light. a steaming cup or pot near the center of the frame.","blurry, gradient, photorealistic, 3d render, text, letters, watermark, jpeg artifacts, extra fingers, face close-up",steam
tb_gamarjoba.png,3,"pixel art scene, 180x135, limited palette (Endesga 32), clean 1px outlines, no anti-aliasing, no text, cozy melancholic mood, side or three-quarter view, game background for a narrative mobile game. Moment: a hotel corridor, an elderly georgian neighbour waving at the toddler who waves back, pigeons on the windowsill. Usual place, adapt if the moment says otherwise: tbilisi old town at dusk, colorful carved wooden balconies, steep cobblestone street, sulfur bath domes, narikala fortress on the hill, father carrying a small boy on his shoulders seen from behind, warm lights.","blurry, gradient, photorealistic, 3d render, text, letters, watermark, jpeg artifacts, extra fingers, face close-up",none
tb_gamarjoba__1.png,3,"pixel art scene, 180x135, limited palette (Endesga 32), clean 1px outlines, no anti-aliasing, no text, cozy melancholic mood, side or three-quarter view, game background for a narrative mobile game. Moment: the toddler waving at pigeons in a courtyard, the man saying thank you to the neighbour. Usual place, adapt if the moment says otherwise: tbilisi old town at dusk, colorful carved wooden balconies, steep cobblestone street, sulfur bath domes, narikala fortress on the hill, father carrying a small boy on his shoulders seen from behind, warm lights.","blurry, gradient, photorealistic, 3d render, text, letters, watermark, jpeg artifacts, extra fingers, face close-up",none
tb_mom_call.png,3,"pixel art scene, 180x135, limited palette (Endesga 32), clean 1px outlines, no anti-aliasing, no text, cozy melancholic mood, side or three-quarter view, game background for a narrative mobile game. Moment: a phone video call: a grandmother's face on screen, behind the camera a hotel room with two laptops and a toddler sitting inside a wardrobe. Usual place, adapt if the moment says otherwise: smartphone in hand during a video call, mother's face on the screen in a warm kitchen, background of the caller's cold lisbon room, emotional contrast warm screen vs cold room.","blurry, gradient, photorealistic, 3d render, text, letters, watermark, jpeg artifacts, extra fingers, face close-up",none
tb_mom_call__1.png,3,"pixel art scene, 180x135, limited palette (Endesga 32), clean 1px outlines, no anti-aliasing, no text, cozy melancholic mood, side or three-quarter view, game background for a narrative mobile game. Moment: the man holding the phone, the grandmother on screen nodding wisely. Usual place, adapt if the moment says otherwise: smartphone in hand during a video call, mother's face on the screen in a warm kitchen, background of the caller's cold lisbon room, emotional contrast warm screen vs cold room.","blurry, gradient, photorealistic, 3d render, text, letters, watermark, jpeg artifacts, extra fingers, face close-up",none
tb_mom_call__2.png,3,"pixel art scene, 180x135, limited palette (Endesga 32), clean 1px outlines, no anti-aliasing, no text, cozy melancholic mood, side or three-quarter view, game background for a narrative mobile game. Moment: the toddler holding the phone up to show grandmother the grey plush cat. Usual place, adapt if the moment says otherwise: smartphone in hand during a video call, mother's face on the screen in a warm kitchen, background of the caller's cold lisbon room, emotional contrast warm screen vs cold room.","blurry, gradient, photorealistic, 3d render, text, letters, watermark, jpeg artifacts, extra fingers, face close-up",none
tb_mom_call__3.png,3,"pixel art scene, 180x135, limited palette (Endesga 32), clean 1px outlines, no anti-aliasing, no text, cozy melancholic mood, side or three-quarter view, game background for a narrative mobile game. Moment: the phone pointed at the courtyard, a man under a car bonnet waving at the camera. Usual place, adapt if the moment says otherwise: smartphone in hand during a video call, mother's face on the screen in a warm kitchen, background of the caller's cold lisbon room, emotional contrast warm screen vs cold room.","blurry, gradient, photorealistic, 3d render, text, letters, watermark, jpeg artifacts, extra fingers, face close-up",none
tb_signagi__1.png,3,"pixel art scene, 180x135, limited palette (Endesga 32), clean 1px outlines, no anti-aliasing, no text, cozy melancholic mood, side or three-quarter view, game background for a narrative mobile game. Moment: the couple lying on a hotel bed scrolling wedding photos, the toddler pointing at the screen. Usual place, adapt if the moment says otherwise: tbilisi old town at dusk, colorful carved wooden balconies, steep cobblestone street, sulfur bath domes, narikala fortress on the hill, father carrying a small boy on his shoulders seen from behind, warm lights.","blurry, gradient, photorealistic, 3d render, text, letters, watermark, jpeg artifacts, extra fingers, face close-up",none
tb_signagi__2.png,3,"pixel art scene, 180x135, limited palette (Endesga 32), clean 1px outlines, no anti-aliasing, no text, cozy melancholic mood, side or three-quarter view, game background for a narrative mobile game. Moment: the couple shaking little fingers in a promise at a window. Usual place, adapt if the moment says otherwise: tbilisi old town at dusk, colorful carved wooden balconies, steep cobblestone street, sulfur bath domes, narikala fortress on the hill, father carrying a small boy on his shoulders seen from behind, warm lights.","blurry, gradient, photorealistic, 3d render, text, letters, watermark, jpeg artifacts, extra fingers, face close-up",none
tb_signagi__3.png,3,"pixel art scene, 180x135, limited palette (Endesga 32), clean 1px outlines, no anti-aliasing, no text, cozy melancholic mood, side or three-quarter view, game background for a narrative mobile game. Moment: the family on the city wall of sighnaghi, the toddler running where the couple once stood. Usual place, adapt if the moment says otherwise: tbilisi old town at dusk, colorful carved wooden balconies, steep cobblestone street, sulfur bath domes, narikala fortress on the hill, father carrying a small boy on his shoulders seen from behind, warm lights.","blurry, gradient, photorealistic, 3d render, text, letters, watermark, jpeg artifacts, extra fingers, face close-up",none
tb_one_room.png,3,"pixel art scene, 180x135, limited palette (Endesga 32), clean 1px outlines, no anti-aliasing, no text, cozy melancholic mood, side or three-quarter view, game background for a narrative mobile game. Moment: a georgian restaurant at night, plates of khinkali, a toddler asleep at the table. Usual place, adapt if the moment says otherwise: georgian cafe table with a boat-shaped adjarian khachapuri with egg and butter, a small boy eating only the crust, father's hand with a fork, warm light. small lit windows or lamps scattered in the upper two thirds.","blurry, gradient, photorealistic, 3d render, text, letters, watermark, jpeg artifacts, extra fingers, face close-up",lights
tb_one_room__1.png,3,"pixel art scene, 180x135, limited palette (Endesga 32), clean 1px outlines, no anti-aliasing, no text, cozy melancholic mood, side or three-quarter view, game background for a narrative mobile game. Moment: a toddler asleep on two chairs under the man's jacket, the couple talking over khinkali. Usual place, adapt if the moment says otherwise: georgian cafe table with a boat-shaped adjarian khachapuri with egg and butter, a small boy eating only the crust, father's hand with a fork, warm light. small lit windows or lamps scattered in the upper two thirds.","blurry, gradient, photorealistic, 3d render, text, letters, watermark, jpeg artifacts, extra fingers, face close-up",lights
tb_one_room__2.png,3,"pixel art scene, 180x135, limited palette (Endesga 32), clean 1px outlines, no anti-aliasing, no text, cozy melancholic mood, side or three-quarter view, game background for a narrative mobile game. Moment: the man carrying the sleeping toddler through night tbilisi, the woman holding his elbow. Usual place, adapt if the moment says otherwise: georgian cafe table with a boat-shaped adjarian khachapuri with egg and butter, a small boy eating only the crust, father's hand with a fork, warm light. small lit windows or lamps scattered in the upper two thirds.","blurry, gradient, photorealistic, 3d render, text, letters, watermark, jpeg artifacts, extra fingers, face close-up",lights
tb_one_room__3.png,3,"pixel art scene, 180x135, limited palette (Endesga 32), clean 1px outlines, no anti-aliasing, no text, cozy melancholic mood, side or three-quarter view, game background for a narrative mobile game. Moment: the couple on a narrow hotel balcony with tea, looking down at the courtyard. Usual place, adapt if the moment says otherwise: georgian cafe table with a boat-shaped adjarian khachapuri with egg and butter, a small boy eating only the crust, father's hand with a fork, warm light. keep dark night sky in the upper part of the frame.","blurry, gradient, photorealistic, 3d render, text, letters, watermark, jpeg artifacts, extra fingers, face close-up",stars
tb_trip__1.png,3,"pixel art scene, 180x135, limited palette (Endesga 32), clean 1px outlines, no anti-aliasing, no text, cozy melancholic mood, side or three-quarter view, game background for a narrative mobile game. Moment: an over-decorated batumi flat: gilded moulding, an opera-style chandelier, the black sea in the window. Usual place, adapt if the moment says otherwise: small rental car on a winding mountain road in georgia, green mountains, low clouds, view from behind the car, a toddler asleep in a child seat visible through the rear window, early spring, calm road-trip mood. keep water in the lower third of the frame.","blurry, gradient, photorealistic, 3d render, text, letters, watermark, jpeg artifacts, extra fingers, face close-up",sea
tb_trip__2.png,3,"pixel art scene, 180x135, limited palette (Endesga 32), clean 1px outlines, no anti-aliasing, no text, cozy melancholic mood, side or three-quarter view, game background for a narrative mobile game. Moment: five apartment doors in a row, one with no windows, one with a fat cat sitting in it. Usual place, adapt if the moment says otherwise: small rental car on a winding mountain road in georgia, green mountains, low clouds, view from behind the car, a toddler asleep in a child seat visible through the rear window, early spring, calm road-trip mood.","blurry, gradient, photorealistic, 3d render, text, letters, watermark, jpeg artifacts, extra fingers, face close-up",none
tb_trip__3.png,3,"pixel art scene, 180x135, limited palette (Endesga 32), clean 1px outlines, no anti-aliasing, no text, cozy melancholic mood, side or three-quarter view, game background for a narrative mobile game. Moment: the man shaking hands with a smiling landlord under a golden chandelier. Usual place, adapt if the moment says otherwise: small rental car on a winding mountain road in georgia, green mountains, low clouds, view from behind the car, a toddler asleep in a child seat visible through the rear window, early spring, calm road-trip mood.","blurry, gradient, photorealistic, 3d render, text, letters, watermark, jpeg artifacts, extra fingers, face close-up",none
tb_where_next.png,3,"pixel art scene, 180x135, limited palette (Endesga 32), clean 1px outlines, no anti-aliasing, no text, cozy melancholic mood, side or three-quarter view, game background for a narrative mobile game. Moment: the toddler standing at the hotel window looking out, two suitcases and three backpacks packed by the door. Usual place, adapt if the moment says otherwise: small hotel room in tbilisi, one double bed with a laptop on it, a desk with a second laptop, a small boy with headphones watching cartoons between them, open suitcases, toy cars under the bed, window to a courtyard with old wooden balconies, warm lamp light, crowded but cozy.","blurry, gradient, photorealistic, 3d render, text, letters, watermark, jpeg artifacts, extra fingers, face close-up",none
tb_where_next__1.png,3,"pixel art scene, 180x135, limited palette (Endesga 32), clean 1px outlines, no anti-aliasing, no text, cozy melancholic mood, side or three-quarter view, game background for a narrative mobile game. Moment: the family loading bags into a car, the toddler squealing with joy. Usual place, adapt if the moment says otherwise: small hotel room in tbilisi, one double bed with a laptop on it, a desk with a second laptop, a small boy with headphones watching cartoons between them, open suitcases, toy cars under the bed, window to a courtyard with old wooden balconies, warm lamp light, crowded but cozy.","blurry, gradient, photorealistic, 3d render, text, letters, watermark, jpeg artifacts, extra fingers, face close-up",none
tb_day.png,3,"pixel art scene, 180x135, limited palette (Endesga 32), clean 1px outlines, no anti-aliasing, no text, cozy melancholic mood, side or three-quarter view, game background for a narrative mobile game. Moment: another day in the hotel room: laptops, khachapuri, cartoons, the man in the courtyard still fixing his car. Usual place, adapt if the moment says otherwise: small hotel room in tbilisi, one double bed with a laptop on it, a desk with a second laptop, a small boy with headphones watching cartoons between them, open suitcases, toy cars under the bed, window to a courtyard with old wooden balconies, warm lamp light, crowded but cozy.","blurry, gradient, photorealistic, 3d render, text, letters, watermark, jpeg artifacts, extra fingers, face close-up",none
tb_day__1.png,3,"pixel art scene, 180x135, limited palette (Endesga 32), clean 1px outlines, no anti-aliasing, no text, cozy melancholic mood, side or three-quarter view, game background for a narrative mobile game. Moment: the courtyard seen from the window, the car bonnet still open. Usual place, adapt if the moment says otherwise: small hotel room in tbilisi, one double bed with a laptop on it, a desk with a second laptop, a small boy with headphones watching cartoons between them, open suitcases, toy cars under the bed, window to a courtyard with old wooden balconies, warm lamp light, crowded but cozy.","blurry, gradient, photorealistic, 3d render, text, letters, watermark, jpeg artifacts, extra fingers, face close-up",none
bat_flat__1.png,3,"pixel art scene, 180x135, limited palette (Endesga 32), clean 1px outlines, no anti-aliasing, no text, cozy melancholic mood, side or three-quarter view, game background for a narrative mobile game. Moment: toy cars lined up on the windowsill, the grey plush cat on the bed, laptops on a gold-legged table. Usual place, adapt if the moment says otherwise: high-rise apartment in batumi, big balcony window with the black sea filling the whole view, sparse rented furniture, a toy railway on the floor, a boy on the balcony waving at the sea, soft grey-green sea light. keep water in the lower third of the frame.","blurry, gradient, photorealistic, 3d render, text, letters, watermark, jpeg artifacts, extra fingers, face close-up",sea
bat_flat__2.png,3,"pixel art scene, 180x135, limited palette (Endesga 32), clean 1px outlines, no anti-aliasing, no text, cozy melancholic mood, side or three-quarter view, game background for a narrative mobile game. Moment: the family walking onto a pebble beach still carrying a backpack, the toddler throwing his first stone into the sea. Usual place, adapt if the moment says otherwise: high-rise apartment in batumi, big balcony window with the black sea filling the whole view, sparse rented furniture, a toy railway on the floor, a boy on the balcony waving at the sea, soft grey-green sea light. keep water in the lower third of the frame.","blurry, gradient, photorealistic, 3d render, text, letters, watermark, jpeg artifacts, extra fingers, face close-up",sea
bat_flat__3.png,3,"pixel art scene, 180x135, limited palette (Endesga 32), clean 1px outlines, no anti-aliasing, no text, cozy melancholic mood, side or three-quarter view, game background for a narrative mobile game. Moment: the family asleep in their clothes on a big bed with golden legs, sea light on the ceiling. Usual place, adapt if the moment says otherwise: high-rise apartment in batumi, big balcony window with the black sea filling the whole view, sparse rented furniture, a toy railway on the floor, a boy on the balcony waving at the sea, soft grey-green sea light. keep water in the lower third of the frame.","blurry, gradient, photorealistic, 3d render, text, letters, watermark, jpeg artifacts, extra fingers, face close-up",sea
bat_lift.png,3,"pixel art scene, 180x135, limited palette (Endesga 32), clean 1px outlines, no anti-aliasing, no text, cozy melancholic mood, side or three-quarter view, game background for a narrative mobile game. Moment: a georgian apartment block lobby with a coin-operated elevator, the man holding a toddler and shopping bags. Usual place, adapt if the moment says otherwise: high-rise apartment in batumi, big balcony window with the black sea filling the whole view, sparse rented furniture, a toy railway on the floor, a boy on the balcony waving at the sea, soft grey-green sea light.","blurry, gradient, photorealistic, 3d render, text, letters, watermark, jpeg artifacts, extra fingers, face close-up",none
bat_lift__1.png,3,"pixel art scene, 180x135, limited palette (Endesga 32), clean 1px outlines, no anti-aliasing, no text, cozy melancholic mood, side or three-quarter view, game background for a narrative mobile game. Moment: the man turning out his pockets: coins, a receipt, a toy car; a neighbour tapping her elevator card. Usual place, adapt if the moment says otherwise: high-rise apartment in batumi, big balcony window with the black sea filling the whole view, sparse rented furniture, a toy railway on the floor, a boy on the balcony waving at the sea, soft grey-green sea light.","blurry, gradient, photorealistic, 3d render, text, letters, watermark, jpeg artifacts, extra fingers, face close-up",none
bat_lift__2.png,3,"pixel art scene, 180x135, limited palette (Endesga 32), clean 1px outlines, no anti-aliasing, no text, cozy melancholic mood, side or three-quarter view, game background for a narrative mobile game. Moment: the man climbing an endless staircase with a toddler on one arm and bags in the other. Usual place, adapt if the moment says otherwise: high-rise apartment in batumi, big balcony window with the black sea filling the whole view, sparse rented furniture, a toy railway on the floor, a boy on the balcony waving at the sea, soft grey-green sea light.","blurry, gradient, photorealistic, 3d render, text, letters, watermark, jpeg artifacts, extra fingers, face close-up",none
bat_lift__3.png,3,"pixel art scene, 180x135, limited palette (Endesga 32), clean 1px outlines, no anti-aliasing, no text, cozy melancholic mood, side or three-quarter view, game background for a narrative mobile game. Moment: the man and toddler sitting on a step, a smiling neighbour coming down the stairs. Usual place, adapt if the moment says otherwise: high-rise apartment in batumi, big balcony window with the black sea filling the whole view, sparse rented furniture, a toy railway on the floor, a boy on the balcony waving at the sea, soft grey-green sea light.","blurry, gradient, photorealistic, 3d render, text, letters, watermark, jpeg artifacts, extra fingers, face close-up",none
bat_neighbor_price.png,3,"pixel art scene, 180x135, limited palette (Endesga 32), clean 1px outlines, no anti-aliasing, no text, cozy melancholic mood, side or three-quarter view, game background for a narrative mobile game. Moment: inside an old slow elevator, a chatty neighbour in a housecoat talking to the man. Usual place, adapt if the moment says otherwise: high-rise apartment in batumi, big balcony window with the black sea filling the whole view, sparse rented furniture, a toy railway on the floor, a boy on the balcony waving at the sea, soft grey-green sea light.","blurry, gradient, photorealistic, 3d render, text, letters, watermark, jpeg artifacts, extra fingers, face close-up",none
bat_neighbor_price__1.png,3,"pixel art scene, 180x135, limited palette (Endesga 32), clean 1px outlines, no anti-aliasing, no text, cozy melancholic mood, side or three-quarter view, game background for a narrative mobile game. Moment: the man on his balcony at sunset looking at the sea, a rent invoice in his hand. Usual place, adapt if the moment says otherwise: high-rise apartment in batumi, big balcony window with the black sea filling the whole view, sparse rented furniture, a toy railway on the floor, a boy on the balcony waving at the sea, soft grey-green sea light. keep water in the lower third of the frame.","blurry, gradient, photorealistic, 3d render, text, letters, watermark, jpeg artifacts, extra fingers, face close-up",sea
bat_month_both.png,3,"pixel art scene, 180x135, limited palette (Endesga 32), clean 1px outlines, no anti-aliasing, no text, cozy melancholic mood, side or three-quarter view, game background for a narrative mobile game. Moment: a phone banking app on a balcony railing, two salaries in, rent out, the sea behind. Usual place, adapt if the moment says otherwise: close-up of a smartphone held in a hand, screen glowing with an abstract notification (no readable text), blurred room background, pixel art UI icons on screen. keep water in the lower third of the frame.","blurry, gradient, photorealistic, 3d render, text, letters, watermark, jpeg artifacts, extra fingers, face close-up",sea
bat_month_both__1.png,3,"pixel art scene, 180x135, limited palette (Endesga 32), clean 1px outlines, no anti-aliasing, no text, cozy melancholic mood, side or three-quarter view, game background for a narrative mobile game. Moment: a small jar of saved coins on the gold-legged table, sea in the window. Usual place, adapt if the moment says otherwise: close-up of a smartphone held in a hand, screen glowing with an abstract notification (no readable text), blurred room background, pixel art UI icons on screen. keep water in the lower third of the frame.","blurry, gradient, photorealistic, 3d render, text, letters, watermark, jpeg artifacts, extra fingers, face close-up",sea
bat_month_me.png,3,"pixel art scene, 180x135, limited palette (Endesga 32), clean 1px outlines, no anti-aliasing, no text, cozy melancholic mood, side or three-quarter view, game background for a narrative mobile game. Moment: the woman at night scrolling job listings on a laptop with a serious face, the man cooking soup. Usual place, adapt if the moment says otherwise: close-up of a smartphone held in a hand, screen glowing with an abstract notification (no readable text), blurred room background, pixel art UI icons on screen. a steaming cup or pot near the center of the frame.","blurry, gradient, photorealistic, 3d render, text, letters, watermark, jpeg artifacts, extra fingers, face close-up",steam
bat_month_me__1.png,3,"pixel art scene, 180x135, limited palette (Endesga 32), clean 1px outlines, no anti-aliasing, no text, cozy melancholic mood, side or three-quarter view, game background for a narrative mobile game. Moment: a belt being tightened symbolically, a small grocery bag on the kitchen table. Usual place, adapt if the moment says otherwise: close-up of a smartphone held in a hand, screen glowing with an abstract notification (no readable text), blurred room background, pixel art UI icons on screen.","blurry, gradient, photorealistic, 3d render, text, letters, watermark, jpeg artifacts, extra fingers, face close-up",none
bat_month_wife.png,3,"pixel art scene, 180x135, limited palette (Endesga 32), clean 1px outlines, no anti-aliasing, no text, cozy melancholic mood, side or three-quarter view, game background for a narrative mobile game. Moment: the man cooking soup with a toddler on his hip, cover letters open on a laptop. Usual place, adapt if the moment says otherwise: close-up of a smartphone held in a hand, screen glowing with an abstract notification (no readable text), blurred room background, pixel art UI icons on screen. a steaming cup or pot near the center of the frame.","blurry, gradient, photorealistic, 3d render, text, letters, watermark, jpeg artifacts, extra fingers, face close-up",steam
bat_month_wife__1.png,3,"pixel art scene, 180x135, limited palette (Endesga 32), clean 1px outlines, no anti-aliasing, no text, cozy melancholic mood, side or three-quarter view, game background for a narrative mobile game. Moment: the man typing a cover letter late at night, a pot cooling on the stove. Usual place, adapt if the moment says otherwise: close-up of a smartphone held in a hand, screen glowing with an abstract notification (no readable text), blurred room background, pixel art UI icons on screen.","blurry, gradient, photorealistic, 3d render, text, letters, watermark, jpeg artifacts, extra fingers, face close-up",none
bat_month_none.png,3,"pixel art scene, 180x135, limited palette (Endesga 32), clean 1px outlines, no anti-aliasing, no text, cozy melancholic mood, side or three-quarter view, game background for a narrative mobile game. Moment: an empty wallet next to a rent invoice on a gilded table. Usual place, adapt if the moment says otherwise: close-up of a smartphone held in a hand, screen glowing with an abstract notification (no readable text), blurred room background, pixel art UI icons on screen.","blurry, gradient, photorealistic, 3d render, text, letters, watermark, jpeg artifacts, extra fingers, face close-up",none
bat_month_none__1.png,3,"pixel art scene, 180x135, limited palette (Endesga 32), clean 1px outlines, no anti-aliasing, no text, cozy melancholic mood, side or three-quarter view, game background for a narrative mobile game. Moment: a savings account balance dropping on a phone screen, the man rubbing his eyes. Usual place, adapt if the moment says otherwise: close-up of a smartphone held in a hand, screen glowing with an abstract notification (no readable text), blurred room background, pixel art UI icons on screen.","blurry, gradient, photorealistic, 3d render, text, letters, watermark, jpeg artifacts, extra fingers, face close-up",none
bat_my_bank.png,3,"pixel art scene, 180x135, limited palette (Endesga 32), clean 1px outlines, no anti-aliasing, no text, cozy melancholic mood, side or three-quarter view, game background for a narrative mobile game. Moment: a small bank office in batumi, a smiling clerk handing a bank card across the counter. Usual place, adapt if the moment says otherwise: small bank branch office, bank manager in a suit behind a desk holding a russian passport with a worried look, stack of forms, glass partition, neutral cold light.","blurry, gradient, photorealistic, 3d render, text, letters, watermark, jpeg artifacts, extra fingers, face close-up",none
bat_my_bank__1.png,3,"pixel art scene, 180x135, limited palette (Endesga 32), clean 1px outlines, no anti-aliasing, no text, cozy melancholic mood, side or three-quarter view, game background for a narrative mobile game. Moment: the man holding his new georgian bank card like a small anchor. Usual place, adapt if the moment says otherwise: small bank branch office, bank manager in a suit behind a desk holding a russian passport with a worried look, stack of forms, glass partition, neutral cold light.","blurry, gradient, photorealistic, 3d render, text, letters, watermark, jpeg artifacts, extra fingers, face close-up",none
bat_my_bank__2.png,3,"pixel art scene, 180x135, limited palette (Endesga 32), clean 1px outlines, no anti-aliasing, no text, cozy melancholic mood, side or three-quarter view, game background for a narrative mobile game. Moment: the clerk shrugging with a knowing smile, a queue of people like him behind. Usual place, adapt if the moment says otherwise: small bank branch office, bank manager in a suit behind a desk holding a russian passport with a worried look, stack of forms, glass partition, neutral cold light.","blurry, gradient, photorealistic, 3d render, text, letters, watermark, jpeg artifacts, extra fingers, face close-up",none
bat_my_bank__3.png,3,"pixel art scene, 180x135, limited palette (Endesga 32), clean 1px outlines, no anti-aliasing, no text, cozy melancholic mood, side or three-quarter view, game background for a narrative mobile game. Moment: two bank cards on the counter side by side, the woman taking hers. Usual place, adapt if the moment says otherwise: small bank branch office, bank manager in a suit behind a desk holding a russian passport with a worried look, stack of forms, glass partition, neutral cold light.","blurry, gradient, photorealistic, 3d render, text, letters, watermark, jpeg artifacts, extra fingers, face close-up",none
bat_car_trip.png,3,"pixel art scene, 180x135, limited palette (Endesga 32), clean 1px outlines, no anti-aliasing, no text, cozy melancholic mood, side or three-quarter view, game background for a narrative mobile game. Moment: the man searching the flat for his bank card, drawers open, a toddler watching very innocently. Usual place, adapt if the moment says otherwise: high-rise apartment in batumi, big balcony window with the black sea filling the whole view, sparse rented furniture, a toy railway on the floor, a boy on the balcony waving at the sea, soft grey-green sea light.","blurry, gradient, photorealistic, 3d render, text, letters, watermark, jpeg artifacts, extra fingers, face close-up",none
bat_car_trip__1.png,3,"pixel art scene, 180x135, limited palette (Endesga 32), clean 1px outlines, no anti-aliasing, no text, cozy melancholic mood, side or three-quarter view, game background for a narrative mobile game. Moment: the man digging through cardboard boxes by the door, finding the card in the third one. Usual place, adapt if the moment says otherwise: high-rise apartment in batumi, big balcony window with the black sea filling the whole view, sparse rented furniture, a toy railway on the floor, a boy on the balcony waving at the sea, soft grey-green sea light.","blurry, gradient, photorealistic, 3d render, text, letters, watermark, jpeg artifacts, extra fingers, face close-up",none
bat_car_trip__2.png,3,"pixel art scene, 180x135, limited palette (Endesga 32), clean 1px outlines, no anti-aliasing, no text, cozy melancholic mood, side or three-quarter view, game background for a narrative mobile game. Moment: the toddler silently leading the man by the hand to a pile of boxes. Usual place, adapt if the moment says otherwise: high-rise apartment in batumi, big balcony window with the black sea filling the whole view, sparse rented furniture, a toy railway on the floor, a boy on the balcony waving at the sea, soft grey-green sea light.","blurry, gradient, photorealistic, 3d render, text, letters, watermark, jpeg artifacts, extra fingers, face close-up",none
bat_car_trip__3.png,3,"pixel art scene, 180x135, limited palette (Endesga 32), clean 1px outlines, no anti-aliasing, no text, cozy melancholic mood, side or three-quarter view, game background for a narrative mobile game. Moment: the woman on a video call pointing calmly toward the boxes without looking up. Usual place, adapt if the moment says otherwise: high-rise apartment in batumi, big balcony window with the black sea filling the whole view, sparse rented furniture, a toy railway on the floor, a boy on the balcony waving at the sea, soft grey-green sea light.","blurry, gradient, photorealistic, 3d render, text, letters, watermark, jpeg artifacts, extra fingers, face close-up",none
bat_car__1.png,3,"pixel art scene, 180x135, limited palette (Endesga 32), clean 1px outlines, no anti-aliasing, no text, cozy melancholic mood, side or three-quarter view, game background for a narrative mobile game. Moment: the man proudly standing by a red jetta gli, his friend shaking his head, the woman looking at the low clearance. Usual place, adapt if the moment says otherwise: batumi street with a mix of old houses and glass towers, used cars parked along the road, wet asphalt, neon signs (unreadable), a car market vibe, cloudy sky.","blurry, gradient, photorealistic, 3d render, text, letters, watermark, jpeg artifacts, extra fingers, face close-up",none
bat_car__2.png,3,"pixel art scene, 180x135, limited palette (Endesga 32), clean 1px outlines, no anti-aliasing, no text, cozy melancholic mood, side or three-quarter view, game background for a narrative mobile game. Moment: an old tall suv that does not start on the first try, the friend nodding approval. Usual place, adapt if the moment says otherwise: batumi street with a mix of old houses and glass towers, used cars parked along the road, wet asphalt, neon signs (unreadable), a car market vibe, cloudy sky.","blurry, gradient, photorealistic, 3d render, text, letters, watermark, jpeg artifacts, extra fingers, face close-up",none
bat_car__3.png,3,"pixel art scene, 180x135, limited palette (Endesga 32), clean 1px outlines, no anti-aliasing, no text, cozy melancholic mood, side or three-quarter view, game background for a narrative mobile game. Moment: the man leaving the car market on foot with cash in his pocket, waving down a taxi. Usual place, adapt if the moment says otherwise: batumi street with a mix of old houses and glass towers, used cars parked along the road, wet asphalt, neon signs (unreadable), a car market vibe, cloudy sky.","blurry, gradient, photorealistic, 3d render, text, letters, watermark, jpeg artifacts, extra fingers, face close-up",none
bat_car_police.png,3,"pixel art scene, 180x135, limited palette (Endesga 32), clean 1px outlines, no anti-aliasing, no text, cozy melancholic mood, side or three-quarter view, game background for a narrative mobile game. Moment: a georgian police office, a laptop on the desk with a skype call to another police station where the seller waves. Usual place, adapt if the moment says otherwise: modern georgian public service hall, glass and wood, electronic queue screens, coffee corner, people with document folders, futuristic bureaucracy, bright clean light.","blurry, gradient, photorealistic, 3d render, text, letters, watermark, jpeg artifacts, extra fingers, face close-up",none
bat_car_police__1.png,3,"pixel art scene, 180x135, limited palette (Endesga 32), clean 1px outlines, no anti-aliasing, no text, cozy melancholic mood, side or three-quarter view, game background for a narrative mobile game. Moment: the man waving at the seller on the laptop screen, a policeman stamping a paper. Usual place, adapt if the moment says otherwise: modern georgian public service hall, glass and wood, electronic queue screens, coffee corner, people with document folders, futuristic bureaucracy, bright clean light.","blurry, gradient, photorealistic, 3d render, text, letters, watermark, jpeg artifacts, extra fingers, face close-up",none
bat_car_police__2.png,3,"pixel art scene, 180x135, limited palette (Endesga 32), clean 1px outlines, no anti-aliasing, no text, cozy melancholic mood, side or three-quarter view, game background for a narrative mobile game. Moment: the man clutching a thick folder of documents that nobody asks for. Usual place, adapt if the moment says otherwise: modern georgian public service hall, glass and wood, electronic queue screens, coffee corner, people with document folders, futuristic bureaucracy, bright clean light.","blurry, gradient, photorealistic, 3d render, text, letters, watermark, jpeg artifacts, extra fingers, face close-up",none
bat_car_police__3.png,3,"pixel art scene, 180x135, limited palette (Endesga 32), clean 1px outlines, no anti-aliasing, no text, cozy melancholic mood, side or three-quarter view, game background for a narrative mobile game. Moment: two policemen laughing at the skype call, the stamp coming down. Usual place, adapt if the moment says otherwise: modern georgian public service hall, glass and wood, electronic queue screens, coffee corner, people with document folders, futuristic bureaucracy, bright clean light.","blurry, gradient, photorealistic, 3d render, text, letters, watermark, jpeg artifacts, extra fingers, face close-up",none
bat_car_repair.png,3,"pixel art scene, 180x135, limited palette (Endesga 32), clean 1px outlines, no anti-aliasing, no text, cozy melancholic mood, side or three-quarter view, game background for a narrative mobile game. Moment: a small garage in batumi, an old mechanic listening to an engine like a doctor. Usual place, adapt if the moment says otherwise: batumi street with a mix of old houses and glass towers, used cars parked along the road, wet asphalt, neon signs (unreadable), a car market vibe, cloudy sky.","blurry, gradient, photorealistic, 3d render, text, letters, watermark, jpeg artifacts, extra fingers, face close-up",none
bat_car_repair__1.png,3,"pixel art scene, 180x135, limited palette (Endesga 32), clean 1px outlines, no anti-aliasing, no text, cozy melancholic mood, side or three-quarter view, game background for a narrative mobile game. Moment: the car driving out of the garage, a crate of mandarins on the back seat. Usual place, adapt if the moment says otherwise: batumi street with a mix of old houses and glass towers, used cars parked along the road, wet asphalt, neon signs (unreadable), a car market vibe, cloudy sky.","blurry, gradient, photorealistic, 3d render, text, letters, watermark, jpeg artifacts, extra fingers, face close-up",none
bat_stones__1.png,3,"pixel art scene, 180x135, limited palette (Endesga 32), clean 1px outlines, no anti-aliasing, no text, cozy melancholic mood, side or three-quarter view, game background for a narrative mobile game. Moment: father and son throwing stones together, splashes on the grey-green sea. Usual place, adapt if the moment says otherwise: pebble beach in batumi, father and small boy throwing flat stones into the black sea, skipping stone ripples, mountains and high-rise towers in the background, evening light, peaceful and tender. keep water in the lower third of the frame.","blurry, gradient, photorealistic, 3d render, text, letters, watermark, jpeg artifacts, extra fingers, face close-up",sea
bat_stones__2.png,3,"pixel art scene, 180x135, limited palette (Endesga 32), clean 1px outlines, no anti-aliasing, no text, cozy melancholic mood, side or three-quarter view, game background for a narrative mobile game. Moment: the man skipping a flat stone across the water, the toddler clapping. Usual place, adapt if the moment says otherwise: pebble beach in batumi, father and small boy throwing flat stones into the black sea, skipping stone ripples, mountains and high-rise towers in the background, evening light, peaceful and tender. keep water in the lower third of the frame.","blurry, gradient, photorealistic, 3d render, text, letters, watermark, jpeg artifacts, extra fingers, face close-up",sea
bat_stones__3.png,3,"pixel art scene, 180x135, limited palette (Endesga 32), clean 1px outlines, no anti-aliasing, no text, cozy melancholic mood, side or three-quarter view, game background for a narrative mobile game. Moment: small hands holding a pile of white striped pebbles. Usual place, adapt if the moment says otherwise: pebble beach in batumi, father and small boy throwing flat stones into the black sea, skipping stone ripples, mountains and high-rise towers in the background, evening light, peaceful and tender. keep water in the lower third of the frame.","blurry, gradient, photorealistic, 3d render, text, letters, watermark, jpeg artifacts, extra fingers, face close-up",sea
bat_stones_again.png,3,"pixel art scene, 180x135, limited palette (Endesga 32), clean 1px outlines, no anti-aliasing, no text, cozy melancholic mood, side or three-quarter view, game background for a narrative mobile game. Moment: evening pebble beach, the boy searching for the perfect flat stone, the sea calm. Usual place, adapt if the moment says otherwise: pebble beach in batumi, father and small boy throwing flat stones into the black sea, skipping stone ripples, mountains and high-rise towers in the background, evening light, peaceful and tender. keep water in the lower third of the frame.","blurry, gradient, photorealistic, 3d render, text, letters, watermark, jpeg artifacts, extra fingers, face close-up",sea
bat_stones_again__1.png,3,"pixel art scene, 180x135, limited palette (Endesga 32), clean 1px outlines, no anti-aliasing, no text, cozy melancholic mood, side or three-quarter view, game background for a narrative mobile game. Moment: a stone in mid-air over the sunset sea. Usual place, adapt if the moment says otherwise: pebble beach in batumi, father and small boy throwing flat stones into the black sea, skipping stone ripples, mountains and high-rise towers in the background, evening light, peaceful and tender. keep water in the lower third of the frame.","blurry, gradient, photorealistic, 3d render, text, letters, watermark, jpeg artifacts, extra fingers, face close-up",sea
bat_bar.png,3,"pixel art scene, 180x135, limited palette (Endesga 32), clean 1px outlines, no anti-aliasing, no text, cozy melancholic mood, side or three-quarter view, game background for a narrative mobile game. Moment: sami ludi bar at night in batumi, a table of friends with beer, warm lights. Usual place, adapt if the moment says otherwise: small cozy bar in batumi, wooden tables, friends with beer glasses laughing, warm yellow light, rain on the window, string lights. small lit windows or lamps scattered in the upper two thirds.","blurry, gradient, photorealistic, 3d render, text, letters, watermark, jpeg artifacts, extra fingers, face close-up",lights
bat_bar__1.png,3,"pixel art scene, 180x135, limited palette (Endesga 32), clean 1px outlines, no anti-aliasing, no text, cozy melancholic mood, side or three-quarter view, game background for a narrative mobile game. Moment: the man walking home at 1 am along the neon boulevard, happy and a bit sad. Usual place, adapt if the moment says otherwise: small cozy bar in batumi, wooden tables, friends with beer glasses laughing, warm yellow light, rain on the window, string lights. small lit windows or lamps scattered in the upper two thirds.","blurry, gradient, photorealistic, 3d render, text, letters, watermark, jpeg artifacts, extra fingers, face close-up",lights
bat_bar__2.png,3,"pixel art scene, 180x135, limited palette (Endesga 32), clean 1px outlines, no anti-aliasing, no text, cozy melancholic mood, side or three-quarter view, game background for a narrative mobile game. Moment: the couple on the sofa watching a series, the man's phone with an unread invitation. Usual place, adapt if the moment says otherwise: small cozy bar in batumi, wooden tables, friends with beer glasses laughing, warm yellow light, rain on the window, string lights.","blurry, gradient, photorealistic, 3d render, text, letters, watermark, jpeg artifacts, extra fingers, face close-up",none
bat_bar__3.png,3,"pixel art scene, 180x135, limited palette (Endesga 32), clean 1px outlines, no anti-aliasing, no text, cozy melancholic mood, side or three-quarter view, game background for a narrative mobile game. Moment: friends with beer in the gilded living room, the toddler asleep in the next room. Usual place, adapt if the moment says otherwise: small cozy bar in batumi, wooden tables, friends with beer glasses laughing, warm yellow light, rain on the window, string lights. small lit windows or lamps scattered in the upper two thirds.","blurry, gradient, photorealistic, 3d render, text, letters, watermark, jpeg artifacts, extra fingers, face close-up",lights
bat_rain.png,3,"pixel art scene, 180x135, limited palette (Endesga 32), clean 1px outlines, no anti-aliasing, no text, cozy melancholic mood, side or three-quarter view, game background for a narrative mobile game. Moment: batumi in heavy rain, the boulevard empty, the toddler at home drawing blue scribbles by the window. Usual place, adapt if the moment says otherwise: batumi in heavy rain seen from a high balcony, grey sea merging with the sky, a child's drawing of a sunny sea taped to the window glass, cozy inside, gloomy outside.","blurry, gradient, photorealistic, 3d render, text, letters, watermark, jpeg artifacts, extra fingers, face close-up",rain
bat_rain__1.png,3,"pixel art scene, 180x135, limited palette (Endesga 32), clean 1px outlines, no anti-aliasing, no text, cozy melancholic mood, side or three-quarter view, game background for a narrative mobile game. Moment: father and son in rubber boots jumping in puddles on the empty boulevard. Usual place, adapt if the moment says otherwise: batumi in heavy rain seen from a high balcony, grey sea merging with the sky, a child's drawing of a sunny sea taped to the window glass, cozy inside, gloomy outside.","blurry, gradient, photorealistic, 3d render, text, letters, watermark, jpeg artifacts, extra fingers, face close-up",rain
bat_rain__2.png,3,"pixel art scene, 180x135, limited palette (Endesga 32), clean 1px outlines, no anti-aliasing, no text, cozy melancholic mood, side or three-quarter view, game background for a narrative mobile game. Moment: a messy living room with puzzles and cartoons, rain streaming down the balcony door. Usual place, adapt if the moment says otherwise: batumi in heavy rain seen from a high balcony, grey sea merging with the sky, a child's drawing of a sunny sea taped to the window glass, cozy inside, gloomy outside.","blurry, gradient, photorealistic, 3d render, text, letters, watermark, jpeg artifacts, extra fingers, face close-up",rain
bat_rain__3.png,3,"pixel art scene, 180x135, limited palette (Endesga 32), clean 1px outlines, no anti-aliasing, no text, cozy melancholic mood, side or three-quarter view, game background for a narrative mobile game. Moment: a sunny tbilisi courtyard, the toddler running around a friend's flat. Usual place, adapt if the moment says otherwise: batumi in heavy rain seen from a high balcony, grey sea merging with the sky, a child's drawing of a sunny sea taped to the window glass, cozy inside, gloomy outside.","blurry, gradient, photorealistic, 3d render, text, letters, watermark, jpeg artifacts, extra fingers, face close-up",none
bat_snow.png,3,"pixel art scene, 180x135, limited palette (Endesga 32), clean 1px outlines, no anti-aliasing, no text, cozy melancholic mood, side or three-quarter view, game background for a narrative mobile game. Moment: april snow on palm trees and mandarin trees in batumi, cars by the sea covered in white. Usual place, adapt if the moment says otherwise: batumi in heavy rain seen from a high balcony, grey sea merging with the sky, a child's drawing of a sunny sea taped to the window glass, cozy inside, gloomy outside.","blurry, gradient, photorealistic, 3d render, text, letters, watermark, jpeg artifacts, extra fingers, face close-up",snow
bat_snow__1.png,3,"pixel art scene, 180x135, limited palette (Endesga 32), clean 1px outlines, no anti-aliasing, no text, cozy melancholic mood, side or three-quarter view, game background for a narrative mobile game. Moment: the toddler touching snow on the balcony railing, looking up puzzled. Usual place, adapt if the moment says otherwise: batumi in heavy rain seen from a high balcony, grey sea merging with the sky, a child's drawing of a sunny sea taped to the window glass, cozy inside, gloomy outside.","blurry, gradient, photorealistic, 3d render, text, letters, watermark, jpeg artifacts, extra fingers, face close-up",snow
bat_snow__2.png,3,"pixel art scene, 180x135, limited palette (Endesga 32), clean 1px outlines, no anti-aliasing, no text, cozy melancholic mood, side or three-quarter view, game background for a narrative mobile game. Moment: a phone chat: 'we have snow' answered with 'us too', snowy palms in the window. Usual place, adapt if the moment says otherwise: batumi in heavy rain seen from a high balcony, grey sea merging with the sky, a child's drawing of a sunny sea taped to the window glass, cozy inside, gloomy outside.","blurry, gradient, photorealistic, 3d render, text, letters, watermark, jpeg artifacts, extra fingers, face close-up",snow
bat_snow__3.png,3,"pixel art scene, 180x135, limited palette (Endesga 32), clean 1px outlines, no anti-aliasing, no text, cozy melancholic mood, side or three-quarter view, game background for a narrative mobile game. Moment: a tiny wet snowman with a mandarin nose on the beach. Usual place, adapt if the moment says otherwise: batumi in heavy rain seen from a high balcony, grey sea merging with the sky, a child's drawing of a sunny sea taped to the window glass, cozy inside, gloomy outside.","blurry, gradient, photorealistic, 3d render, text, letters, watermark, jpeg artifacts, extra fingers, face close-up",snow
bat_adjaruli.png,3,"pixel art scene, 180x135, limited palette (Endesga 32), clean 1px outlines, no anti-aliasing, no text, cozy melancholic mood, side or three-quarter view, game background for a narrative mobile game. Moment: an adjarian khachapuri boat with cheese, butter and egg on a cafe table, a local stirring it to show how. Usual place, adapt if the moment says otherwise: georgian cafe table with a boat-shaped adjarian khachapuri with egg and butter, a small boy eating only the crust, father's hand with a fork, warm light. a steaming cup or pot near the center of the frame.","blurry, gradient, photorealistic, 3d render, text, letters, watermark, jpeg artifacts, extra fingers, face close-up",steam
bat_adjaruli__1.png,3,"pixel art scene, 180x135, limited palette (Endesga 32), clean 1px outlines, no anti-aliasing, no text, cozy melancholic mood, side or three-quarter view, game background for a narrative mobile game. Moment: the man finishing the khachapuri while the toddler holds only the crust. Usual place, adapt if the moment says otherwise: georgian cafe table with a boat-shaped adjarian khachapuri with egg and butter, a small boy eating only the crust, father's hand with a fork, warm light. a steaming cup or pot near the center of the frame.","blurry, gradient, photorealistic, 3d render, text, letters, watermark, jpeg artifacts, extra fingers, face close-up",steam
bat_khinkali.png,3,"pixel art scene, 180x135, limited palette (Endesga 32), clean 1px outlines, no anti-aliasing, no text, cozy melancholic mood, side or three-quarter view, game background for a narrative mobile game. Moment: a georgian restaurant table with a plate of big khinkali and a plate of tiny khinkali. Usual place, adapt if the moment says otherwise: georgian cafe table with a boat-shaped adjarian khachapuri with egg and butter, a small boy eating only the crust, father's hand with a fork, warm light. a steaming cup or pot near the center of the frame.","blurry, gradient, photorealistic, 3d render, text, letters, watermark, jpeg artifacts, extra fingers, face close-up",steam
bat_khinkali__1.png,3,"pixel art scene, 180x135, limited palette (Endesga 32), clean 1px outlines, no anti-aliasing, no text, cozy melancholic mood, side or three-quarter view, game background for a narrative mobile game. Moment: the waiter bringing two plates, big and small, without asking. Usual place, adapt if the moment says otherwise: georgian cafe table with a boat-shaped adjarian khachapuri with egg and butter, a small boy eating only the crust, father's hand with a fork, warm light. a steaming cup or pot near the center of the frame.","blurry, gradient, photorealistic, 3d render, text, letters, watermark, jpeg artifacts, extra fingers, face close-up",steam
bat_khinkali__2.png,3,"pixel art scene, 180x135, limited palette (Endesga 32), clean 1px outlines, no anti-aliasing, no text, cozy melancholic mood, side or three-quarter view, game background for a narrative mobile game. Moment: the toddler staring silently at the man who holds a stolen tiny khinkali. Usual place, adapt if the moment says otherwise: georgian cafe table with a boat-shaped adjarian khachapuri with egg and butter, a small boy eating only the crust, father's hand with a fork, warm light.","blurry, gradient, photorealistic, 3d render, text, letters, watermark, jpeg artifacts, extra fingers, face close-up",none
bat_khinkali__3.png,3,"pixel art scene, 180x135, limited palette (Endesga 32), clean 1px outlines, no anti-aliasing, no text, cozy melancholic mood, side or three-quarter view, game background for a narrative mobile game. Moment: the toddler covered in broth holding a khinkali by its tail, the waiter applauding. Usual place, adapt if the moment says otherwise: georgian cafe table with a boat-shaped adjarian khachapuri with egg and butter, a small boy eating only the crust, father's hand with a fork, warm light. a steaming cup or pot near the center of the frame.","blurry, gradient, photorealistic, 3d render, text, letters, watermark, jpeg artifacts, extra fingers, face close-up",steam
bat_kindergarten.png,3,"pixel art scene, 180x135, limited palette (Endesga 32), clean 1px outlines, no anti-aliasing, no text, cozy melancholic mood, side or three-quarter view, game background for a narrative mobile game. Moment: the gate of a georgian kindergarten, strict teachers in the yard, the toddler holding the man's leg. Usual place, adapt if the moment says otherwise: kindergarten gate in batumi, colorful fence, a teacher holding hands with children, a small boy walking in without looking back, father standing outside the gate, morning.","blurry, gradient, photorealistic, 3d render, text, letters, watermark, jpeg artifacts, extra fingers, face close-up",none
bat_kindergarten__1.png,3,"pixel art scene, 180x135, limited palette (Endesga 32), clean 1px outlines, no anti-aliasing, no text, cozy melancholic mood, side or three-quarter view, game background for a narrative mobile game. Moment: the man walking away and looking back from around the corner. Usual place, adapt if the moment says otherwise: kindergarten gate in batumi, colorful fence, a teacher holding hands with children, a small boy walking in without looking back, father standing outside the gate, morning.","blurry, gradient, photorealistic, 3d render, text, letters, watermark, jpeg artifacts, extra fingers, face close-up",none
bat_kindergarten__2.png,3,"pixel art scene, 180x135, limited palette (Endesga 32), clean 1px outlines, no anti-aliasing, no text, cozy melancholic mood, side or three-quarter view, game background for a narrative mobile game. Moment: the man sitting on a tiny chair in the classroom, a teacher giving him a look. Usual place, adapt if the moment says otherwise: kindergarten gate in batumi, colorful fence, a teacher holding hands with children, a small boy walking in without looking back, father standing outside the gate, morning.","blurry, gradient, photorealistic, 3d render, text, letters, watermark, jpeg artifacts, extra fingers, face close-up",none
bat_kindergarten__3.png,3,"pixel art scene, 180x135, limited palette (Endesga 32), clean 1px outlines, no anti-aliasing, no text, cozy melancholic mood, side or three-quarter view, game background for a narrative mobile game. Moment: the man walking home with the toddler on his shoulders, a phone with nanny ads. Usual place, adapt if the moment says otherwise: kindergarten gate in batumi, colorful fence, a teacher holding hands with children, a small boy walking in without looking back, father standing outside the gate, morning.","blurry, gradient, photorealistic, 3d render, text, letters, watermark, jpeg artifacts, extra fingers, face close-up",none
bat_kindergarten_fear.png,3,"pixel art scene, 180x135, limited palette (Endesga 32), clean 1px outlines, no anti-aliasing, no text, cozy melancholic mood, side or three-quarter view, game background for a narrative mobile game. Moment: the toddler holding onto the apartment door in the morning, refusing to put on his shoes. Usual place, adapt if the moment says otherwise: high-rise apartment in batumi, big balcony window with the black sea filling the whole view, sparse rented furniture, a toy railway on the floor, a boy on the balcony waving at the sea, soft grey-green sea light.","blurry, gradient, photorealistic, 3d render, text, letters, watermark, jpeg artifacts, extra fingers, face close-up",none
bat_kindergarten_fear__1.png,3,"pixel art scene, 180x135, limited palette (Endesga 32), clean 1px outlines, no anti-aliasing, no text, cozy melancholic mood, side or three-quarter view, game background for a narrative mobile game. Moment: the boy laughing in the evening at home, the kindergarten bag left in the corner. Usual place, adapt if the moment says otherwise: high-rise apartment in batumi, big balcony window with the black sea filling the whole view, sparse rented furniture, a toy railway on the floor, a boy on the balcony waving at the sea, soft grey-green sea light.","blurry, gradient, photorealistic, 3d render, text, letters, watermark, jpeg artifacts, extra fingers, face close-up",none
bat_kindergarten_fear__2.png,3,"pixel art scene, 180x135, limited palette (Endesga 32), clean 1px outlines, no anti-aliasing, no text, cozy melancholic mood, side or three-quarter view, game background for a narrative mobile game. Moment: a long week shown as a calendar, the boy quiet at the window. Usual place, adapt if the moment says otherwise: high-rise apartment in batumi, big balcony window with the black sea filling the whole view, sparse rented furniture, a toy railway on the floor, a boy on the balcony waving at the sea, soft grey-green sea light.","blurry, gradient, photorealistic, 3d render, text, letters, watermark, jpeg artifacts, extra fingers, face close-up",none
bat_kindergarten_fear__3.png,3,"pixel art scene, 180x135, limited palette (Endesga 32), clean 1px outlines, no anti-aliasing, no text, cozy melancholic mood, side or three-quarter view, game background for a narrative mobile game. Moment: the man talking to a stern teacher at the kindergarten gate. Usual place, adapt if the moment says otherwise: high-rise apartment in batumi, big balcony window with the black sea filling the whole view, sparse rented furniture, a toy railway on the floor, a boy on the balcony waving at the sea, soft grey-green sea light.","blurry, gradient, photorealistic, 3d render, text, letters, watermark, jpeg artifacts, extra fingers, face close-up",none
bat_nanny.png,3,"pixel art scene, 180x135, limited palette (Endesga 32), clean 1px outlines, no anti-aliasing, no text, cozy melancholic mood, side or three-quarter view, game background for a narrative mobile game. Moment: a kind nanny playing with the toddler in sand and blocks, an art class with paints. Usual place, adapt if the moment says otherwise: kindergarten gate in batumi, colorful fence, a teacher holding hands with children, a small boy walking in without looking back, father standing outside the gate, morning.","blurry, gradient, photorealistic, 3d render, text, letters, watermark, jpeg artifacts, extra fingers, face close-up",none
bat_nanny__1.png,3,"pixel art scene, 180x135, limited palette (Endesga 32), clean 1px outlines, no anti-aliasing, no text, cozy melancholic mood, side or three-quarter view, game background for a narrative mobile game. Moment: the man working calmly at the laptop, a quiet flat, sea in the window. Usual place, adapt if the moment says otherwise: kindergarten gate in batumi, colorful fence, a teacher holding hands with children, a small boy walking in without looking back, father standing outside the gate, morning. keep water in the lower third of the frame.","blurry, gradient, photorealistic, 3d render, text, letters, watermark, jpeg artifacts, extra fingers, face close-up",sea
bat_ali_nino__1.png,3,"pixel art scene, 180x135, limited palette (Endesga 32), clean 1px outlines, no anti-aliasing, no text, cozy melancholic mood, side or three-quarter view, game background for a narrative mobile game. Moment: the statues meeting and merging, the toddler clapping. Usual place, adapt if the moment says otherwise: batumi seaside boulevard with palm trees, the moving metal statues of ali and nino in the distance, a toddler on his father's shoulders, lanterns, sunset over the sea. keep water in the lower third of the frame.","blurry, gradient, photorealistic, 3d render, text, letters, watermark, jpeg artifacts, extra fingers, face close-up",sea
bat_ali_nino__2.png,3,"pixel art scene, 180x135, limited palette (Endesga 32), clean 1px outlines, no anti-aliasing, no text, cozy melancholic mood, side or three-quarter view, game background for a narrative mobile game. Moment: the man and toddler eating ice cream on a bench, the statues behind them. Usual place, adapt if the moment says otherwise: batumi seaside boulevard with palm trees, the moving metal statues of ali and nino in the distance, a toddler on his father's shoulders, lanterns, sunset over the sea. keep water in the lower third of the frame.","blurry, gradient, photorealistic, 3d render, text, letters, watermark, jpeg artifacts, extra fingers, face close-up",sea
bat_ali_nino__3.png,3,"pixel art scene, 180x135, limited palette (Endesga 32), clean 1px outlines, no anti-aliasing, no text, cozy melancholic mood, side or three-quarter view, game background for a narrative mobile game. Moment: the man crouching beside the toddler, telling the story, pointing at the statues. Usual place, adapt if the moment says otherwise: batumi seaside boulevard with palm trees, the moving metal statues of ali and nino in the distance, a toddler on his father's shoulders, lanterns, sunset over the sea. keep water in the lower third of the frame.","blurry, gradient, photorealistic, 3d render, text, letters, watermark, jpeg artifacts, extra fingers, face close-up",sea
bat_persimmon.png,3,"pixel art scene, 180x135, limited palette (Endesga 32), clean 1px outlines, no anti-aliasing, no text, cozy melancholic mood, side or three-quarter view, game background for a narrative mobile game. Moment: two plastic bags of orange persimmons on the doorstep, smiling elderly landlords. Usual place, adapt if the moment says otherwise: high-rise apartment in batumi, big balcony window with the black sea filling the whole view, sparse rented furniture, a toy railway on the floor, a boy on the balcony waving at the sea, soft grey-green sea light.","blurry, gradient, photorealistic, 3d render, text, letters, watermark, jpeg artifacts, extra fingers, face close-up",none
bat_persimmon__1.png,3,"pixel art scene, 180x135, limited palette (Endesga 32), clean 1px outlines, no anti-aliasing, no text, cozy melancholic mood, side or three-quarter view, game background for a narrative mobile game. Moment: the family eating persimmons with puckered faces. Usual place, adapt if the moment says otherwise: high-rise apartment in batumi, big balcony window with the black sea filling the whole view, sparse rented furniture, a toy railway on the floor, a boy on the balcony waving at the sea, soft grey-green sea light.","blurry, gradient, photorealistic, 3d render, text, letters, watermark, jpeg artifacts, extra fingers, face close-up",none
bat_persimmon__2.png,3,"pixel art scene, 180x135, limited palette (Endesga 32), clean 1px outlines, no anti-aliasing, no text, cozy melancholic mood, side or three-quarter view, game background for a narrative mobile game. Moment: persimmons ripening in a row on the balcony railing. Usual place, adapt if the moment says otherwise: high-rise apartment in batumi, big balcony window with the black sea filling the whole view, sparse rented furniture, a toy railway on the floor, a boy on the balcony waving at the sea, soft grey-green sea light. keep water in the lower third of the frame.","blurry, gradient, photorealistic, 3d render, text, letters, watermark, jpeg artifacts, extra fingers, face close-up",sea
bat_persimmon__3.png,3,"pixel art scene, 180x135, limited palette (Endesga 32), clean 1px outlines, no anti-aliasing, no text, cozy melancholic mood, side or three-quarter view, game background for a narrative mobile game. Moment: the man handing persimmons to neighbours on the landing. Usual place, adapt if the moment says otherwise: high-rise apartment in batumi, big balcony window with the black sea filling the whole view, sparse rented furniture, a toy railway on the floor, a boy on the balcony waving at the sea, soft grey-green sea light.","blurry, gradient, photorealistic, 3d render, text, letters, watermark, jpeg artifacts, extra fingers, face close-up",none
bat_buckwheat.png,3,"pixel art scene, 180x135, limited palette (Endesga 32), clean 1px outlines, no anti-aliasing, no text, cozy melancholic mood, side or three-quarter view, game background for a narrative mobile game. Moment: a batumi supermarket shelf full of buckwheat, the man staring at it. Usual place, adapt if the moment says otherwise: georgian supermarket shelf full of buckwheat packs, a man in a hoodie staring at it, ironic mood.","blurry, gradient, photorealistic, 3d render, text, letters, watermark, jpeg artifacts, extra fingers, face close-up",none
bat_buckwheat__1.png,3,"pixel art scene, 180x135, limited palette (Endesga 32), clean 1px outlines, no anti-aliasing, no text, cozy melancholic mood, side or three-quarter view, game background for a narrative mobile game. Moment: a pot of buckwheat from saint petersburg steaming on the stove. Usual place, adapt if the moment says otherwise: georgian supermarket shelf full of buckwheat packs, a man in a hoodie staring at it, ironic mood. a steaming cup or pot near the center of the frame.","blurry, gradient, photorealistic, 3d render, text, letters, watermark, jpeg artifacts, extra fingers, face close-up",steam
bat_toys.png,3,"pixel art scene, 180x135, limited palette (Endesga 32), clean 1px outlines, no anti-aliasing, no text, cozy melancholic mood, side or three-quarter view, game background for a narrative mobile game. Moment: a long traffic jam of forty toy cars across the gilded living room from sofa to balcony. Usual place, adapt if the moment says otherwise: high-rise apartment in batumi, big balcony window with the black sea filling the whole view, sparse rented furniture, a toy railway on the floor, a boy on the balcony waving at the sea, soft grey-green sea light.","blurry, gradient, photorealistic, 3d render, text, letters, watermark, jpeg artifacts, extra fingers, face close-up",none
bat_toys__1.png,3,"pixel art scene, 180x135, limited palette (Endesga 32), clean 1px outlines, no anti-aliasing, no text, cozy melancholic mood, side or three-quarter view, game background for a narrative mobile game. Moment: father and son on the floor adding the last toy cars to the jam. Usual place, adapt if the moment says otherwise: high-rise apartment in batumi, big balcony window with the black sea filling the whole view, sparse rented furniture, a toy railway on the floor, a boy on the balcony waving at the sea, soft grey-green sea light.","blurry, gradient, photorealistic, 3d render, text, letters, watermark, jpeg artifacts, extra fingers, face close-up",none
bat_cold_flat.png,3,"pixel art scene, 180x135, limited palette (Endesga 32), clean 1px outlines, no anti-aliasing, no text, cozy melancholic mood, side or three-quarter view, game background for a narrative mobile game. Moment: a cold flat in winter, wind through the balcony door, a single air conditioner, mold in a corner. Usual place, adapt if the moment says otherwise: high-rise apartment in batumi, big balcony window with the black sea filling the whole view, sparse rented furniture, a toy railway on the floor, a boy on the balcony waving at the sea, soft grey-green sea light.","blurry, gradient, photorealistic, 3d render, text, letters, watermark, jpeg artifacts, extra fingers, face close-up",none
bat_cold_flat__1.png,3,"pixel art scene, 180x135, limited palette (Endesga 32), clean 1px outlines, no anti-aliasing, no text, cozy melancholic mood, side or three-quarter view, game background for a narrative mobile game. Moment: the family huddled around a small heater. Usual place, adapt if the moment says otherwise: high-rise apartment in batumi, big balcony window with the black sea filling the whole view, sparse rented furniture, a toy railway on the floor, a boy on the balcony waving at the sea, soft grey-green sea light.","blurry, gradient, photorealistic, 3d render, text, letters, watermark, jpeg artifacts, extra fingers, face close-up",none
bat_cold_flat__2.png,3,"pixel art scene, 180x135, limited palette (Endesga 32), clean 1px outlines, no anti-aliasing, no text, cozy melancholic mood, side or three-quarter view, game background for a narrative mobile game. Moment: three people asleep in sweaters on one bed under blankets. Usual place, adapt if the moment says otherwise: high-rise apartment in batumi, big balcony window with the black sea filling the whole view, sparse rented furniture, a toy railway on the floor, a boy on the balcony waving at the sea, soft grey-green sea light.","blurry, gradient, photorealistic, 3d render, text, letters, watermark, jpeg artifacts, extra fingers, face close-up",none
bat_cold_flat__3.png,3,"pixel art scene, 180x135, limited palette (Endesga 32), clean 1px outlines, no anti-aliasing, no text, cozy melancholic mood, side or three-quarter view, game background for a narrative mobile game. Moment: the man and woman working with laptops in a warm cafe, steam from cups. Usual place, adapt if the moment says otherwise: high-rise apartment in batumi, big balcony window with the black sea filling the whole view, sparse rented furniture, a toy railway on the floor, a boy on the balcony waving at the sea, soft grey-green sea light. a steaming cup or pot near the center of the frame.","blurry, gradient, photorealistic, 3d render, text, letters, watermark, jpeg artifacts, extra fingers, face close-up",steam
bat_kid_sick.png,3,"pixel art scene, 180x135, limited palette (Endesga 32), clean 1px outlines, no anti-aliasing, no text, cozy melancholic mood, side or three-quarter view, game background for a narrative mobile game. Moment: night, a feverish toddler in bed, the man with a phone searching in a panic. Usual place, adapt if the moment says otherwise: high-rise apartment in batumi, big balcony window with the black sea filling the whole view, sparse rented furniture, a toy railway on the floor, a boy on the balcony waving at the sea, soft grey-green sea light.","blurry, gradient, photorealistic, 3d render, text, letters, watermark, jpeg artifacts, extra fingers, face close-up",none
bat_kid_sick__1.png,3,"pixel art scene, 180x135, limited palette (Endesga 32), clean 1px outlines, no anti-aliasing, no text, cozy melancholic mood, side or three-quarter view, game background for a narrative mobile game. Moment: the woman finding medicine in the big first aid pouch in the dark. Usual place, adapt if the moment says otherwise: high-rise apartment in batumi, big balcony window with the black sea filling the whole view, sparse rented furniture, a toy railway on the floor, a boy on the balcony waving at the sea, soft grey-green sea light.","blurry, gradient, photorealistic, 3d render, text, letters, watermark, jpeg artifacts, extra fingers, face close-up",none
bat_kid_sick__2.png,3,"pixel art scene, 180x135, limited palette (Endesga 32), clean 1px outlines, no anti-aliasing, no text, cozy melancholic mood, side or three-quarter view, game background for a narrative mobile game. Moment: a private clinic at night, a kind doctor writing a prescription. Usual place, adapt if the moment says otherwise: high-rise apartment in batumi, big balcony window with the black sea filling the whole view, sparse rented furniture, a toy railway on the floor, a boy on the balcony waving at the sea, soft grey-green sea light.","blurry, gradient, photorealistic, 3d render, text, letters, watermark, jpeg artifacts, extra fingers, face close-up",none
bat_kid_sick__3.png,3,"pixel art scene, 180x135, limited palette (Endesga 32), clean 1px outlines, no anti-aliasing, no text, cozy melancholic mood, side or three-quarter view, game background for a narrative mobile game. Moment: a phone chat at 1 am filling with replies, the man reading. Usual place, adapt if the moment says otherwise: high-rise apartment in batumi, big balcony window with the black sea filling the whole view, sparse rented furniture, a toy railway on the floor, a boy on the balcony waving at the sea, soft grey-green sea light.","blurry, gradient, photorealistic, 3d render, text, letters, watermark, jpeg artifacts, extra fingers, face close-up",none
bat_layoff_wife.png,3,"pixel art scene, 180x135, limited palette (Endesga 32), clean 1px outlines, no anti-aliasing, no text, cozy melancholic mood, side or three-quarter view, game background for a narrative mobile game. Moment: the woman closing her laptop and sitting silently at the gilded table. Usual place, adapt if the moment says otherwise: high-rise apartment in batumi, big balcony window with the black sea filling the whole view, sparse rented furniture, a toy railway on the floor, a boy on the balcony waving at the sea, soft grey-green sea light.","blurry, gradient, photorealistic, 3d render, text, letters, watermark, jpeg artifacts, extra fingers, face close-up",none
bat_layoff_wife__1.png,3,"pixel art scene, 180x135, limited palette (Endesga 32), clean 1px outlines, no anti-aliasing, no text, cozy melancholic mood, side or three-quarter view, game background for a narrative mobile game. Moment: the family walking along the boulevard at night, nobody talking. Usual place, adapt if the moment says otherwise: high-rise apartment in batumi, big balcony window with the black sea filling the whole view, sparse rented furniture, a toy railway on the floor, a boy on the balcony waving at the sea, soft grey-green sea light. keep water in the lower third of the frame.","blurry, gradient, photorealistic, 3d render, text, letters, watermark, jpeg artifacts, extra fingers, face close-up",sea
bat_layoff_wife__2.png,3,"pixel art scene, 180x135, limited palette (Endesga 32), clean 1px outlines, no anti-aliasing, no text, cozy melancholic mood, side or three-quarter view, game background for a narrative mobile game. Moment: the couple rewriting a cv at 2 am, two laptops and cold tea. Usual place, adapt if the moment says otherwise: high-rise apartment in batumi, big balcony window with the black sea filling the whole view, sparse rented furniture, a toy railway on the floor, a boy on the balcony waving at the sea, soft grey-green sea light.","blurry, gradient, photorealistic, 3d render, text, letters, watermark, jpeg artifacts, extra fingers, face close-up",none
bat_layoff_wife__3.png,3,"pixel art scene, 180x135, limited palette (Endesga 32), clean 1px outlines, no anti-aliasing, no text, cozy melancholic mood, side or three-quarter view, game background for a narrative mobile game. Moment: the woman reading a book on the beach while the toddler plays with stones. Usual place, adapt if the moment says otherwise: high-rise apartment in batumi, big balcony window with the black sea filling the whole view, sparse rented furniture, a toy railway on the floor, a boy on the balcony waving at the sea, soft grey-green sea light. keep water in the lower third of the frame.","blurry, gradient, photorealistic, 3d render, text, letters, watermark, jpeg artifacts, extra fingers, face close-up",sea
bat_job_found_wife.png,3,"pixel art scene, 180x135, limited palette (Endesga 32), clean 1px outlines, no anti-aliasing, no text, cozy melancholic mood, side or three-quarter view, game background for a narrative mobile game. Moment: the woman on a video interview in german, the man and toddler hiding behind the door. Usual place, adapt if the moment says otherwise: close-up of a smartphone held in a hand, screen glowing with an abstract notification (no readable text), blurred room background, pixel art UI icons on screen.","blurry, gradient, photorealistic, 3d render, text, letters, watermark, jpeg artifacts, extra fingers, face close-up",none
bat_job_found_wife__1.png,3,"pixel art scene, 180x135, limited palette (Endesga 32), clean 1px outlines, no anti-aliasing, no text, cozy melancholic mood, side or three-quarter view, game background for a narrative mobile game. Moment: the family celebrating with adjarian khachapuri and ice cream. Usual place, adapt if the moment says otherwise: close-up of a smartphone held in a hand, screen glowing with an abstract notification (no readable text), blurred room background, pixel art UI icons on screen.","blurry, gradient, photorealistic, 3d render, text, letters, watermark, jpeg artifacts, extra fingers, face close-up",confetti
bat_vnzh_apply.png,3,"pixel art scene, 180x135, limited palette (Endesga 32), clean 1px outlines, no anti-aliasing, no text, cozy melancholic mood, side or three-quarter view, game background for a narrative mobile game. Moment: batumi public service hall: glass, coffee machine, electronic queue screens. Usual place, adapt if the moment says otherwise: modern georgian public service hall, glass and wood, electronic queue screens, coffee corner, people with document folders, futuristic bureaucracy, bright clean light.","blurry, gradient, photorealistic, 3d render, text, letters, watermark, jpeg artifacts, extra fingers, face close-up",none
bat_vnzh_apply__1.png,3,"pixel art scene, 180x135, limited palette (Endesga 32), clean 1px outlines, no anti-aliasing, no text, cozy melancholic mood, side or three-quarter view, game background for a narrative mobile game. Moment: the man at the counter with a stack of translated papers. Usual place, adapt if the moment says otherwise: modern georgian public service hall, glass and wood, electronic queue screens, coffee corner, people with document folders, futuristic bureaucracy, bright clean light.","blurry, gradient, photorealistic, 3d render, text, letters, watermark, jpeg artifacts, extra fingers, face close-up",none
bat_vnzh_apply__2.png,3,"pixel art scene, 180x135, limited palette (Endesga 32), clean 1px outlines, no anti-aliasing, no text, cozy melancholic mood, side or three-quarter view, game background for a narrative mobile game. Moment: a smooth fixer in sunglasses taking money and documents. Usual place, adapt if the moment says otherwise: modern georgian public service hall, glass and wood, electronic queue screens, coffee corner, people with document folders, futuristic bureaucracy, bright clean light.","blurry, gradient, photorealistic, 3d render, text, letters, watermark, jpeg artifacts, extra fingers, face close-up",none
bat_vnzh_apply__3.png,3,"pixel art scene, 180x135, limited palette (Endesga 32), clean 1px outlines, no anti-aliasing, no text, cozy melancholic mood, side or three-quarter view, game background for a narrative mobile game. Moment: the man walking out of the glass hall, deciding not to apply. Usual place, adapt if the moment says otherwise: modern georgian public service hall, glass and wood, electronic queue screens, coffee corner, people with document folders, futuristic bureaucracy, bright clean light.","blurry, gradient, photorealistic, 3d render, text, letters, watermark, jpeg artifacts, extra fingers, face close-up",none
bat_vnzh_refused.png,3,"pixel art scene, 180x135, limited palette (Endesga 32), clean 1px outlines, no anti-aliasing, no text, cozy melancholic mood, side or three-quarter view, game background for a narrative mobile game. Moment: a phone sms on the gilded table: application refused, no reason given. Usual place, adapt if the moment says otherwise: close-up of a smartphone held in a hand, screen glowing with an abstract notification (no readable text), blurred room background, pixel art UI icons on screen.","blurry, gradient, photorealistic, 3d render, text, letters, watermark, jpeg artifacts, extra fingers, face close-up",none
bat_vnzh_refused__1.png,3,"pixel art scene, 180x135, limited palette (Endesga 32), clean 1px outlines, no anti-aliasing, no text, cozy melancholic mood, side or three-quarter view, game background for a narrative mobile game. Moment: the same clerk recognising the man at the counter and smiling sadly. Usual place, adapt if the moment says otherwise: close-up of a smartphone held in a hand, screen glowing with an abstract notification (no readable text), blurred room background, pixel art UI icons on screen.","blurry, gradient, photorealistic, 3d render, text, letters, watermark, jpeg artifacts, extra fingers, face close-up",none
bat_vnzh_refused__2.png,3,"pixel art scene, 180x135, limited palette (Endesga 32), clean 1px outlines, no anti-aliasing, no text, cozy melancholic mood, side or three-quarter view, game background for a narrative mobile game. Moment: the man opening a map of europe on his laptop for the first time not as a tourist. Usual place, adapt if the moment says otherwise: close-up of a smartphone held in a hand, screen glowing with an abstract notification (no readable text), blurred room background, pixel art UI icons on screen.","blurry, gradient, photorealistic, 3d render, text, letters, watermark, jpeg artifacts, extra fingers, face close-up",none
bat_vnzh_refused__3.png,3,"pixel art scene, 180x135, limited palette (Endesga 32), clean 1px outlines, no anti-aliasing, no text, cozy melancholic mood, side or three-quarter view, game background for a narrative mobile game. Moment: a lawyer spreading his hands at his desk. Usual place, adapt if the moment says otherwise: close-up of a smartphone held in a hand, screen glowing with an abstract notification (no readable text), blurred room background, pixel art UI icons on screen.","blurry, gradient, photorealistic, 3d render, text, letters, watermark, jpeg artifacts, extra fingers, face close-up",none
bat_portugal_idea.png,3,"pixel art scene, 180x135, limited palette (Endesga 32), clean 1px outlines, no anti-aliasing, no text, cozy melancholic mood, side or three-quarter view, game background for a narrative mobile game. Moment: a video call with colleagues sitting on a portuguese balcony with the atlantic ocean behind them. Usual place, adapt if the moment says otherwise: smartphone in hand during a video call, mother's face on the screen in a warm kitchen, background of the caller's cold lisbon room, emotional contrast warm screen vs cold room. keep water in the lower third of the frame.","blurry, gradient, photorealistic, 3d render, text, letters, watermark, jpeg artifacts, extra fingers, face close-up",sea
bat_portugal_idea__1.png,3,"pixel art scene, 180x135, limited palette (Endesga 32), clean 1px outlines, no anti-aliasing, no text, cozy melancholic mood, side or three-quarter view, game background for a narrative mobile game. Moment: a phone note titled 'portugal???'. Usual place, adapt if the moment says otherwise: smartphone in hand during a video call, mother's face on the screen in a warm kitchen, background of the caller's cold lisbon room, emotional contrast warm screen vs cold room.","blurry, gradient, photorealistic, 3d render, text, letters, watermark, jpeg artifacts, extra fingers, face close-up",none
bat_portugal_idea__2.png,3,"pixel art scene, 180x135, limited palette (Endesga 32), clean 1px outlines, no anti-aliasing, no text, cozy melancholic mood, side or three-quarter view, game background for a narrative mobile game. Moment: the couple in bed, both googling figueira da foz on two phones. Usual place, adapt if the moment says otherwise: smartphone in hand during a video call, mother's face on the screen in a warm kitchen, background of the caller's cold lisbon room, emotional contrast warm screen vs cold room.","blurry, gradient, photorealistic, 3d render, text, letters, watermark, jpeg artifacts, extra fingers, face close-up",none
bat_portugal_idea__3.png,3,"pixel art scene, 180x135, limited palette (Endesga 32), clean 1px outlines, no anti-aliasing, no text, cozy melancholic mood, side or three-quarter view, game background for a narrative mobile game. Moment: the woman taking notes during the call about schools and taxes. Usual place, adapt if the moment says otherwise: smartphone in hand during a video call, mother's face on the screen in a warm kitchen, background of the caller's cold lisbon room, emotional contrast warm screen vs cold room.","blurry, gradient, photorealistic, 3d render, text, letters, watermark, jpeg artifacts, extra fingers, face close-up",none
bat_first_word__1.png,3,"pixel art scene, 180x135, limited palette (Endesga 32), clean 1px outlines, no anti-aliasing, no text, cozy melancholic mood, side or three-quarter view, game background for a narrative mobile game. Moment: a video message flying to two grandmothers on their phones. Usual place, adapt if the moment says otherwise: high-rise apartment in batumi, big balcony window with the black sea filling the whole view, sparse rented furniture, a toy railway on the floor, a boy on the balcony waving at the sea, soft grey-green sea light.","blurry, gradient, photorealistic, 3d render, text, letters, watermark, jpeg artifacts, extra fingers, face close-up",none
bat_first_word__2.png,3,"pixel art scene, 180x135, limited palette (Endesga 32), clean 1px outlines, no anti-aliasing, no text, cozy melancholic mood, side or three-quarter view, game background for a narrative mobile game. Moment: the man repeating 'pa-pa' to the toddler who looks at him with pity. Usual place, adapt if the moment says otherwise: high-rise apartment in batumi, big balcony window with the black sea filling the whole view, sparse rented furniture, a toy railway on the floor, a boy on the balcony waving at the sea, soft grey-green sea light.","blurry, gradient, photorealistic, 3d render, text, letters, watermark, jpeg artifacts, extra fingers, face close-up",none
bat_first_word__3.png,3,"pixel art scene, 180x135, limited palette (Endesga 32), clean 1px outlines, no anti-aliasing, no text, cozy melancholic mood, side or three-quarter view, game background for a narrative mobile game. Moment: a cake with an illegible word on it, the toddler eating the first letter. Usual place, adapt if the moment says otherwise: high-rise apartment in batumi, big balcony window with the black sea filling the whole view, sparse rented furniture, a toy railway on the floor, a boy on the balcony waving at the sea, soft grey-green sea light.","blurry, gradient, photorealistic, 3d render, text, letters, watermark, jpeg artifacts, extra fingers, face close-up",confetti
bat_offer.png,3,"pixel art scene, 180x135, limited palette (Endesga 32), clean 1px outlines, no anti-aliasing, no text, cozy melancholic mood, side or three-quarter view, game background for a narrative mobile game. Moment: a phone with a recruiter's message on the balcony table, sea behind. Usual place, adapt if the moment says otherwise: close-up of a smartphone held in a hand, screen glowing with an abstract notification (no readable text), blurred room background, pixel art UI icons on screen. keep water in the lower third of the frame.","blurry, gradient, photorealistic, 3d render, text, letters, watermark, jpeg artifacts, extra fingers, face close-up",sea
bat_offer__1.png,3,"pixel art scene, 180x135, limited palette (Endesga 32), clean 1px outlines, no anti-aliasing, no text, cozy melancholic mood, side or three-quarter view, game background for a narrative mobile game. Moment: the man typing 'yes' on the phone, smiling. Usual place, adapt if the moment says otherwise: close-up of a smartphone held in a hand, screen glowing with an abstract notification (no readable text), blurred room background, pixel art UI icons on screen.","blurry, gradient, photorealistic, 3d render, text, letters, watermark, jpeg artifacts, extra fingers, face close-up",none
bat_offer__2.png,3,"pixel art scene, 180x135, limited palette (Endesga 32), clean 1px outlines, no anti-aliasing, no text, cozy melancholic mood, side or three-quarter view, game background for a narrative mobile game. Moment: the man negotiating on a call, pacing on the balcony. Usual place, adapt if the moment says otherwise: close-up of a smartphone held in a hand, screen glowing with an abstract notification (no readable text), blurred room background, pixel art UI icons on screen. keep water in the lower third of the frame.","blurry, gradient, photorealistic, 3d render, text, letters, watermark, jpeg artifacts, extra fingers, face close-up",sea
bat_offer__3.png,3,"pixel art scene, 180x135, limited palette (Endesga 32), clean 1px outlines, no anti-aliasing, no text, cozy melancholic mood, side or three-quarter view, game background for a narrative mobile game. Moment: the phone face down on the table for a week, the recruiter's messages piling up. Usual place, adapt if the moment says otherwise: close-up of a smartphone held in a hand, screen glowing with an abstract notification (no readable text), blurred room background, pixel art UI icons on screen.","blurry, gradient, photorealistic, 3d render, text, letters, watermark, jpeg artifacts, extra fingers, face close-up",none
bat_wedding__1.png,3,"pixel art scene, 180x135, limited palette (Endesga 32), clean 1px outlines, no anti-aliasing, no text, cozy melancholic mood, side or three-quarter view, game background for a narrative mobile game. Moment: the grandmother holding the man's hand all evening at the table. Usual place, adapt if the moment says otherwise: view from an airplane window seat, clouds below, wing visible, a hand resting on the window frame, soft sunrise colors, calm and bittersweet. small lit windows or lamps scattered in the upper two thirds.","blurry, gradient, photorealistic, 3d render, text, letters, watermark, jpeg artifacts, extra fingers, face close-up",lights
bat_wedding__2.png,3,"pixel art scene, 180x135, limited palette (Endesga 32), clean 1px outlines, no anti-aliasing, no text, cozy melancholic mood, side or three-quarter view, game background for a narrative mobile game. Moment: a long goodbye hug with the grandmother at the door. Usual place, adapt if the moment says otherwise: view from an airplane window seat, clouds below, wing visible, a hand resting on the window frame, soft sunrise colors, calm and bittersweet.","blurry, gradient, photorealistic, 3d render, text, letters, watermark, jpeg artifacts, extra fingers, face close-up",none
bat_wedding__3.png,3,"pixel art scene, 180x135, limited palette (Endesga 32), clean 1px outlines, no anti-aliasing, no text, cozy melancholic mood, side or three-quarter view, game background for a narrative mobile game. Moment: the man slowly dancing with his tiny grandmother, everyone filming. Usual place, adapt if the moment says otherwise: view from an airplane window seat, clouds below, wing visible, a hand resting on the window frame, soft sunrise colors, calm and bittersweet. small lit windows or lamps scattered in the upper two thirds.","blurry, gradient, photorealistic, 3d render, text, letters, watermark, jpeg artifacts, extra fingers, face close-up",lights
bat_moscow_office.png,3,"pixel art scene, 180x135, limited palette (Endesga 32), clean 1px outlines, no anti-aliasing, no text, cozy melancholic mood, side or three-quarter view, game background for a narrative mobile game. Moment: a moscow office reception, the man handing over a work laptop. Usual place, adapt if the moment says otherwise: open-space office in moscow at evening, empty desks, a laptop handed over at a reception desk, glass walls, city lights outside, cold neon light, a feeling of leaving quietly.","blurry, gradient, photorealistic, 3d render, text, letters, watermark, jpeg artifacts, extra fingers, face close-up",none
bat_moscow_office__1.png,3,"pixel art scene, 180x135, limited palette (Endesga 32), clean 1px outlines, no anti-aliasing, no text, cozy melancholic mood, side or three-quarter view, game background for a narrative mobile game. Moment: two colleagues walking the man to the elevator. Usual place, adapt if the moment says otherwise: open-space office in moscow at evening, empty desks, a laptop handed over at a reception desk, glass walls, city lights outside, cold neon light, a feeling of leaving quietly.","blurry, gradient, photorealistic, 3d render, text, letters, watermark, jpeg artifacts, extra fingers, face close-up",none
bat_moscow_office__2.png,3,"pixel art scene, 180x135, limited palette (Endesga 32), clean 1px outlines, no anti-aliasing, no text, cozy melancholic mood, side or three-quarter view, game background for a narrative mobile game. Moment: a door closing behind the man, a signature on a form. Usual place, adapt if the moment says otherwise: open-space office in moscow at evening, empty desks, a laptop handed over at a reception desk, glass walls, city lights outside, cold neon light, a feeling of leaving quietly.","blurry, gradient, photorealistic, 3d render, text, letters, watermark, jpeg artifacts, extra fingers, face close-up",none
bat_moscow_office__3.png,3,"pixel art scene, 180x135, limited palette (Endesga 32), clean 1px outlines, no anti-aliasing, no text, cozy melancholic mood, side or three-quarter view, game background for a narrative mobile game. Moment: the man alone in an office canteen with a cutlet, mashed potatoes and kompot. Usual place, adapt if the moment says otherwise: open-space office in moscow at evening, empty desks, a laptop handed over at a reception desk, glass walls, city lights outside, cold neon light, a feeling of leaving quietly. a steaming cup or pot near the center of the frame.","blurry, gradient, photorealistic, 3d render, text, letters, watermark, jpeg artifacts, extra fingers, face close-up",steam
bat_brother_call.png,3,"pixel art scene, 180x135, limited palette (Endesga 32), clean 1px outlines, no anti-aliasing, no text, cozy melancholic mood, side or three-quarter view, game background for a narrative mobile game. Moment: a phone ringing on the balcony at night, the brother's name on the screen. Usual place, adapt if the moment says otherwise: close-up of a smartphone held in a hand, screen glowing with an abstract notification (no readable text), blurred room background, pixel art UI icons on screen. keep dark night sky in the upper part of the frame.","blurry, gradient, photorealistic, 3d render, text, letters, watermark, jpeg artifacts, extra fingers, face close-up",stars
bat_brother_call__1.png,3,"pixel art scene, 180x135, limited palette (Endesga 32), clean 1px outlines, no anti-aliasing, no text, cozy melancholic mood, side or three-quarter view, game background for a narrative mobile game. Moment: the man saying yes into the phone, the sea dark behind him. Usual place, adapt if the moment says otherwise: close-up of a smartphone held in a hand, screen glowing with an abstract notification (no readable text), blurred room background, pixel art UI icons on screen. keep dark night sky in the upper part of the frame.","blurry, gradient, photorealistic, 3d render, text, letters, watermark, jpeg artifacts, extra fingers, face close-up",stars
bat_brother_border__1.png,3,"pixel art scene, 180x135, limited palette (Endesga 32), clean 1px outlines, no anti-aliasing, no text, cozy melancholic mood, side or three-quarter view, game background for a narrative mobile game. Moment: strangers asleep in the back seat of the man's car, heater on, night road. Usual place, adapt if the moment says otherwise: small rental car on a winding mountain road in georgia, green mountains, low clouds, view from behind the car, a toddler asleep in a child seat visible through the rear window, early spring, calm road-trip mood. keep dark night sky in the upper part of the frame.","blurry, gradient, photorealistic, 3d render, text, letters, watermark, jpeg artifacts, extra fingers, face close-up",stars
bat_brother_border__2.png,3,"pixel art scene, 180x135, limited palette (Endesga 32), clean 1px outlines, no anti-aliasing, no text, cozy melancholic mood, side or three-quarter view, game background for a narrative mobile game. Moment: the man in his car watching the queue, then opening the door to two cold strangers. Usual place, adapt if the moment says otherwise: small rental car on a winding mountain road in georgia, green mountains, low clouds, view from behind the car, a toddler asleep in a child seat visible through the rear window, early spring, calm road-trip mood. keep dark night sky in the upper part of the frame.","blurry, gradient, photorealistic, 3d render, text, letters, watermark, jpeg artifacts, extra fingers, face close-up",stars
bat_brother_border__3.png,3,"pixel art scene, 180x135, limited palette (Endesga 32), clean 1px outlines, no anti-aliasing, no text, cozy melancholic mood, side or three-quarter view, game background for a narrative mobile game. Moment: the man walking along the queue with a thermos and sandwiches. Usual place, adapt if the moment says otherwise: small rental car on a winding mountain road in georgia, green mountains, low clouds, view from behind the car, a toddler asleep in a child seat visible through the rear window, early spring, calm road-trip mood. a steaming cup or pot near the center of the frame.","blurry, gradient, photorealistic, 3d render, text, letters, watermark, jpeg artifacts, extra fingers, face close-up",steam
bat_brother_here.png,3,"pixel art scene, 180x135, limited palette (Endesga 32), clean 1px outlines, no anti-aliasing, no text, cozy melancholic mood, side or three-quarter view, game background for a narrative mobile game. Moment: the brothers and the toddler in the gilded living room in the evening, the sea dark in the window. Usual place, adapt if the moment says otherwise: high-rise apartment in batumi, big balcony window with the black sea filling the whole view, sparse rented furniture, a toy railway on the floor, a boy on the balcony waving at the sea, soft grey-green sea light.","blurry, gradient, photorealistic, 3d render, text, letters, watermark, jpeg artifacts, extra fingers, face close-up",none
bat_brother_here__1.png,3,"pixel art scene, 180x135, limited palette (Endesga 32), clean 1px outlines, no anti-aliasing, no text, cozy melancholic mood, side or three-quarter view, game background for a narrative mobile game. Moment: the brothers on the balcony talking about childhood, smiling. Usual place, adapt if the moment says otherwise: high-rise apartment in batumi, big balcony window with the black sea filling the whole view, sparse rented furniture, a toy railway on the floor, a boy on the balcony waving at the sea, soft grey-green sea light. keep dark night sky in the upper part of the frame.","blurry, gradient, photorealistic, 3d render, text, letters, watermark, jpeg artifacts, extra fingers, face close-up",stars
bat_brother_here__2.png,3,"pixel art scene, 180x135, limited palette (Endesga 32), clean 1px outlines, no anti-aliasing, no text, cozy melancholic mood, side or three-quarter view, game background for a narrative mobile game. Moment: the brother looking at the sea in silence. Usual place, adapt if the moment says otherwise: high-rise apartment in batumi, big balcony window with the black sea filling the whole view, sparse rented furniture, a toy railway on the floor, a boy on the balcony waving at the sea, soft grey-green sea light. keep water in the lower third of the frame.","blurry, gradient, photorealistic, 3d render, text, letters, watermark, jpeg artifacts, extra fingers, face close-up",sea
bat_brother_here__3.png,3,"pixel art scene, 180x135, limited palette (Endesga 32), clean 1px outlines, no anti-aliasing, no text, cozy melancholic mood, side or three-quarter view, game background for a narrative mobile game. Moment: the brother, the man and the toddler skipping stones on the beach. Usual place, adapt if the moment says otherwise: high-rise apartment in batumi, big balcony window with the black sea filling the whole view, sparse rented furniture, a toy railway on the floor, a boy on the balcony waving at the sea, soft grey-green sea light. keep water in the lower third of the frame.","blurry, gradient, photorealistic, 3d render, text, letters, watermark, jpeg artifacts, extra fingers, face close-up",sea
bat_brother_leaves__1.png,3,"pixel art scene, 180x135, limited palette (Endesga 32), clean 1px outlines, no anti-aliasing, no text, cozy melancholic mood, side or three-quarter view, game background for a narrative mobile game. Moment: two brothers in a long hug, then walking in opposite directions. Usual place, adapt if the moment says otherwise: batumi seaside boulevard with palm trees, the moving metal statues of ali and nino in the distance, a toddler on his father's shoulders, lanterns, sunset over the sea. keep water in the lower third of the frame.","blurry, gradient, photorealistic, 3d render, text, letters, watermark, jpeg artifacts, extra fingers, face close-up",sea
bat_tourists.png,3,"pixel art scene, 180x135, limited palette (Endesga 32), clean 1px outlines, no anti-aliasing, no text, cozy melancholic mood, side or three-quarter view, game background for a narrative mobile game. Moment: a crowded summer beach in batumi full of loud tourists. Usual place, adapt if the moment says otherwise: pebble beach in batumi, father and small boy throwing flat stones into the black sea, skipping stone ripples, mountains and high-rise towers in the background, evening light, peaceful and tender. keep open sky in the upper part of the frame.","blurry, gradient, photorealistic, 3d render, text, letters, watermark, jpeg artifacts, extra fingers, face close-up",gulls
bat_tourists__1.png,3,"pixel art scene, 180x135, limited palette (Endesga 32), clean 1px outlines, no anti-aliasing, no text, cozy melancholic mood, side or three-quarter view, game background for a narrative mobile game. Moment: the man ordering in georgian at a beach cafe, the waiter smiling. Usual place, adapt if the moment says otherwise: pebble beach in batumi, father and small boy throwing flat stones into the black sea, skipping stone ripples, mountains and high-rise towers in the background, evening light, peaceful and tender.","blurry, gradient, photorealistic, 3d render, text, letters, watermark, jpeg artifacts, extra fingers, face close-up",none
bat_tourists__2.png,3,"pixel art scene, 180x135, limited palette (Endesga 32), clean 1px outlines, no anti-aliasing, no text, cozy melancholic mood, side or three-quarter view, game background for a narrative mobile game. Moment: a quiet distant beach with only locals, father and son with stones. Usual place, adapt if the moment says otherwise: pebble beach in batumi, father and small boy throwing flat stones into the black sea, skipping stone ripples, mountains and high-rise towers in the background, evening light, peaceful and tender. keep water in the lower third of the frame.","blurry, gradient, photorealistic, 3d render, text, letters, watermark, jpeg artifacts, extra fingers, face close-up",sea
bat_tourists__3.png,3,"pixel art scene, 180x135, limited palette (Endesga 32), clean 1px outlines, no anti-aliasing, no text, cozy melancholic mood, side or three-quarter view, game background for a narrative mobile game. Moment: the man pointing tourists toward a khinkali place. Usual place, adapt if the moment says otherwise: pebble beach in batumi, father and small boy throwing flat stones into the black sea, skipping stone ripples, mountains and high-rise towers in the background, evening light, peaceful and tender.","blurry, gradient, photorealistic, 3d render, text, letters, watermark, jpeg artifacts, extra fingers, face close-up",none
bat_mom_call.png,3,"pixel art scene, 180x135, limited palette (Endesga 32), clean 1px outlines, no anti-aliasing, no text, cozy melancholic mood, side or three-quarter view, game background for a narrative mobile game. Moment: a video call: the grandmother on screen, the toddler showing her the sea from the balcony. Usual place, adapt if the moment says otherwise: smartphone in hand during a video call, mother's face on the screen in a warm kitchen, background of the caller's cold lisbon room, emotional contrast warm screen vs cold room. keep water in the lower third of the frame.","blurry, gradient, photorealistic, 3d render, text, letters, watermark, jpeg artifacts, extra fingers, face close-up",sea
bat_mom_call__1.png,3,"pixel art scene, 180x135, limited palette (Endesga 32), clean 1px outlines, no anti-aliasing, no text, cozy melancholic mood, side or three-quarter view, game background for a narrative mobile game. Moment: the grandmother on screen saying 'where would I go', then checking the weather. Usual place, adapt if the moment says otherwise: smartphone in hand during a video call, mother's face on the screen in a warm kitchen, background of the caller's cold lisbon room, emotional contrast warm screen vs cold room.","blurry, gradient, photorealistic, 3d render, text, letters, watermark, jpeg artifacts, extra fingers, face close-up",none
bat_mom_call__2.png,3,"pixel art scene, 180x135, limited palette (Endesga 32), clean 1px outlines, no anti-aliasing, no text, cozy melancholic mood, side or three-quarter view, game background for a narrative mobile game. Moment: the man talking on the call, grandmother squinting 'you lost weight'. Usual place, adapt if the moment says otherwise: smartphone in hand during a video call, mother's face on the screen in a warm kitchen, background of the caller's cold lisbon room, emotional contrast warm screen vs cold room.","blurry, gradient, photorealistic, 3d render, text, letters, watermark, jpeg artifacts, extra fingers, face close-up",none
bat_mom_call__3.png,3,"pixel art scene, 180x135, limited palette (Endesga 32), clean 1px outlines, no anti-aliasing, no text, cozy melancholic mood, side or three-quarter view, game background for a narrative mobile game. Moment: the toddler carrying the phone to the beach to show grandmother the pebbles. Usual place, adapt if the moment says otherwise: smartphone in hand during a video call, mother's face on the screen in a warm kitchen, background of the caller's cold lisbon room, emotional contrast warm screen vs cold room. keep water in the lower third of the frame.","blurry, gradient, photorealistic, 3d render, text, letters, watermark, jpeg artifacts, extra fingers, face close-up",sea
bat_mom_visit.png,3,"pixel art scene, 180x135, limited palette (Endesga 32), clean 1px outlines, no anti-aliasing, no text, cozy melancholic mood, side or three-quarter view, game background for a narrative mobile game. Moment: the man's mother stepping onto the gilded balcony, looking at the sea in silence, a suitcase of gifts behind her. Usual place, adapt if the moment says otherwise: airport arrivals hall in lisbon, glass doors opening, a grandmother with a big suitcase and a small boy running toward her with arms open, warm afternoon light, welcome signs, joyful and slightly teary. keep water in the lower third of the frame.","blurry, gradient, photorealistic, 3d render, text, letters, watermark, jpeg artifacts, extra fingers, face close-up",sea
bat_mom_visit__1.png,3,"pixel art scene, 180x135, limited palette (Endesga 32), clean 1px outlines, no anti-aliasing, no text, cozy melancholic mood, side or three-quarter view, game background for a narrative mobile game. Moment: the grandmother sitting on pebbles, the grandson bringing her stones one by one. Usual place, adapt if the moment says otherwise: airport arrivals hall in lisbon, glass doors opening, a grandmother with a big suitcase and a small boy running toward her with arms open, warm afternoon light, welcome signs, joyful and slightly teary. keep water in the lower third of the frame.","blurry, gradient, photorealistic, 3d render, text, letters, watermark, jpeg artifacts, extra fingers, face close-up",sea
bat_mom_visit__2.png,3,"pixel art scene, 180x135, limited palette (Endesga 32), clean 1px outlines, no anti-aliasing, no text, cozy melancholic mood, side or three-quarter view, game background for a narrative mobile game. Moment: the grandmother tasting adjarian khachapuri with suspicion. Usual place, adapt if the moment says otherwise: airport arrivals hall in lisbon, glass doors opening, a grandmother with a big suitcase and a small boy running toward her with arms open, warm afternoon light, welcome signs, joyful and slightly teary. a steaming cup or pot near the center of the frame.","blurry, gradient, photorealistic, 3d render, text, letters, watermark, jpeg artifacts, extra fingers, face close-up",steam
bat_mom_visit__3.png,3,"pixel art scene, 180x135, limited palette (Endesga 32), clean 1px outlines, no anti-aliasing, no text, cozy melancholic mood, side or three-quarter view, game background for a narrative mobile game. Moment: mother and son drinking tea on the balcony looking at the sea. Usual place, adapt if the moment says otherwise: airport arrivals hall in lisbon, glass doors opening, a grandmother with a big suitcase and a small boy running toward her with arms open, warm afternoon light, welcome signs, joyful and slightly teary. keep water in the lower third of the frame.","blurry, gradient, photorealistic, 3d render, text, letters, watermark, jpeg artifacts, extra fingers, face close-up",sea
bat_low_nerves.png,3,"pixel art scene, 180x135, limited palette (Endesga 32), clean 1px outlines, no anti-aliasing, no text, cozy melancholic mood, side or three-quarter view, game background for a narrative mobile game. Moment: 4 am, the man alone on the balcony staring at the dark sea. Usual place, adapt if the moment says otherwise: pebble beach in batumi, father and small boy throwing flat stones into the black sea, skipping stone ripples, mountains and high-rise towers in the background, evening light, peaceful and tender. keep dark night sky in the upper part of the frame.","blurry, gradient, photorealistic, 3d render, text, letters, watermark, jpeg artifacts, extra fingers, face close-up",stars
bat_low_nerves__1.png,3,"pixel art scene, 180x135, limited palette (Endesga 32), clean 1px outlines, no anti-aliasing, no text, cozy melancholic mood, side or three-quarter view, game background for a narrative mobile game. Moment: the couple drinking tea in the kitchen at dawn. Usual place, adapt if the moment says otherwise: pebble beach in batumi, father and small boy throwing flat stones into the black sea, skipping stone ripples, mountains and high-rise towers in the background, evening light, peaceful and tender. a steaming cup or pot near the center of the frame.","blurry, gradient, photorealistic, 3d render, text, letters, watermark, jpeg artifacts, extra fingers, face close-up",steam
bat_low_nerves__2.png,3,"pixel art scene, 180x135, limited palette (Endesga 32), clean 1px outlines, no anti-aliasing, no text, cozy melancholic mood, side or three-quarter view, game background for a narrative mobile game. Moment: a video session with a psychologist, both quiet. Usual place, adapt if the moment says otherwise: pebble beach in batumi, father and small boy throwing flat stones into the black sea, skipping stone ripples, mountains and high-rise towers in the background, evening light, peaceful and tender.","blurry, gradient, photorealistic, 3d render, text, letters, watermark, jpeg artifacts, extra fingers, face close-up",none
bat_low_nerves__3.png,3,"pixel art scene, 180x135, limited palette (Endesga 32), clean 1px outlines, no anti-aliasing, no text, cozy melancholic mood, side or three-quarter view, game background for a narrative mobile game. Moment: the man throwing stones alone into the dark sea. Usual place, adapt if the moment says otherwise: pebble beach in batumi, father and small boy throwing flat stones into the black sea, skipping stone ripples, mountains and high-rise towers in the background, evening light, peaceful and tender. keep water in the lower third of the frame.","blurry, gradient, photorealistic, 3d render, text, letters, watermark, jpeg artifacts, extra fingers, face close-up",sea
bat_low_money.png,3,"pixel art scene, 180x135, limited palette (Endesga 32), clean 1px outlines, no anti-aliasing, no text, cozy melancholic mood, side or three-quarter view, game background for a narrative mobile game. Moment: a phone banking app showing a low balance, the man checking it again. Usual place, adapt if the moment says otherwise: close-up of a smartphone held in a hand, screen glowing with an abstract notification (no readable text), blurred room background, pixel art UI icons on screen.","blurry, gradient, photorealistic, 3d render, text, letters, watermark, jpeg artifacts, extra fingers, face close-up",none
bat_low_money__1.png,3,"pixel art scene, 180x135, limited palette (Endesga 32), clean 1px outlines, no anti-aliasing, no text, cozy melancholic mood, side or three-quarter view, game background for a narrative mobile game. Moment: the man building a website for a georgian restaurant, a plate of food beside the laptop. Usual place, adapt if the moment says otherwise: close-up of a smartphone held in a hand, screen glowing with an abstract notification (no readable text), blurred room background, pixel art UI icons on screen.","blurry, gradient, photorealistic, 3d render, text, letters, watermark, jpeg artifacts, extra fingers, face close-up",none
bat_low_money__2.png,3,"pixel art scene, 180x135, limited palette (Endesga 32), clean 1px outlines, no anti-aliasing, no text, cozy melancholic mood, side or three-quarter view, game background for a narrative mobile game. Moment: a smaller flat with a window onto a wall, the toddler searching for the sea. Usual place, adapt if the moment says otherwise: close-up of a smartphone held in a hand, screen glowing with an abstract notification (no readable text), blurred room background, pixel art UI icons on screen.","blurry, gradient, photorealistic, 3d render, text, letters, watermark, jpeg artifacts, extra fingers, face close-up",none
bat_low_money__3.png,3,"pixel art scene, 180x135, limited palette (Endesga 32), clean 1px outlines, no anti-aliasing, no text, cozy melancholic mood, side or three-quarter view, game background for a narrative mobile game. Moment: money transfer notifications on the phone, the man ashamed. Usual place, adapt if the moment says otherwise: close-up of a smartphone held in a hand, screen glowing with an abstract notification (no readable text), blurred room background, pixel art UI icons on screen.","blurry, gradient, photorealistic, 3d render, text, letters, watermark, jpeg artifacts, extra fingers, face close-up",none
bat_schengen.png,3,"pixel art scene, 180x135, limited palette (Endesga 32), clean 1px outlines, no anti-aliasing, no text, cozy melancholic mood, side or three-quarter view, game background for a narrative mobile game. Moment: the woman holding the toddler's passport open at a visa page, turning pale. Usual place, adapt if the moment says otherwise: high-rise apartment in batumi, big balcony window with the black sea filling the whole view, sparse rented furniture, a toy railway on the floor, a boy on the balcony waving at the sea, soft grey-green sea light.","blurry, gradient, photorealistic, 3d render, text, letters, watermark, jpeg artifacts, extra fingers, face close-up",none
bat_schengen__1.png,3,"pixel art scene, 180x135, limited palette (Endesga 32), clean 1px outlines, no anti-aliasing, no text, cozy melancholic mood, side or three-quarter view, game background for a narrative mobile game. Moment: plane tickets via istanbul on a laptop screen. Usual place, adapt if the moment says otherwise: high-rise apartment in batumi, big balcony window with the black sea filling the whole view, sparse rented furniture, a toy railway on the floor, a boy on the balcony waving at the sea, soft grey-green sea light.","blurry, gradient, photorealistic, 3d render, text, letters, watermark, jpeg artifacts, extra fingers, face close-up",none
bat_schengen__2.png,3,"pixel art scene, 180x135, limited palette (Endesga 32), clean 1px outlines, no anti-aliasing, no text, cozy melancholic mood, side or three-quarter view, game background for a narrative mobile game. Moment: a map of europe on the table, the toddler pointing at the far west edge by the ocean. Usual place, adapt if the moment says otherwise: high-rise apartment in batumi, big balcony window with the black sea filling the whole view, sparse rented furniture, a toy railway on the floor, a boy on the balcony waving at the sea, soft grey-green sea light.","blurry, gradient, photorealistic, 3d render, text, letters, watermark, jpeg artifacts, extra fingers, face close-up",none
bat_schengen__3.png,3,"pixel art scene, 180x135, limited palette (Endesga 32), clean 1px outlines, no anti-aliasing, no text, cozy melancholic mood, side or three-quarter view, game background for a narrative mobile game. Moment: the brothers talking on the balcony, the brother nodding 'go'. Usual place, adapt if the moment says otherwise: high-rise apartment in batumi, big balcony window with the black sea filling the whole view, sparse rented furniture, a toy railway on the floor, a boy on the balcony waving at the sea, soft grey-green sea light. keep water in the lower third of the frame.","blurry, gradient, photorealistic, 3d render, text, letters, watermark, jpeg artifacts, extra fingers, face close-up",sea
bat_sell_car.png,3,"pixel art scene, 180x135, limited palette (Endesga 32), clean 1px outlines, no anti-aliasing, no text, cozy melancholic mood, side or three-quarter view, game background for a narrative mobile game. Moment: the red car parked by the sea with a for sale sign, buyers circling. Usual place, adapt if the moment says otherwise: batumi street with a mix of old houses and glass towers, used cars parked along the road, wet asphalt, neon signs (unreadable), a car market vibe, cloudy sky.","blurry, gradient, photorealistic, 3d render, text, letters, watermark, jpeg artifacts, extra fingers, face close-up",none
bat_sell_car__1.png,3,"pixel art scene, 180x135, limited palette (Endesga 32), clean 1px outlines, no anti-aliasing, no text, cozy melancholic mood, side or three-quarter view, game background for a narrative mobile game. Moment: the man handing over the keys and taking cash. Usual place, adapt if the moment says otherwise: batumi street with a mix of old houses and glass towers, used cars parked along the road, wet asphalt, neon signs (unreadable), a car market vibe, cloudy sky.","blurry, gradient, photorealistic, 3d render, text, letters, watermark, jpeg artifacts, extra fingers, face close-up",none
bat_last_stones__1.png,3,"pixel art scene, 180x135, limited palette (Endesga 32), clean 1px outlines, no anti-aliasing, no text, cozy melancholic mood, side or three-quarter view, game background for a narrative mobile game. Moment: a flat batumi stone placed into the suitcase on top of clothes. Usual place, adapt if the moment says otherwise: pebble beach in batumi, father and small boy throwing flat stones into the black sea, skipping stone ripples, mountains and high-rise towers in the background, evening light, peaceful and tender.","blurry, gradient, photorealistic, 3d render, text, letters, watermark, jpeg artifacts, extra fingers, face close-up",none
bat_spb_flat.png,3,"pixel art scene, 180x135, limited palette (Endesga 32), clean 1px outlines, no anti-aliasing, no text, cozy melancholic mood, side or three-quarter view, game background for a narrative mobile game. Moment: a family chat on the phone with photos of an emptying saint petersburg flat. Usual place, adapt if the moment says otherwise: smartphone screen showing a busy group chat with many message bubbles and cat stickers (no readable text), hand holding the phone, night lighting.","blurry, gradient, photorealistic, 3d render, text, letters, watermark, jpeg artifacts, extra fingers, face close-up",none
bat_spb_flat__1.png,3,"pixel art scene, 180x135, limited palette (Endesga 32), clean 1px outlines, no anti-aliasing, no text, cozy melancholic mood, side or three-quarter view, game background for a narrative mobile game. Moment: someone else's kitchen with the man's old mug on the shelf. Usual place, adapt if the moment says otherwise: smartphone screen showing a busy group chat with many message bubbles and cat stickers (no readable text), hand holding the phone, night lighting.","blurry, gradient, photorealistic, 3d render, text, letters, watermark, jpeg artifacts, extra fingers, face close-up",none
bat_spb_flat__2.png,3,"pixel art scene, 180x135, limited palette (Endesga 32), clean 1px outlines, no anti-aliasing, no text, cozy melancholic mood, side or three-quarter view, game background for a narrative mobile game. Moment: the toy kitchen photographed for an online listing. Usual place, adapt if the moment says otherwise: smartphone screen showing a busy group chat with many message bubbles and cat stickers (no readable text), hand holding the phone, night lighting.","blurry, gradient, photorealistic, 3d render, text, letters, watermark, jpeg artifacts, extra fingers, face close-up",none
bat_spb_flat__3.png,3,"pixel art scene, 180x135, limited palette (Endesga 32), clean 1px outlines, no anti-aliasing, no text, cozy melancholic mood, side or three-quarter view, game background for a narrative mobile game. Moment: the phone with notifications muted lying on the balcony table. Usual place, adapt if the moment says otherwise: smartphone screen showing a busy group chat with many message bubbles and cat stickers (no readable text), hand holding the phone, night lighting. keep water in the lower third of the frame.","blurry, gradient, photorealistic, 3d render, text, letters, watermark, jpeg artifacts, extra fingers, face close-up",sea
crypto_frozen.png,3,"pixel art scene, 180x135, limited palette (Endesga 32), clean 1px outlines, no anti-aliasing, no text, cozy melancholic mood, side or three-quarter view, game background for a narrative mobile game. Moment: a phone screen showing a frozen crypto account warning, a cat avatar offline. Usual place, adapt if the moment says otherwise: close-up of a smartphone held in a hand, screen glowing with an abstract notification (no readable text), blurred room background, pixel art UI icons on screen.","blurry, gradient, photorealistic, 3d render, text, letters, watermark, jpeg artifacts, extra fingers, face close-up",none
crypto_frozen__1.png,3,"pixel art scene, 180x135, limited palette (Endesga 32), clean 1px outlines, no anti-aliasing, no text, cozy melancholic mood, side or three-quarter view, game background for a narrative mobile game. Moment: the man taking a selfie with his passport and a handwritten date. Usual place, adapt if the moment says otherwise: close-up of a smartphone held in a hand, screen glowing with an abstract notification (no readable text), blurred room background, pixel art UI icons on screen.","blurry, gradient, photorealistic, 3d render, text, letters, watermark, jpeg artifacts, extra fingers, face close-up",none
crypto_frozen__2.png,3,"pixel art scene, 180x135, limited palette (Endesga 32), clean 1px outlines, no anti-aliasing, no text, cozy melancholic mood, side or three-quarter view, game background for a narrative mobile game. Moment: a bad exchange rate on screen, the man pressing sell. Usual place, adapt if the moment says otherwise: close-up of a smartphone held in a hand, screen glowing with an abstract notification (no readable text), blurred room background, pixel art UI icons on screen.","blurry, gradient, photorealistic, 3d render, text, letters, watermark, jpeg artifacts, extra fingers, face close-up",none
crypto_frozen__3.png,3,"pixel art scene, 180x135, limited palette (Endesga 32), clean 1px outlines, no anti-aliasing, no text, cozy melancholic mood, side or three-quarter view, game background for a narrative mobile game. Moment: a mailbox full of identical support replies. Usual place, adapt if the moment says otherwise: close-up of a smartphone held in a hand, screen glowing with an abstract notification (no readable text), blurred room background, pixel art UI icons on screen.","blurry, gradient, photorealistic, 3d render, text, letters, watermark, jpeg artifacts, extra fingers, face close-up",none
bat_day.png,3,"pixel art scene, 180x135, limited palette (Endesga 32), clean 1px outlines, no anti-aliasing, no text, cozy melancholic mood, side or three-quarter view, game background for a narrative mobile game. Moment: an ordinary batumi week: laptop, nanny, sea, rain, khachapuri. Usual place, adapt if the moment says otherwise: batumi seaside boulevard with palm trees, the moving metal statues of ali and nino in the distance, a toddler on his father's shoulders, lanterns, sunset over the sea. keep water in the lower third of the frame.","blurry, gradient, photorealistic, 3d render, text, letters, watermark, jpeg artifacts, extra fingers, face close-up",sea
bat_day__1.png,3,"pixel art scene, 180x135, limited palette (Endesga 32), clean 1px outlines, no anti-aliasing, no text, cozy melancholic mood, side or three-quarter view, game background for a narrative mobile game. Moment: the boulevard in the evening, the family walking. Usual place, adapt if the moment says otherwise: batumi seaside boulevard with palm trees, the moving metal statues of ali and nino in the distance, a toddler on his father's shoulders, lanterns, sunset over the sea. keep water in the lower third of the frame.","blurry, gradient, photorealistic, 3d render, text, letters, watermark, jpeg artifacts, extra fingers, face close-up",sea
fig_istanbul.png,3,"pixel art scene, 180x135, limited palette (Endesga 32), clean 1px outlines, no anti-aliasing, no text, cozy melancholic mood, side or three-quarter view, game background for a narrative mobile game. Moment: a small istanbul transit hotel room at night, the family eating room-service food on the bed, a minaret outside the window. Usual place, adapt if the moment says otherwise: huge transit airport terminal at night, people sleeping on benches with backpacks, a simit bread stall, big glass windows with airplanes outside, warm artificial light, liminal space feeling. small lit windows or lamps scattered in the upper two thirds.","blurry, gradient, photorealistic, 3d render, text, letters, watermark, jpeg artifacts, extra fingers, face close-up",lights
fig_istanbul__1.png,3,"pixel art scene, 180x135, limited palette (Endesga 32), clean 1px outlines, no anti-aliasing, no text, cozy melancholic mood, side or three-quarter view, game background for a narrative mobile game. Moment: dawn, the toddler sitting up in bed listening to the call to prayer from a minaret across the street. Usual place, adapt if the moment says otherwise: huge transit airport terminal at night, people sleeping on benches with backpacks, a simit bread stall, big glass windows with airplanes outside, warm artificial light, liminal space feeling. keep dark night sky in the upper part of the frame.","blurry, gradient, photorealistic, 3d render, text, letters, watermark, jpeg artifacts, extra fingers, face close-up",stars
fig_istanbul__2.png,3,"pixel art scene, 180x135, limited palette (Endesga 32), clean 1px outlines, no anti-aliasing, no text, cozy melancholic mood, side or three-quarter view, game background for a narrative mobile game. Moment: the man on a hotel balcony before dawn in his jacket, city lights and a minaret. Usual place, adapt if the moment says otherwise: huge transit airport terminal at night, people sleeping on benches with backpacks, a simit bread stall, big glass windows with airplanes outside, warm artificial light, liminal space feeling. small lit windows or lamps scattered in the upper two thirds.","blurry, gradient, photorealistic, 3d render, text, letters, watermark, jpeg artifacts, extra fingers, face close-up",lights
fig_istanbul__3.png,3,"pixel art scene, 180x135, limited palette (Endesga 32), clean 1px outlines, no anti-aliasing, no text, cozy melancholic mood, side or three-quarter view, game background for a narrative mobile game. Moment: the family walking a night street, a cat asleep on a car bonnet, a simit seller waving. Usual place, adapt if the moment says otherwise: huge transit airport terminal at night, people sleeping on benches with backpacks, a simit bread stall, big glass windows with airplanes outside, warm artificial light, liminal space feeling. small lit windows or lamps scattered in the upper two thirds.","blurry, gradient, photorealistic, 3d render, text, letters, watermark, jpeg artifacts, extra fingers, face close-up",lights
fig_lisbon.png,3,"pixel art scene, 180x135, limited palette (Endesga 32), clean 1px outlines, no anti-aliasing, no text, cozy melancholic mood, side or three-quarter view, game background for a narrative mobile game. Moment: lisbon on a december day: steep streets, a yellow tram, the family with two suitcases and three backpacks on a hill. Usual place, adapt if the moment says otherwise: steep lisbon street with a yellow tram, colorful tiled facades, a family of three with two suitcases and three backpacks climbing uphill, sunny, slightly comic.","blurry, gradient, photorealistic, 3d render, text, letters, watermark, jpeg artifacts, extra fingers, face close-up",none
fig_lisbon__1.png,3,"pixel art scene, 180x135, limited palette (Endesga 32), clean 1px outlines, no anti-aliasing, no text, cozy melancholic mood, side or three-quarter view, game background for a narrative mobile game. Moment: the family riding a yellow tram, the boy asleep against the window. Usual place, adapt if the moment says otherwise: steep lisbon street with a yellow tram, colorful tiled facades, a family of three with two suitcases and three backpacks climbing uphill, sunny, slightly comic.","blurry, gradient, photorealistic, 3d render, text, letters, watermark, jpeg artifacts, extra fingers, face close-up",none
fig_lisbon__2.png,3,"pixel art scene, 180x135, limited palette (Endesga 32), clean 1px outlines, no anti-aliasing, no text, cozy melancholic mood, side or three-quarter view, game background for a narrative mobile game. Moment: a train along fields and pine trees toward figueira, the boy pressing his face to the glass. Usual place, adapt if the moment says otherwise: steep lisbon street with a yellow tram, colorful tiled facades, a family of three with two suitcases and three backpacks climbing uphill, sunny, slightly comic.","blurry, gradient, photorealistic, 3d render, text, letters, watermark, jpeg artifacts, extra fingers, face close-up",none
fig_lisbon__3.png,3,"pixel art scene, 180x135, limited palette (Endesga 32), clean 1px outlines, no anti-aliasing, no text, cozy melancholic mood, side or three-quarter view, game background for a narrative mobile game. Moment: the boy running toward atlantic waves on a lisbon beach and away again. Usual place, adapt if the moment says otherwise: steep lisbon street with a yellow tram, colorful tiled facades, a family of three with two suitcases and three backpacks climbing uphill, sunny, slightly comic. keep water in the lower third of the frame.","blurry, gradient, photorealistic, 3d render, text, letters, watermark, jpeg artifacts, extra fingers, face close-up",sea
fig_arrive__1.png,3,"pixel art scene, 180x135, limited palette (Endesga 32), clean 1px outlines, no anti-aliasing, no text, cozy melancholic mood, side or three-quarter view, game background for a narrative mobile game. Moment: the family walking hand in hand toward the huge cold atlantic. Usual place, adapt if the moment says otherwise: extremely wide empty sandy beach of figueira da foz, atlantic waves far away, a small boy running toward the ocean, seagulls, off-season grey-blue light, vast and quiet. keep open sky in the upper part of the frame.","blurry, gradient, photorealistic, 3d render, text, letters, watermark, jpeg artifacts, extra fingers, face close-up",gulls
fig_month_both.png,3,"pixel art scene, 180x135, limited palette (Endesga 32), clean 1px outlines, no anti-aliasing, no text, cozy melancholic mood, side or three-quarter view, game background for a narrative mobile game. Moment: a phone banking app on a portuguese windowsill, salaries in, rent out, the ocean far away. Usual place, adapt if the moment says otherwise: close-up of a smartphone held in a hand, screen glowing with an abstract notification (no readable text), blurred room background, pixel art UI icons on screen.","blurry, gradient, photorealistic, 3d render, text, letters, watermark, jpeg artifacts, extra fingers, face close-up",none
fig_month_both__1.png,3,"pixel art scene, 180x135, limited palette (Endesga 32), clean 1px outlines, no anti-aliasing, no text, cozy melancholic mood, side or three-quarter view, game background for a narrative mobile game. Moment: a jar of saved coins next to a box of pastéis de nata. Usual place, adapt if the moment says otherwise: close-up of a smartphone held in a hand, screen glowing with an abstract notification (no readable text), blurred room background, pixel art UI icons on screen.","blurry, gradient, photorealistic, 3d render, text, letters, watermark, jpeg artifacts, extra fingers, face close-up",none
fig_month_me.png,3,"pixel art scene, 180x135, limited palette (Endesga 32), clean 1px outlines, no anti-aliasing, no text, cozy melancholic mood, side or three-quarter view, game background for a narrative mobile game. Moment: the man avoiding a banking app, phone face down on the table. Usual place, adapt if the moment says otherwise: close-up of a smartphone held in a hand, screen glowing with an abstract notification (no readable text), blurred room background, pixel art UI icons on screen.","blurry, gradient, photorealistic, 3d render, text, letters, watermark, jpeg artifacts, extra fingers, face close-up",none
fig_month_me__1.png,3,"pixel art scene, 180x135, limited palette (Endesga 32), clean 1px outlines, no anti-aliasing, no text, cozy melancholic mood, side or three-quarter view, game background for a narrative mobile game. Moment: a modest shopping basket on the kitchen table. Usual place, adapt if the moment says otherwise: close-up of a smartphone held in a hand, screen glowing with an abstract notification (no readable text), blurred room background, pixel art UI icons on screen.","blurry, gradient, photorealistic, 3d render, text, letters, watermark, jpeg artifacts, extra fingers, face close-up",none
fig_month_wife.png,3,"pixel art scene, 180x135, limited palette (Endesga 32), clean 1px outlines, no anti-aliasing, no text, cozy melancholic mood, side or three-quarter view, game background for a narrative mobile game. Moment: the man cooking soup with a cover letter in portuguese open on the laptop. Usual place, adapt if the moment says otherwise: close-up of a smartphone held in a hand, screen glowing with an abstract notification (no readable text), blurred room background, pixel art UI icons on screen. a steaming cup or pot near the center of the frame.","blurry, gradient, photorealistic, 3d render, text, letters, watermark, jpeg artifacts, extra fingers, face close-up",steam
fig_month_wife__1.png,3,"pixel art scene, 180x135, limited palette (Endesga 32), clean 1px outlines, no anti-aliasing, no text, cozy melancholic mood, side or three-quarter view, game background for a narrative mobile game. Moment: the man typing at night, soup cooling on the stove. Usual place, adapt if the moment says otherwise: close-up of a smartphone held in a hand, screen glowing with an abstract notification (no readable text), blurred room background, pixel art UI icons on screen.","blurry, gradient, photorealistic, 3d render, text, letters, watermark, jpeg artifacts, extra fingers, face close-up",none
fig_month_none.png,3,"pixel art scene, 180x135, limited palette (Endesga 32), clean 1px outlines, no anti-aliasing, no text, cozy melancholic mood, side or three-quarter view, game background for a narrative mobile game. Moment: an empty wallet beside a rent bill in an old portuguese flat. Usual place, adapt if the moment says otherwise: close-up of a smartphone held in a hand, screen glowing with an abstract notification (no readable text), blurred room background, pixel art UI icons on screen.","blurry, gradient, photorealistic, 3d render, text, letters, watermark, jpeg artifacts, extra fingers, face close-up",none
fig_month_none__1.png,3,"pixel art scene, 180x135, limited palette (Endesga 32), clean 1px outlines, no anti-aliasing, no text, cozy melancholic mood, side or three-quarter view, game background for a narrative mobile game. Moment: savings dropping on a phone screen, the man staring at it. Usual place, adapt if the moment says otherwise: close-up of a smartphone held in a hand, screen glowing with an abstract notification (no readable text), blurred room background, pixel art UI icons on screen.","blurry, gradient, photorealistic, 3d render, text, letters, watermark, jpeg artifacts, extra fingers, face close-up",none
fig_nif.png,3,"pixel art scene, 180x135, limited palette (Endesga 32), clean 1px outlines, no anti-aliasing, no text, cozy melancholic mood, side or three-quarter view, game background for a narrative mobile game. Moment: a finanças tax office hall in portugal, ticket machine, green fluorescent light, the family waiting. Usual place, adapt if the moment says otherwise: portuguese tax office waiting room, ticket number screen, long rows of chairs, people waiting with papers, tired clerk at a desk, greenish fluorescent light, bureaucratic comedy.","blurry, gradient, photorealistic, 3d render, text, letters, watermark, jpeg artifacts, extra fingers, face close-up",none
fig_nif__1.png,3,"pixel art scene, 180x135, limited palette (Endesga 32), clean 1px outlines, no anti-aliasing, no text, cozy melancholic mood, side or three-quarter view, game background for a narrative mobile game. Moment: a helper in a blazer handing three tax number papers to the couple. Usual place, adapt if the moment says otherwise: portuguese tax office waiting room, ticket number screen, long rows of chairs, people waiting with papers, tired clerk at a desk, greenish fluorescent light, bureaucratic comedy.","blurry, gradient, photorealistic, 3d render, text, letters, watermark, jpeg artifacts, extra fingers, face close-up",none
fig_nif__2.png,3,"pixel art scene, 180x135, limited palette (Endesga 32), clean 1px outlines, no anti-aliasing, no text, cozy melancholic mood, side or three-quarter view, game background for a narrative mobile game. Moment: the man at a counter being refused, gesturing in broken portuguese. Usual place, adapt if the moment says otherwise: portuguese tax office waiting room, ticket number screen, long rows of chairs, people waiting with papers, tired clerk at a desk, greenish fluorescent light, bureaucratic comedy.","blurry, gradient, photorealistic, 3d render, text, letters, watermark, jpeg artifacts, extra fingers, face close-up",none
fig_nif__3.png,3,"pixel art scene, 180x135, limited palette (Endesga 32), clean 1px outlines, no anti-aliasing, no text, cozy melancholic mood, side or three-quarter view, game background for a narrative mobile game. Moment: the man reading a long chat thread of recommendations on his phone. Usual place, adapt if the moment says otherwise: portuguese tax office waiting room, ticket number screen, long rows of chairs, people waiting with papers, tired clerk at a desk, greenish fluorescent light, bureaucratic comedy.","blurry, gradient, photorealistic, 3d render, text, letters, watermark, jpeg artifacts, extra fingers, face close-up",none
fig_bank.png,3,"pixel art scene, 180x135, limited palette (Endesga 32), clean 1px outlines, no anti-aliasing, no text, cozy melancholic mood, side or three-quarter view, game background for a narrative mobile game. Moment: a portuguese bank office, a manager looking at russian passports and standing up to leave. Usual place, adapt if the moment says otherwise: small bank branch office, bank manager in a suit behind a desk holding a russian passport with a worried look, stack of forms, glass partition, neutral cold light.","blurry, gradient, photorealistic, 3d render, text, letters, watermark, jpeg artifacts, extra fingers, face close-up",none
fig_bank__1.png,3,"pixel art scene, 180x135, limited palette (Endesga 32), clean 1px outlines, no anti-aliasing, no text, cozy melancholic mood, side or three-quarter view, game background for a narrative mobile game. Moment: a helper speaking portuguese for the family at the bank desk. Usual place, adapt if the moment says otherwise: small bank branch office, bank manager in a suit behind a desk holding a russian passport with a worried look, stack of forms, glass partition, neutral cold light.","blurry, gradient, photorealistic, 3d render, text, letters, watermark, jpeg artifacts, extra fingers, face close-up",none
fig_bank__2.png,3,"pixel art scene, 180x135, limited palette (Endesga 32), clean 1px outlines, no anti-aliasing, no text, cozy melancholic mood, side or three-quarter view, game background for a narrative mobile game. Moment: a pile of forms and the couple smiling tiredly. Usual place, adapt if the moment says otherwise: small bank branch office, bank manager in a suit behind a desk holding a russian passport with a worried look, stack of forms, glass partition, neutral cold light.","blurry, gradient, photorealistic, 3d render, text, letters, watermark, jpeg artifacts, extra fingers, face close-up",none
fig_bank__3.png,3,"pixel art scene, 180x135, limited palette (Endesga 32), clean 1px outlines, no anti-aliasing, no text, cozy melancholic mood, side or three-quarter view, game background for a narrative mobile game. Moment: the man handing over a translated georgian bank statement. Usual place, adapt if the moment says otherwise: small bank branch office, bank manager in a suit behind a desk holding a russian passport with a worried look, stack of forms, glass partition, neutral cold light.","blurry, gradient, photorealistic, 3d render, text, letters, watermark, jpeg artifacts, extra fingers, face close-up",none
fig_bank__4.png,3,"pixel art scene, 180x135, limited palette (Endesga 32), clean 1px outlines, no anti-aliasing, no text, cozy melancholic mood, side or three-quarter view, game background for a narrative mobile game. Moment: a second bank, the couple walking out with cards in an hour. Usual place, adapt if the moment says otherwise: small bank branch office, bank manager in a suit behind a desk holding a russian passport with a worried look, stack of forms, glass partition, neutral cold light.","blurry, gradient, photorealistic, 3d render, text, letters, watermark, jpeg artifacts, extra fingers, face close-up",none
fig_flat.png,3,"pixel art scene, 180x135, limited palette (Endesga 32), clean 1px outlines, no anti-aliasing, no text, cozy melancholic mood, side or three-quarter view, game background for a narrative mobile game. Moment: an old portuguese flat with two bedrooms, a living room and a garage, old windows, dated furniture. Usual place, adapt if the moment says otherwise: empty small lisbon apartment with a window facing a blank wall, real estate agent holding keys, visible mold stain in the ceiling corner, old tiles, bare lightbulb, ironic mood.","blurry, gradient, photorealistic, 3d render, text, letters, watermark, jpeg artifacts, extra fingers, face close-up",none
fig_flat__1.png,3,"pixel art scene, 180x135, limited palette (Endesga 32), clean 1px outlines, no anti-aliasing, no text, cozy melancholic mood, side or three-quarter view, game background for a narrative mobile game. Moment: the man staring at a huge bank transfer on his phone, keys in his other hand. Usual place, adapt if the moment says otherwise: empty small lisbon apartment with a window facing a blank wall, real estate agent holding keys, visible mold stain in the ceiling corner, old tiles, bare lightbulb, ironic mood.","blurry, gradient, photorealistic, 3d render, text, letters, watermark, jpeg artifacts, extra fingers, face close-up",none
fig_flat__2.png,3,"pixel art scene, 180x135, limited palette (Endesga 32), clean 1px outlines, no anti-aliasing, no text, cozy melancholic mood, side or three-quarter view, game background for a narrative mobile game. Moment: the landlord shaking his head, pointing at a contract. Usual place, adapt if the moment says otherwise: empty small lisbon apartment with a window facing a blank wall, real estate agent holding keys, visible mold stain in the ceiling corner, old tiles, bare lightbulb, ironic mood.","blurry, gradient, photorealistic, 3d render, text, letters, watermark, jpeg artifacts, extra fingers, face close-up",none
fig_flat__3.png,3,"pixel art scene, 180x135, limited palette (Endesga 32), clean 1px outlines, no anti-aliasing, no text, cozy melancholic mood, side or three-quarter view, game background for a narrative mobile game. Moment: the landlord and the man shaking hands, the old windows behind them. Usual place, adapt if the moment says otherwise: empty small lisbon apartment with a window facing a blank wall, real estate agent holding keys, visible mold stain in the ceiling corner, old tiles, bare lightbulb, ironic mood.","blurry, gradient, photorealistic, 3d render, text, letters, watermark, jpeg artifacts, extra fingers, face close-up",none
fig_car.png,3,"pixel art scene, 180x135, limited palette (Endesga 32), clean 1px outlines, no anti-aliasing, no text, cozy melancholic mood, side or three-quarter view, game background for a narrative mobile game. Moment: a roadside car lot in figueira, a battered peugeot with a panoramic glass roof. Usual place, adapt if the moment says otherwise: small portuguese seaside town street, white houses with blue azulejo trim, an old 15-year-old hatchback car parked, a bus stop, palm tree, windy afternoon.","blurry, gradient, photorealistic, 3d render, text, letters, watermark, jpeg artifacts, extra fingers, face close-up",none
fig_car__1.png,3,"pixel art scene, 180x135, limited palette (Endesga 32), clean 1px outlines, no anti-aliasing, no text, cozy melancholic mood, side or three-quarter view, game background for a narrative mobile game. Moment: the boy lying on the back seat looking up through the panoramic roof at clouds, the ocean road outside. Usual place, adapt if the moment says otherwise: small portuguese seaside town street, white houses with blue azulejo trim, an old 15-year-old hatchback car parked, a bus stop, palm tree, windy afternoon.","blurry, gradient, photorealistic, 3d render, text, letters, watermark, jpeg artifacts, extra fingers, face close-up",none
fig_car__2.png,3,"pixel art scene, 180x135, limited palette (Endesga 32), clean 1px outlines, no anti-aliasing, no text, cozy melancholic mood, side or three-quarter view, game background for a narrative mobile game. Moment: father and son waiting at a lonely bus stop, a bus driver waving. Usual place, adapt if the moment says otherwise: small portuguese seaside town street, white houses with blue azulejo trim, an old 15-year-old hatchback car parked, a bus stop, palm tree, windy afternoon.","blurry, gradient, photorealistic, 3d render, text, letters, watermark, jpeg artifacts, extra fingers, face close-up",none
fig_car__3.png,3,"pixel art scene, 180x135, limited palette (Endesga 32), clean 1px outlines, no anti-aliasing, no text, cozy melancholic mood, side or three-quarter view, game background for a narrative mobile game. Moment: the man cycling with the boy in a child seat behind him along the promenade. Usual place, adapt if the moment says otherwise: small portuguese seaside town street, white houses with blue azulejo trim, an old 15-year-old hatchback car parked, a bus stop, palm tree, windy afternoon. keep open sky in the upper part of the frame.","blurry, gradient, photorealistic, 3d render, text, letters, watermark, jpeg artifacts, extra fingers, face close-up",gulls
fig_car_later.png,3,"pixel art scene, 180x135, limited palette (Endesga 32), clean 1px outlines, no anti-aliasing, no text, cozy melancholic mood, side or three-quarter view, game background for a narrative mobile game. Moment: rain at a bus stop, the boy soaked, the peugeot still for sale across the road. Usual place, adapt if the moment says otherwise: small portuguese seaside town street, white houses with blue azulejo trim, an old 15-year-old hatchback car parked, a bus stop, palm tree, windy afternoon.","blurry, gradient, photorealistic, 3d render, text, letters, watermark, jpeg artifacts, extra fingers, face close-up",rain
fig_car_later__1.png,3,"pixel art scene, 180x135, limited palette (Endesga 32), clean 1px outlines, no anti-aliasing, no text, cozy melancholic mood, side or three-quarter view, game background for a narrative mobile game. Moment: the seller grinning and handing over the peugeot keys. Usual place, adapt if the moment says otherwise: small portuguese seaside town street, white houses with blue azulejo trim, an old 15-year-old hatchback car parked, a bus stop, palm tree, windy afternoon.","blurry, gradient, photorealistic, 3d render, text, letters, watermark, jpeg artifacts, extra fingers, face close-up",rain
fig_car_later__2.png,3,"pixel art scene, 180x135, limited palette (Endesga 32), clean 1px outlines, no anti-aliasing, no text, cozy melancholic mood, side or three-quarter view, game background for a narrative mobile game. Moment: father and son under a tiny umbrella still waiting for the bus. Usual place, adapt if the moment says otherwise: small portuguese seaside town street, white houses with blue azulejo trim, an old 15-year-old hatchback car parked, a bus stop, palm tree, windy afternoon.","blurry, gradient, photorealistic, 3d render, text, letters, watermark, jpeg artifacts, extra fingers, face close-up",rain
fig_car_later__3.png,3,"pixel art scene, 180x135, limited palette (Endesga 32), clean 1px outlines, no anti-aliasing, no text, cozy melancholic mood, side or three-quarter view, game background for a narrative mobile game. Moment: a rental car parked outside the old flat. Usual place, adapt if the moment says otherwise: small portuguese seaside town street, white houses with blue azulejo trim, an old 15-year-old hatchback car parked, a bus stop, palm tree, windy afternoon.","blurry, gradient, photorealistic, 3d render, text, letters, watermark, jpeg artifacts, extra fingers, face close-up",none
fig_layoff_me.png,3,"pixel art scene, 180x135, limited palette (Endesga 32), clean 1px outlines, no anti-aliasing, no text, cozy melancholic mood, side or three-quarter view, game background for a narrative mobile game. Moment: a laptop showing a company-wide layoff email, the man sitting very still. Usual place, adapt if the moment says otherwise: close-up of a smartphone held in a hand, screen glowing with an abstract notification (no readable text), blurred room background, pixel art UI icons on screen.","blurry, gradient, photorealistic, 3d render, text, letters, watermark, jpeg artifacts, extra fingers, face close-up",none
fig_layoff_me__1.png,3,"pixel art scene, 180x135, limited palette (Endesga 32), clean 1px outlines, no anti-aliasing, no text, cozy melancholic mood, side or three-quarter view, game background for a narrative mobile game. Moment: the man updating his cv at night, typing 'portugal' as location. Usual place, adapt if the moment says otherwise: close-up of a smartphone held in a hand, screen glowing with an abstract notification (no readable text), blurred room background, pixel art UI icons on screen.","blurry, gradient, photorealistic, 3d render, text, letters, watermark, jpeg artifacts, extra fingers, face close-up",none
fig_layoff_me__2.png,3,"pixel art scene, 180x135, limited palette (Endesga 32), clean 1px outlines, no anti-aliasing, no text, cozy melancholic mood, side or three-quarter view, game background for a narrative mobile game. Moment: the man on the wide sand beach throwing a shell into the ocean. Usual place, adapt if the moment says otherwise: close-up of a smartphone held in a hand, screen glowing with an abstract notification (no readable text), blurred room background, pixel art UI icons on screen. keep water in the lower third of the frame.","blurry, gradient, photorealistic, 3d render, text, letters, watermark, jpeg artifacts, extra fingers, face close-up",sea
fig_layoff_me__3.png,3,"pixel art scene, 180x135, limited palette (Endesga 32), clean 1px outlines, no anti-aliasing, no text, cozy melancholic mood, side or three-quarter view, game background for a narrative mobile game. Moment: a video call grid of laid-off colleagues laughing and sharing links. Usual place, adapt if the moment says otherwise: close-up of a smartphone held in a hand, screen glowing with an abstract notification (no readable text), blurred room background, pixel art UI icons on screen.","blurry, gradient, photorealistic, 3d render, text, letters, watermark, jpeg artifacts, extra fingers, face close-up",none
fig_job_found_me.png,3,"pixel art scene, 180x135, limited palette (Endesga 32), clean 1px outlines, no anti-aliasing, no text, cozy melancholic mood, side or three-quarter view, game background for a narrative mobile game. Moment: an offer email on the laptop, the evening sky outside. Usual place, adapt if the moment says otherwise: close-up of a smartphone held in a hand, screen glowing with an abstract notification (no readable text), blurred room background, pixel art UI icons on screen.","blurry, gradient, photorealistic, 3d render, text, letters, watermark, jpeg artifacts, extra fingers, face close-up",none
fig_job_found_me__1.png,3,"pixel art scene, 180x135, limited palette (Endesga 32), clean 1px outlines, no anti-aliasing, no text, cozy melancholic mood, side or three-quarter view, game background for a narrative mobile game. Moment: the man dancing in the kitchen, the boy joining in. Usual place, adapt if the moment says otherwise: close-up of a smartphone held in a hand, screen glowing with an abstract notification (no readable text), blurred room background, pixel art UI icons on screen.","blurry, gradient, photorealistic, 3d render, text, letters, watermark, jpeg artifacts, extra fingers, face close-up",confetti
fig_laptop_sell.png,3,"pixel art scene, 180x135, limited palette (Endesga 32), clean 1px outlines, no anti-aliasing, no text, cozy melancholic mood, side or three-quarter view, game background for a narrative mobile game. Moment: the old laptop with stickers lying on the table. Usual place, adapt if the moment says otherwise: smartphone screen showing a busy group chat with many message bubbles and cat stickers (no readable text), hand holding the phone, night lighting.","blurry, gradient, photorealistic, 3d render, text, letters, watermark, jpeg artifacts, extra fingers, face close-up",none
fig_laptop_sell__1.png,3,"pixel art scene, 180x135, limited palette (Endesga 32), clean 1px outlines, no anti-aliasing, no text, cozy melancholic mood, side or three-quarter view, game background for a narrative mobile game. Moment: a buyer counting euro bills for the laptop at the door. Usual place, adapt if the moment says otherwise: smartphone screen showing a busy group chat with many message bubbles and cat stickers (no readable text), hand holding the phone, night lighting.","blurry, gradient, photorealistic, 3d render, text, letters, watermark, jpeg artifacts, extra fingers, face close-up",none
fig_laptop_sell__2.png,3,"pixel art scene, 180x135, limited palette (Endesga 32), clean 1px outlines, no anti-aliasing, no text, cozy melancholic mood, side or three-quarter view, game background for a narrative mobile game. Moment: the old laptop put back on a shelf. Usual place, adapt if the moment says otherwise: smartphone screen showing a busy group chat with many message bubbles and cat stickers (no readable text), hand holding the phone, night lighting.","blurry, gradient, photorealistic, 3d render, text, letters, watermark, jpeg artifacts, extra fingers, face close-up",dust
fig_laptop_sell__3.png,3,"pixel art scene, 180x135, limited palette (Endesga 32), clean 1px outlines, no anti-aliasing, no text, cozy melancholic mood, side or three-quarter view, game background for a narrative mobile game. Moment: the boy drumming on the old laptop's spacebar, a cartoon on screen. Usual place, adapt if the moment says otherwise: smartphone screen showing a busy group chat with many message bubbles and cat stickers (no readable text), hand holding the phone, night lighting.","blurry, gradient, photorealistic, 3d render, text, letters, watermark, jpeg artifacts, extra fingers, face close-up",none
fig_school.png,3,"pixel art scene, 180x135, limited palette (Endesga 32), clean 1px outlines, no anti-aliasing, no text, cozy melancholic mood, side or three-quarter view, game background for a narrative mobile game. Moment: a small portuguese kindergarten with azulejo tiles, the boy holding his father's hand at the gate. Usual place, adapt if the moment says otherwise: small portuguese public school yard, kids in hoodies, a teacher at the gate, a boy with a backpack holding his father's hand, azulejo wall with a school emblem (no text), morning.","blurry, gradient, photorealistic, 3d render, text, letters, watermark, jpeg artifacts, extra fingers, face close-up",none
fig_school__1.png,3,"pixel art scene, 180x135, limited palette (Endesga 32), clean 1px outlines, no anti-aliasing, no text, cozy melancholic mood, side or three-quarter view, game background for a narrative mobile game. Moment: the boy quiet at a tiny table among portuguese children, then whispering. Usual place, adapt if the moment says otherwise: small portuguese public school yard, kids in hoodies, a teacher at the gate, a boy with a backpack holding his father's hand, azulejo wall with a school emblem (no text), morning.","blurry, gradient, photorealistic, 3d render, text, letters, watermark, jpeg artifacts, extra fingers, face close-up",none
fig_school__2.png,3,"pixel art scene, 180x135, limited palette (Endesga 32), clean 1px outlines, no anti-aliasing, no text, cozy melancholic mood, side or three-quarter view, game background for a narrative mobile game. Moment: the man on the phone calling kindergartens, a list crossed out. Usual place, adapt if the moment says otherwise: small portuguese public school yard, kids in hoodies, a teacher at the gate, a boy with a backpack holding his father's hand, azulejo wall with a school emblem (no text), morning.","blurry, gradient, photorealistic, 3d render, text, letters, watermark, jpeg artifacts, extra fingers, face close-up",none
fig_school__3.png,3,"pixel art scene, 180x135, limited palette (Endesga 32), clean 1px outlines, no anti-aliasing, no text, cozy melancholic mood, side or three-quarter view, game background for a narrative mobile game. Moment: the boy on the man's lap during a video call at home. Usual place, adapt if the moment says otherwise: small portuguese public school yard, kids in hoodies, a teacher at the gate, a boy with a backpack holding his father's hand, azulejo wall with a school emblem (no text), morning.","blurry, gradient, photorealistic, 3d render, text, letters, watermark, jpeg artifacts, extra fingers, face close-up",none
fig_school_tv.png,3,"pixel art scene, 180x135, limited palette (Endesga 32), clean 1px outlines, no anti-aliasing, no text, cozy melancholic mood, side or three-quarter view, game background for a narrative mobile game. Moment: a kindergarten room with an abacus lesson, and a tv on in the corner. Usual place, adapt if the moment says otherwise: small portuguese public school yard, kids in hoodies, a teacher at the gate, a boy with a backpack holding his father's hand, azulejo wall with a school emblem (no text), morning.","blurry, gradient, photorealistic, 3d render, text, letters, watermark, jpeg artifacts, extra fingers, face close-up",none
fig_school_tv__1.png,3,"pixel art scene, 180x135, limited palette (Endesga 32), clean 1px outlines, no anti-aliasing, no text, cozy melancholic mood, side or three-quarter view, game background for a narrative mobile game. Moment: the man arriving at four, the boy running out. Usual place, adapt if the moment says otherwise: small portuguese public school yard, kids in hoodies, a teacher at the gate, a boy with a backpack holding his father's hand, azulejo wall with a school emblem (no text), morning.","blurry, gradient, photorealistic, 3d render, text, letters, watermark, jpeg artifacts, extra fingers, face close-up",none
fig_school_tv__2.png,3,"pixel art scene, 180x135, limited palette (Endesga 32), clean 1px outlines, no anti-aliasing, no text, cozy melancholic mood, side or three-quarter view, game background for a narrative mobile game. Moment: children watching a tv in a row, the boy among them. Usual place, adapt if the moment says otherwise: small portuguese public school yard, kids in hoodies, a teacher at the gate, a boy with a backpack holding his father's hand, azulejo wall with a school emblem (no text), morning.","blurry, gradient, photorealistic, 3d render, text, letters, watermark, jpeg artifacts, extra fingers, face close-up",none
fig_school_tv__3.png,3,"pixel art scene, 180x135, limited palette (Endesga 32), clean 1px outlines, no anti-aliasing, no text, cozy melancholic mood, side or three-quarter view, game background for a narrative mobile game. Moment: the man talking to a teacher at the kindergarten door with gestures. Usual place, adapt if the moment says otherwise: small portuguese public school yard, kids in hoodies, a teacher at the gate, a boy with a backpack holding his father's hand, azulejo wall with a school emblem (no text), morning.","blurry, gradient, photorealistic, 3d render, text, letters, watermark, jpeg artifacts, extra fingers, face close-up",none
fig_alopecia.png,3,"pixel art scene, 180x135, limited palette (Endesga 32), clean 1px outlines, no anti-aliasing, no text, cozy melancholic mood, side or three-quarter view, game background for a narrative mobile game. Moment: the man looking at a small bald patch on the boy's head in the morning light. Usual place, adapt if the moment says otherwise: small private clinic reception in lisbon, white walls, azulejo tile strip, receptionist, patient with a scarf holding a throat, calm.","blurry, gradient, photorealistic, 3d render, text, letters, watermark, jpeg artifacts, extra fingers, face close-up",none
fig_alopecia__1.png,3,"pixel art scene, 180x135, limited palette (Endesga 32), clean 1px outlines, no anti-aliasing, no text, cozy melancholic mood, side or three-quarter view, game background for a narrative mobile game. Moment: a doctor's office, a calm doctor reassuring the parents. Usual place, adapt if the moment says otherwise: small private clinic reception in lisbon, white walls, azulejo tile strip, receptionist, patient with a scarf holding a throat, calm.","blurry, gradient, photorealistic, 3d render, text, letters, watermark, jpeg artifacts, extra fingers, face close-up",none
fig_alopecia__2.png,3,"pixel art scene, 180x135, limited palette (Endesga 32), clean 1px outlines, no anti-aliasing, no text, cozy melancholic mood, side or three-quarter view, game background for a narrative mobile game. Moment: a calendar with three months crossed off, the man checking the boy's head. Usual place, adapt if the moment says otherwise: small private clinic reception in lisbon, white walls, azulejo tile strip, receptionist, patient with a scarf holding a throat, calm.","blurry, gradient, photorealistic, 3d render, text, letters, watermark, jpeg artifacts, extra fingers, face close-up",none
fig_alopecia__3.png,3,"pixel art scene, 180x135, limited palette (Endesga 32), clean 1px outlines, no anti-aliasing, no text, cozy melancholic mood, side or three-quarter view, game background for a narrative mobile game. Moment: a video call with a doctor, the man holding a phone near the boy's head. Usual place, adapt if the moment says otherwise: small private clinic reception in lisbon, white walls, azulejo tile strip, receptionist, patient with a scarf holding a throat, calm.","blurry, gradient, photorealistic, 3d render, text, letters, watermark, jpeg artifacts, extra fingers, face close-up",none
fig_kid_languages.png,3,"pixel art scene, 180x135, limited palette (Endesga 32), clean 1px outlines, no anti-aliasing, no text, cozy melancholic mood, side or three-quarter view, game background for a narrative mobile game. Moment: the boy in pajamas in bed asking for his hat, the man sitting on the edge. Usual place, adapt if the moment says otherwise: small portuguese public school yard, kids in hoodies, a teacher at the gate, a boy with a backpack holding his father's hand, azulejo wall with a school emblem (no text), morning. keep dark night sky in the upper part of the frame.","blurry, gradient, photorealistic, 3d render, text, letters, watermark, jpeg artifacts, extra fingers, face close-up",stars
fig_kid_languages__1.png,3,"pixel art scene, 180x135, limited palette (Endesga 32), clean 1px outlines, no anti-aliasing, no text, cozy melancholic mood, side or three-quarter view, game background for a narrative mobile game. Moment: the man telling friends on the phone with a proud face. Usual place, adapt if the moment says otherwise: small portuguese public school yard, kids in hoodies, a teacher at the gate, a boy with a backpack holding his father's hand, azulejo wall with a school emblem (no text), morning.","blurry, gradient, photorealistic, 3d render, text, letters, watermark, jpeg artifacts, extra fingers, face close-up",none
fig_kid_languages__2.png,3,"pixel art scene, 180x135, limited palette (Endesga 32), clean 1px outlines, no anti-aliasing, no text, cozy melancholic mood, side or three-quarter view, game background for a narrative mobile game. Moment: the man reading a russian fairy tale book at bedtime. Usual place, adapt if the moment says otherwise: small portuguese public school yard, kids in hoodies, a teacher at the gate, a boy with a backpack holding his father's hand, azulejo wall with a school emblem (no text), morning.","blurry, gradient, photorealistic, 3d render, text, letters, watermark, jpeg artifacts, extra fingers, face close-up",none
fig_kid_languages__3.png,3,"pixel art scene, 180x135, limited palette (Endesga 32), clean 1px outlines, no anti-aliasing, no text, cozy melancholic mood, side or three-quarter view, game background for a narrative mobile game. Moment: a phone note with a growing list of the boy's funny phrases. Usual place, adapt if the moment says otherwise: small portuguese public school yard, kids in hoodies, a teacher at the gate, a boy with a backpack holding his father's hand, azulejo wall with a school emblem (no text), morning.","blurry, gradient, photorealistic, 3d render, text, letters, watermark, jpeg artifacts, extra fingers, face close-up",none
fig_school_bilingual.png,3,"pixel art scene, 180x135, limited palette (Endesga 32), clean 1px outlines, no anti-aliasing, no text, cozy melancholic mood, side or three-quarter view, game background for a narrative mobile game. Moment: the woman at night looking at a bilingual school website, the man beside her. Usual place, adapt if the moment says otherwise: small portuguese public school yard, kids in hoodies, a teacher at the gate, a boy with a backpack holding his father's hand, azulejo wall with a school emblem (no text), morning.","blurry, gradient, photorealistic, 3d render, text, letters, watermark, jpeg artifacts, extra fingers, face close-up",none
fig_school_bilingual__1.png,3,"pixel art scene, 180x135, limited palette (Endesga 32), clean 1px outlines, no anti-aliasing, no text, cozy melancholic mood, side or three-quarter view, game background for a narrative mobile game. Moment: the school website tab still open months later. Usual place, adapt if the moment says otherwise: small portuguese public school yard, kids in hoodies, a teacher at the gate, a boy with a backpack holding his father's hand, azulejo wall with a school emblem (no text), morning.","blurry, gradient, photorealistic, 3d render, text, letters, watermark, jpeg artifacts, extra fingers, face close-up",none
fig_school_bilingual__2.png,3,"pixel art scene, 180x135, limited palette (Endesga 32), clean 1px outlines, no anti-aliasing, no text, cozy melancholic mood, side or three-quarter view, game background for a narrative mobile game. Moment: a spreadsheet titled with question marks on the laptop. Usual place, adapt if the moment says otherwise: small portuguese public school yard, kids in hoodies, a teacher at the gate, a boy with a backpack holding his father's hand, azulejo wall with a school emblem (no text), morning.","blurry, gradient, photorealistic, 3d render, text, letters, watermark, jpeg artifacts, extra fingers, face close-up",none
fig_school_bilingual__3.png,3,"pixel art scene, 180x135, limited palette (Endesga 32), clean 1px outlines, no anti-aliasing, no text, cozy melancholic mood, side or three-quarter view, game background for a narrative mobile game. Moment: an email reply from the school on the screen, the couple laughing. Usual place, adapt if the moment says otherwise: small portuguese public school yard, kids in hoodies, a teacher at the gate, a boy with a backpack holding his father's hand, azulejo wall with a school emblem (no text), morning.","blurry, gradient, photorealistic, 3d render, text, letters, watermark, jpeg artifacts, extra fingers, face close-up",none
fig_legal.png,3,"pixel art scene, 180x135, limited palette (Endesga 32), clean 1px outlines, no anti-aliasing, no text, cozy melancholic mood, side or three-quarter view, game background for a narrative mobile game. Moment: a portuguese law office with folders, a lawyer explaining residence permit articles to the couple. Usual place, adapt if the moment says otherwise: small immigration lawyer office, stacks of folders, a lawyer in glasses explaining something with a pen, a couple across the desk looking confused, portuguese flag in the corner.","blurry, gradient, photorealistic, 3d render, text, letters, watermark, jpeg artifacts, extra fingers, face close-up",none
fig_legal__1.png,3,"pixel art scene, 180x135, limited palette (Endesga 32), clean 1px outlines, no anti-aliasing, no text, cozy melancholic mood, side or three-quarter view, game background for a narrative mobile game. Moment: the man reading a long list of requirements. Usual place, adapt if the moment says otherwise: small immigration lawyer office, stacks of folders, a lawyer in glasses explaining something with a pen, a couple across the desk looking confused, portuguese flag in the corner.","blurry, gradient, photorealistic, 3d render, text, letters, watermark, jpeg artifacts, extra fingers, face close-up",none
fig_legal__2.png,3,"pixel art scene, 180x135, limited palette (Endesga 32), clean 1px outlines, no anti-aliasing, no text, cozy melancholic mood, side or three-quarter view, game background for a narrative mobile game. Moment: the man alone at home with a mountain of forms, then calling the lawyers. Usual place, adapt if the moment says otherwise: small immigration lawyer office, stacks of folders, a lawyer in glasses explaining something with a pen, a couple across the desk looking confused, portuguese flag in the corner.","blurry, gradient, photorealistic, 3d render, text, letters, watermark, jpeg artifacts, extra fingers, face close-up",none
fig_legal__3.png,3,"pixel art scene, 180x135, limited palette (Endesga 32), clean 1px outlines, no anti-aliasing, no text, cozy melancholic mood, side or three-quarter view, game background for a narrative mobile game. Moment: a phone chat with many recommendations. Usual place, adapt if the moment says otherwise: small immigration lawyer office, stacks of folders, a lawyer in glasses explaining something with a pen, a couple across the desk looking confused, portuguese flag in the corner.","blurry, gradient, photorealistic, 3d render, text, letters, watermark, jpeg artifacts, extra fingers, face close-up",none
fig_sef_slots.png,3,"pixel art scene, 180x135, limited palette (Endesga 32), clean 1px outlines, no anti-aliasing, no text, cozy melancholic mood, side or three-quarter view, game background for a narrative mobile game. Moment: the couple at two laptops refreshing an appointment page, a clock showing the minute slots appear. Usual place, adapt if the moment says otherwise: close-up of a smartphone held in a hand, screen glowing with an abstract notification (no readable text), blurred room background, pixel art UI icons on screen.","blurry, gradient, photorealistic, 3d render, text, letters, watermark, jpeg artifacts, extra fingers, face close-up",none
fig_sef_slots__1.png,3,"pixel art scene, 180x135, limited palette (Endesga 32), clean 1px outlines, no anti-aliasing, no text, cozy melancholic mood, side or three-quarter view, game background for a narrative mobile game. Moment: the couple exhausted at dawn, still refreshing. Usual place, adapt if the moment says otherwise: close-up of a smartphone held in a hand, screen glowing with an abstract notification (no readable text), blurred room background, pixel art UI icons on screen.","blurry, gradient, photorealistic, 3d render, text, letters, watermark, jpeg artifacts, extra fingers, face close-up",none
fig_sef_slots__2.png,3,"pixel art scene, 180x135, limited palette (Endesga 32), clean 1px outlines, no anti-aliasing, no text, cozy melancholic mood, side or three-quarter view, game background for a narrative mobile game. Moment: the man paying online for an appointment. Usual place, adapt if the moment says otherwise: close-up of a smartphone held in a hand, screen glowing with an abstract notification (no readable text), blurred room background, pixel art UI icons on screen.","blurry, gradient, photorealistic, 3d render, text, letters, watermark, jpeg artifacts, extra fingers, face close-up",none
fig_sef_slots__3.png,3,"pixel art scene, 180x135, limited palette (Endesga 32), clean 1px outlines, no anti-aliasing, no text, cozy melancholic mood, side or three-quarter view, game background for a narrative mobile game. Moment: friends' messages popping up on the phone trying to help. Usual place, adapt if the moment says otherwise: close-up of a smartphone held in a hand, screen glowing with an abstract notification (no readable text), blurred room background, pixel art UI icons on screen.","blurry, gradient, photorealistic, 3d render, text, letters, watermark, jpeg artifacts, extra fingers, face close-up",none
fig_sef_paid.png,3,"pixel art scene, 180x135, limited palette (Endesga 32), clean 1px outlines, no anti-aliasing, no text, cozy melancholic mood, side or three-quarter view, game background for a narrative mobile game. Moment: a map of portugal with three pins: santarém, porto, viseu. Usual place, adapt if the moment says otherwise: immigration office waiting hall, sign ""AIMA"" above counters, crowded with people from different countries, number display, one open window out of ten, clerk taking fingerprints, fluorescent light, absurd and tiring.","blurry, gradient, photorealistic, 3d render, text, letters, watermark, jpeg artifacts, extra fingers, face close-up",none
fig_sef_paid__1.png,3,"pixel art scene, 180x135, limited palette (Endesga 32), clean 1px outlines, no anti-aliasing, no text, cozy melancholic mood, side or three-quarter view, game background for a narrative mobile game. Moment: three government office windows, three sets of fingerprints, the boy serious at the camera. Usual place, adapt if the moment says otherwise: immigration office waiting hall, sign ""AIMA"" above counters, crowded with people from different countries, number display, one open window out of ten, clerk taking fingerprints, fluorescent light, absurd and tiring.","blurry, gradient, photorealistic, 3d render, text, letters, watermark, jpeg artifacts, extra fingers, face close-up",none
fig_sef_paid__2.png,3,"pixel art scene, 180x135, limited palette (Endesga 32), clean 1px outlines, no anti-aliasing, no text, cozy melancholic mood, side or three-quarter view, game background for a narrative mobile game. Moment: a neat travel spreadsheet of dates and trains. Usual place, adapt if the moment says otherwise: immigration office waiting hall, sign ""AIMA"" above counters, crowded with people from different countries, number display, one open window out of ten, clerk taking fingerprints, fluorescent light, absurd and tiring.","blurry, gradient, photorealistic, 3d render, text, letters, watermark, jpeg artifacts, extra fingers, face close-up",none
fig_sef_paid__3.png,3,"pixel art scene, 180x135, limited palette (Endesga 32), clean 1px outlines, no anti-aliasing, no text, cozy melancholic mood, side or three-quarter view, game background for a narrative mobile game. Moment: father and son on a train and then on the iron bridge in porto. Usual place, adapt if the moment says otherwise: immigration office waiting hall, sign ""AIMA"" above counters, crowded with people from different countries, number display, one open window out of ten, clerk taking fingerprints, fluorescent light, absurd and tiring.","blurry, gradient, photorealistic, 3d render, text, letters, watermark, jpeg artifacts, extra fingers, face close-up",none
fig_card_son.png,3,"pixel art scene, 180x135, limited palette (Endesga 32), clean 1px outlines, no anti-aliasing, no text, cozy melancholic mood, side or three-quarter view, game background for a narrative mobile game. Moment: a small residence card with the boy's serious face lying on a ctt envelope. Usual place, adapt if the moment says otherwise: portuguese post office counter with a red ""CTT"" sign, parcels on shelves, a box wrapped in tape with russian stickers, clerk behind the counter, sunny window.","blurry, gradient, photorealistic, 3d render, text, letters, watermark, jpeg artifacts, extra fingers, face close-up",none
fig_card_son__1.png,3,"pixel art scene, 180x135, limited palette (Endesga 32), clean 1px outlines, no anti-aliasing, no text, cozy melancholic mood, side or three-quarter view, game background for a narrative mobile game. Moment: a phone photo of the card being sent to grandmother. Usual place, adapt if the moment says otherwise: portuguese post office counter with a red ""CTT"" sign, parcels on shelves, a box wrapped in tape with russian stickers, clerk behind the counter, sunny window.","blurry, gradient, photorealistic, 3d render, text, letters, watermark, jpeg artifacts, extra fingers, face close-up",none
fig_card_wife.png,3,"pixel art scene, 180x135, limited palette (Endesga 32), clean 1px outlines, no anti-aliasing, no text, cozy melancholic mood, side or three-quarter view, game background for a narrative mobile game. Moment: the woman holding her residence card with two fingers like a long-awaited ticket. Usual place, adapt if the moment says otherwise: portuguese post office counter with a red ""CTT"" sign, parcels on shelves, a box wrapped in tape with russian stickers, clerk behind the counter, sunny window.","blurry, gradient, photorealistic, 3d render, text, letters, watermark, jpeg artifacts, extra fingers, face close-up",none
fig_card_wife__1.png,3,"pixel art scene, 180x135, limited palette (Endesga 32), clean 1px outlines, no anti-aliasing, no text, cozy melancholic mood, side or three-quarter view, game background for a narrative mobile game. Moment: the woman patting the man on the shoulder, laughing. Usual place, adapt if the moment says otherwise: portuguese post office counter with a red ""CTT"" sign, parcels on shelves, a box wrapped in tape with russian stickers, clerk behind the counter, sunny window.","blurry, gradient, photorealistic, 3d render, text, letters, watermark, jpeg artifacts, extra fingers, face close-up",none
fig_sef_renamed.png,3,"pixel art scene, 180x135, limited palette (Endesga 32), clean 1px outlines, no anti-aliasing, no text, cozy melancholic mood, side or three-quarter view, game background for a narrative mobile game. Moment: an old sef sign being replaced by a new aima sign over the same long queue. Usual place, adapt if the moment says otherwise: immigration office waiting hall, sign ""AIMA"" above counters, crowded with people from different countries, number display, one open window out of ten, clerk taking fingerprints, fluorescent light, absurd and tiring.","blurry, gradient, photorealistic, 3d render, text, letters, watermark, jpeg artifacts, extra fingers, face close-up",none
fig_sef_renamed__1.png,3,"pixel art scene, 180x135, limited palette (Endesga 32), clean 1px outlines, no anti-aliasing, no text, cozy melancholic mood, side or three-quarter view, game background for a narrative mobile game. Moment: the man waiting, scrolling chat messages about the queue. Usual place, adapt if the moment says otherwise: immigration office waiting hall, sign ""AIMA"" above counters, crowded with people from different countries, number display, one open window out of ten, clerk taking fingerprints, fluorescent light, absurd and tiring.","blurry, gradient, photorealistic, 3d render, text, letters, watermark, jpeg artifacts, extra fingers, face close-up",none
fig_sef_renamed__2.png,3,"pixel art scene, 180x135, limited palette (Endesga 32), clean 1px outlines, no anti-aliasing, no text, cozy melancholic mood, side or three-quarter view, game background for a narrative mobile game. Moment: the man listening to hold music on the phone. Usual place, adapt if the moment says otherwise: immigration office waiting hall, sign ""AIMA"" above counters, crowded with people from different countries, number display, one open window out of ten, clerk taking fingerprints, fluorescent light, absurd and tiring.","blurry, gradient, photorealistic, 3d render, text, letters, watermark, jpeg artifacts, extra fingers, face close-up",none
fig_sef_renamed__3.png,3,"pixel art scene, 180x135, limited palette (Endesga 32), clean 1px outlines, no anti-aliasing, no text, cozy melancholic mood, side or three-quarter view, game background for a narrative mobile game. Moment: the man writing in a complaint book at a counter. Usual place, adapt if the moment says otherwise: immigration office waiting hall, sign ""AIMA"" above counters, crowded with people from different countries, number display, one open window out of ten, clerk taking fingerprints, fluorescent light, absurd and tiring.","blurry, gradient, photorealistic, 3d render, text, letters, watermark, jpeg artifacts, extra fingers, face close-up",none
fig_parcel_offer.png,3,"pixel art scene, 180x135, limited palette (Endesga 32), clean 1px outlines, no anti-aliasing, no text, cozy melancholic mood, side or three-quarter view, game background for a narrative mobile game. Moment: a video call with the mother showing a parcel she just sent. Usual place, adapt if the moment says otherwise: smartphone in hand during a video call, mother's face on the screen in a warm kitchen, background of the caller's cold lisbon room, emotional contrast warm screen vs cold room.","blurry, gradient, photorealistic, 3d render, text, letters, watermark, jpeg artifacts, extra fingers, face close-up",none
fig_parcel_offer__1.png,3,"pixel art scene, 180x135, limited palette (Endesga 32), clean 1px outlines, no anti-aliasing, no text, cozy melancholic mood, side or three-quarter view, game background for a narrative mobile game. Moment: the mother smiling on screen, the man smiling with a hint of worry. Usual place, adapt if the moment says otherwise: smartphone in hand during a video call, mother's face on the screen in a warm kitchen, background of the caller's cold lisbon room, emotional contrast warm screen vs cold room.","blurry, gradient, photorealistic, 3d render, text, letters, watermark, jpeg artifacts, extra fingers, face close-up",none
ctt_notice.png,3,"pixel art scene, 180x135, limited palette (Endesga 32), clean 1px outlines, no anti-aliasing, no text, cozy melancholic mood, side or three-quarter view, game background for a narrative mobile game. Moment: a ctt post office letter about a parcel held at customs. Usual place, adapt if the moment says otherwise: portuguese post office counter with a red ""CTT"" sign, parcels on shelves, a box wrapped in tape with russian stickers, clerk behind the counter, sunny window.","blurry, gradient, photorealistic, 3d render, text, letters, watermark, jpeg artifacts, extra fingers, face close-up",none
ctt_notice__1.png,3,"pixel art scene, 180x135, limited palette (Endesga 32), clean 1px outlines, no anti-aliasing, no text, cozy melancholic mood, side or three-quarter view, game background for a narrative mobile game. Moment: a customs form on a laptop with every value set to zero. Usual place, adapt if the moment says otherwise: portuguese post office counter with a red ""CTT"" sign, parcels on shelves, a box wrapped in tape with russian stickers, clerk behind the counter, sunny window.","blurry, gradient, photorealistic, 3d render, text, letters, watermark, jpeg artifacts, extra fingers, face close-up",none
ctt_notice__2.png,3,"pixel art scene, 180x135, limited palette (Endesga 32), clean 1px outlines, no anti-aliasing, no text, cozy melancholic mood, side or three-quarter view, game background for a narrative mobile game. Moment: the letter put aside under a pile of papers. Usual place, adapt if the moment says otherwise: portuguese post office counter with a red ""CTT"" sign, parcels on shelves, a box wrapped in tape with russian stickers, clerk behind the counter, sunny window.","blurry, gradient, photorealistic, 3d render, text, letters, watermark, jpeg artifacts, extra fingers, face close-up",none
ctt_reminder.png,3,"pixel art scene, 180x135, limited palette (Endesga 32), clean 1px outlines, no anti-aliasing, no text, cozy melancholic mood, side or three-quarter view, game background for a narrative mobile game. Moment: the man counting days on a calendar, a slow ctt website loading. Usual place, adapt if the moment says otherwise: portuguese post office counter with a red ""CTT"" sign, parcels on shelves, a box wrapped in tape with russian stickers, clerk behind the counter, sunny window.","blurry, gradient, photorealistic, 3d render, text, letters, watermark, jpeg artifacts, extra fingers, face close-up",none
ctt_reminder__1.png,3,"pixel art scene, 180x135, limited palette (Endesga 32), clean 1px outlines, no anti-aliasing, no text, cozy melancholic mood, side or three-quarter view, game background for a narrative mobile game. Moment: the man submitting the declaration at the last moment. Usual place, adapt if the moment says otherwise: portuguese post office counter with a red ""CTT"" sign, parcels on shelves, a box wrapped in tape with russian stickers, clerk behind the counter, sunny window.","blurry, gradient, photorealistic, 3d render, text, letters, watermark, jpeg artifacts, extra fingers, face close-up",none
ctt_reminder__2.png,3,"pixel art scene, 180x135, limited palette (Endesga 32), clean 1px outlines, no anti-aliasing, no text, cozy melancholic mood, side or three-quarter view, game background for a narrative mobile game. Moment: the man closing the laptop and saying 'tomorrow'. Usual place, adapt if the moment says otherwise: portuguese post office counter with a red ""CTT"" sign, parcels on shelves, a box wrapped in tape with russian stickers, clerk behind the counter, sunny window.","blurry, gradient, photorealistic, 3d render, text, letters, watermark, jpeg artifacts, extra fingers, face close-up",none
parcel_returned.png,3,"pixel art scene, 180x135, limited palette (Endesga 32), clean 1px outlines, no anti-aliasing, no text, cozy melancholic mood, side or three-quarter view, game background for a narrative mobile game. Moment: a video call: the mother holding a returned parcel covered in stickers. Usual place, adapt if the moment says otherwise: smartphone in hand during a video call, mother's face on the screen in a warm kitchen, background of the caller's cold lisbon room, emotional contrast warm screen vs cold room.","blurry, gradient, photorealistic, 3d render, text, letters, watermark, jpeg artifacts, extra fingers, face close-up",none
parcel_returned__1.png,3,"pixel art scene, 180x135, limited palette (Endesga 32), clean 1px outlines, no anti-aliasing, no text, cozy melancholic mood, side or three-quarter view, game background for a narrative mobile game. Moment: the man promising on the call, the mother waving it off. Usual place, adapt if the moment says otherwise: smartphone in hand during a video call, mother's face on the screen in a warm kitchen, background of the caller's cold lisbon room, emotional contrast warm screen vs cold room.","blurry, gradient, photorealistic, 3d render, text, letters, watermark, jpeg artifacts, extra fingers, face close-up",none
parcel_arrives.png,3,"pixel art scene, 180x135, limited palette (Endesga 32), clean 1px outlines, no anti-aliasing, no text, cozy melancholic mood, side or three-quarter view, game background for a narrative mobile game. Moment: an opened parcel on the table: wool socks, a chocolate bar, picture books, a handwritten note. Usual place, adapt if the moment says otherwise: portuguese post office counter with a red ""CTT"" sign, parcels on shelves, a box wrapped in tape with russian stickers, clerk behind the counter, sunny window.","blurry, gradient, photorealistic, 3d render, text, letters, watermark, jpeg artifacts, extra fingers, face close-up",none
parcel_arrives__1.png,3,"pixel art scene, 180x135, limited palette (Endesga 32), clean 1px outlines, no anti-aliasing, no text, cozy melancholic mood, side or three-quarter view, game background for a narrative mobile game. Moment: the man breaking off a piece of the chocolate, the family around. Usual place, adapt if the moment says otherwise: portuguese post office counter with a red ""CTT"" sign, parcels on shelves, a box wrapped in tape with russian stickers, clerk behind the counter, sunny window.","blurry, gradient, photorealistic, 3d render, text, letters, watermark, jpeg artifacts, extra fingers, face close-up",none
fig_mold.png,3,"pixel art scene, 180x135, limited palette (Endesga 32), clean 1px outlines, no anti-aliasing, no text, cozy melancholic mood, side or three-quarter view, game background for a narrative mobile game. Moment: a black mold spot in the corner of an old portuguese flat, the landlord shrugging. Usual place, adapt if the moment says otherwise: small rented lisbon apartment room, mattress with a thin blanket, laptop on a box used as a table, a few books on a shelf, black mold spot in the corner of the ceiling, window with terracotta rooftops, evening, lived-in but temporary feeling.","blurry, gradient, photorealistic, 3d render, text, letters, watermark, jpeg artifacts, extra fingers, face close-up",none
fig_mold__1.png,3,"pixel art scene, 180x135, limited palette (Endesga 32), clean 1px outlines, no anti-aliasing, no text, cozy melancholic mood, side or three-quarter view, game background for a narrative mobile game. Moment: the man spraying the corner with a cleaner. Usual place, adapt if the moment says otherwise: small rented lisbon apartment room, mattress with a thin blanket, laptop on a box used as a table, a few books on a shelf, black mold spot in the corner of the ceiling, window with terracotta rooftops, evening, lived-in but temporary feeling.","blurry, gradient, photorealistic, 3d render, text, letters, watermark, jpeg artifacts, extra fingers, face close-up",none
fig_mold__2.png,3,"pixel art scene, 180x135, limited palette (Endesga 32), clean 1px outlines, no anti-aliasing, no text, cozy melancholic mood, side or three-quarter view, game background for a narrative mobile game. Moment: the boy waving good morning to the mold in the corner. Usual place, adapt if the moment says otherwise: small rented lisbon apartment room, mattress with a thin blanket, laptop on a box used as a table, a few books on a shelf, black mold spot in the corner of the ceiling, window with terracotta rooftops, evening, lived-in but temporary feeling.","blurry, gradient, photorealistic, 3d render, text, letters, watermark, jpeg artifacts, extra fingers, face close-up",none
fig_mold__3.png,3,"pixel art scene, 180x135, limited palette (Endesga 32), clean 1px outlines, no anti-aliasing, no text, cozy melancholic mood, side or three-quarter view, game background for a narrative mobile game. Moment: all the windows wide open, curtains blowing in the cold wind. Usual place, adapt if the moment says otherwise: small rented lisbon apartment room, mattress with a thin blanket, laptop on a box used as a table, a few books on a shelf, black mold spot in the corner of the ceiling, window with terracotta rooftops, evening, lived-in but temporary feeling.","blurry, gradient, photorealistic, 3d render, text, letters, watermark, jpeg artifacts, extra fingers, face close-up",none
fig_cold.png,3,"pixel art scene, 180x135, limited palette (Endesga 32), clean 1px outlines, no anti-aliasing, no text, cozy melancholic mood, side or three-quarter view, game background for a narrative mobile game. Moment: the coldest flat: the family in jackets indoors, breath visible, old leaky windows. Usual place, adapt if the moment says otherwise: same small lisbon apartment at night, cold blue tint, figure wrapped in a blanket and a winter jacket sitting on the mattress, visible breath vapor, a small electric heater glowing orange.","blurry, gradient, photorealistic, 3d render, text, letters, watermark, jpeg artifacts, extra fingers, face close-up",none
fig_cold__1.png,3,"pixel art scene, 180x135, limited palette (Endesga 32), clean 1px outlines, no anti-aliasing, no text, cozy melancholic mood, side or three-quarter view, game background for a narrative mobile game. Moment: the family huddled around a tiny heater. Usual place, adapt if the moment says otherwise: same small lisbon apartment at night, cold blue tint, figure wrapped in a blanket and a winter jacket sitting on the mattress, visible breath vapor, a small electric heater glowing orange.","blurry, gradient, photorealistic, 3d render, text, letters, watermark, jpeg artifacts, extra fingers, face close-up",none
fig_cold__2.png,3,"pixel art scene, 180x135, limited palette (Endesga 32), clean 1px outlines, no anti-aliasing, no text, cozy melancholic mood, side or three-quarter view, game background for a narrative mobile game. Moment: the man in three pairs of socks texting his mother 'all good'. Usual place, adapt if the moment says otherwise: same small lisbon apartment at night, cold blue tint, figure wrapped in a blanket and a winter jacket sitting on the mattress, visible breath vapor, a small electric heater glowing orange.","blurry, gradient, photorealistic, 3d render, text, letters, watermark, jpeg artifacts, extra fingers, face close-up",none
fig_cold__3.png,3,"pixel art scene, 180x135, limited palette (Endesga 32), clean 1px outlines, no anti-aliasing, no text, cozy melancholic mood, side or three-quarter view, game background for a narrative mobile game. Moment: three people and a plush cat under two blankets on one bed. Usual place, adapt if the moment says otherwise: same small lisbon apartment at night, cold blue tint, figure wrapped in a blanket and a winter jacket sitting on the mattress, visible breath vapor, a small electric heater glowing orange.","blurry, gradient, photorealistic, 3d render, text, letters, watermark, jpeg artifacts, extra fingers, face close-up",none
fig_electricity.png,3,"pixel art scene, 180x135, limited palette (Endesga 32), clean 1px outlines, no anti-aliasing, no text, cozy melancholic mood, side or three-quarter view, game background for a narrative mobile game. Moment: an electricity bill on the table, the man staring at it. Usual place, adapt if the moment says otherwise: small rented lisbon apartment room, mattress with a thin blanket, laptop on a box used as a table, a few books on a shelf, black mold spot in the corner of the ceiling, window with terracotta rooftops, evening, lived-in but temporary feeling.","blurry, gradient, photorealistic, 3d render, text, letters, watermark, jpeg artifacts, extra fingers, face close-up",none
fig_electricity__1.png,3,"pixel art scene, 180x135, limited palette (Endesga 32), clean 1px outlines, no anti-aliasing, no text, cozy melancholic mood, side or three-quarter view, game background for a narrative mobile game. Moment: the man paying the bill on his phone with a sigh. Usual place, adapt if the moment says otherwise: small rented lisbon apartment room, mattress with a thin blanket, laptop on a box used as a table, a few books on a shelf, black mold spot in the corner of the ceiling, window with terracotta rooftops, evening, lived-in but temporary feeling.","blurry, gradient, photorealistic, 3d render, text, letters, watermark, jpeg artifacts, extra fingers, face close-up",none
fig_stone__1.png,3,"pixel art scene, 180x135, limited palette (Endesga 32), clean 1px outlines, no anti-aliasing, no text, cozy melancholic mood, side or three-quarter view, game background for a narrative mobile game. Moment: the stone flying over the atlantic waves, the boy waving after it. Usual place, adapt if the moment says otherwise: extremely wide empty sandy beach of figueira da foz, atlantic waves far away, a small boy running toward the ocean, seagulls, off-season grey-blue light, vast and quiet. keep water in the lower third of the frame.","blurry, gradient, photorealistic, 3d render, text, letters, watermark, jpeg artifacts, extra fingers, face close-up",sea
fig_stone__2.png,3,"pixel art scene, 180x135, limited palette (Endesga 32), clean 1px outlines, no anti-aliasing, no text, cozy melancholic mood, side or three-quarter view, game background for a narrative mobile game. Moment: the stone placed on a shelf next to the grey plush cat. Usual place, adapt if the moment says otherwise: extremely wide empty sandy beach of figueira da foz, atlantic waves far away, a small boy running toward the ocean, seagulls, off-season grey-blue light, vast and quiet.","blurry, gradient, photorealistic, 3d render, text, letters, watermark, jpeg artifacts, extra fingers, face close-up",none
fig_stone__3.png,3,"pixel art scene, 180x135, limited palette (Endesga 32), clean 1px outlines, no anti-aliasing, no text, cozy melancholic mood, side or three-quarter view, game background for a narrative mobile game. Moment: the boy throwing a shell into the ocean, the stone still in his pocket. Usual place, adapt if the moment says otherwise: extremely wide empty sandy beach of figueira da foz, atlantic waves far away, a small boy running toward the ocean, seagulls, off-season grey-blue light, vast and quiet. keep water in the lower third of the frame.","blurry, gradient, photorealistic, 3d render, text, letters, watermark, jpeg artifacts, extra fingers, face close-up",sea
fig_stones.png,3,"pixel art scene, 180x135, limited palette (Endesga 32), clean 1px outlines, no anti-aliasing, no text, cozy melancholic mood, side or three-quarter view, game background for a narrative mobile game. Moment: the boy searching the sand for stones, finding shells and a cork. Usual place, adapt if the moment says otherwise: extremely wide empty sandy beach of figueira da foz, atlantic waves far away, a small boy running toward the ocean, seagulls, off-season grey-blue light, vast and quiet. keep open sky in the upper part of the frame.","blurry, gradient, photorealistic, 3d render, text, letters, watermark, jpeg artifacts, extra fingers, face close-up",gulls
fig_stones__1.png,3,"pixel art scene, 180x135, limited palette (Endesga 32), clean 1px outlines, no anti-aliasing, no text, cozy melancholic mood, side or three-quarter view, game background for a narrative mobile game. Moment: father and son crouching on the sand together searching. Usual place, adapt if the moment says otherwise: extremely wide empty sandy beach of figueira da foz, atlantic waves far away, a small boy running toward the ocean, seagulls, off-season grey-blue light, vast and quiet. keep open sky in the upper part of the frame.","blurry, gradient, photorealistic, 3d render, text, letters, watermark, jpeg artifacts, extra fingers, face close-up",gulls
fig_pastel.png,3,"pixel art scene, 180x135, limited palette (Endesga 32), clean 1px outlines, no anti-aliasing, no text, cozy melancholic mood, side or three-quarter view, game background for a narrative mobile game. Moment: a portuguese pastelaria counter with warm pastéis de nata and cinnamon, the man eating one standing. Usual place, adapt if the moment says otherwise: traditional portuguese pastry shop counter, trays of pastel de nata, espresso cups, glass display, azulejo walls, warm golden morning light, happy mood. a steaming cup or pot near the center of the frame.","blurry, gradient, photorealistic, 3d render, text, letters, watermark, jpeg artifacts, extra fingers, face close-up",steam
fig_pastel__1.png,3,"pixel art scene, 180x135, limited palette (Endesga 32), clean 1px outlines, no anti-aliasing, no text, cozy melancholic mood, side or three-quarter view, game background for a narrative mobile game. Moment: two more pastries on the counter, the man and boy grinning. Usual place, adapt if the moment says otherwise: traditional portuguese pastry shop counter, trays of pastel de nata, espresso cups, glass display, azulejo walls, warm golden morning light, happy mood. a steaming cup or pot near the center of the frame.","blurry, gradient, photorealistic, 3d render, text, letters, watermark, jpeg artifacts, extra fingers, face close-up",steam
fig_pastel__2.png,3,"pixel art scene, 180x135, limited palette (Endesga 32), clean 1px outlines, no anti-aliasing, no text, cozy melancholic mood, side or three-quarter view, game background for a narrative mobile game. Moment: the man and boy walking away from the pastelaria, glancing back. Usual place, adapt if the moment says otherwise: traditional portuguese pastry shop counter, trays of pastel de nata, espresso cups, glass display, azulejo walls, warm golden morning light, happy mood.","blurry, gradient, photorealistic, 3d render, text, letters, watermark, jpeg artifacts, extra fingers, face close-up",none
fig_pastel__3.png,3,"pixel art scene, 180x135, limited palette (Endesga 32), clean 1px outlines, no anti-aliasing, no text, cozy melancholic mood, side or three-quarter view, game background for a narrative mobile game. Moment: a box of six pastries in the car, two already gone. Usual place, adapt if the moment says otherwise: traditional portuguese pastry shop counter, trays of pastel de nata, espresso cups, glass display, azulejo walls, warm golden morning light, happy mood.","blurry, gradient, photorealistic, 3d render, text, letters, watermark, jpeg artifacts, extra fingers, face close-up",none
fig_obrigado.png,3,"pixel art scene, 180x135, limited palette (Endesga 32), clean 1px outlines, no anti-aliasing, no text, cozy melancholic mood, side or three-quarter view, game background for a narrative mobile game. Moment: a supermarket checkout, the cashier asking something, the man and boy smiling the same confused smile. Usual place, adapt if the moment says otherwise: portuguese supermarket aisle, a small ""world foods"" shelf with slavic products, person standing still looking at a small curd snack, fluorescent light, quiet loneliness.","blurry, gradient, photorealistic, 3d render, text, letters, watermark, jpeg artifacts, extra fingers, face close-up",none
fig_obrigado__1.png,3,"pixel art scene, 180x135, limited palette (Endesga 32), clean 1px outlines, no anti-aliasing, no text, cozy melancholic mood, side or three-quarter view, game background for a narrative mobile game. Moment: a portuguese class in the evening, the man at a desk among other immigrants. Usual place, adapt if the moment says otherwise: portuguese supermarket aisle, a small ""world foods"" shelf with slavic products, person standing still looking at a small curd snack, fluorescent light, quiet loneliness.","blurry, gradient, photorealistic, 3d render, text, letters, watermark, jpeg artifacts, extra fingers, face close-up",none
fig_obrigado__2.png,3,"pixel art scene, 180x135, limited palette (Endesga 32), clean 1px outlines, no anti-aliasing, no text, cozy melancholic mood, side or three-quarter view, game background for a narrative mobile game. Moment: a language app owl on the phone screen looking disappointed. Usual place, adapt if the moment says otherwise: portuguese supermarket aisle, a small ""world foods"" shelf with slavic products, person standing still looking at a small curd snack, fluorescent light, quiet loneliness.","blurry, gradient, photorealistic, 3d render, text, letters, watermark, jpeg artifacts, extra fingers, face close-up",none
fig_obrigado__3.png,3,"pixel art scene, 180x135, limited palette (Endesga 32), clean 1px outlines, no anti-aliasing, no text, cozy melancholic mood, side or three-quarter view, game background for a narrative mobile game. Moment: the cashier packing a bag herself, the man nodding. Usual place, adapt if the moment says otherwise: portuguese supermarket aisle, a small ""world foods"" shelf with slavic products, person standing still looking at a small curd snack, fluorescent light, quiet loneliness.","blurry, gradient, photorealistic, 3d render, text, letters, watermark, jpeg artifacts, extra fingers, face close-up",none
fig_chat.png,3,"pixel art scene, 180x135, limited palette (Endesga 32), clean 1px outlines, no anti-aliasing, no text, cozy melancholic mood, side or three-quarter view, game background for a narrative mobile game. Moment: a phone chat 'russians in figueira' with eighty members, the man scrolling. Usual place, adapt if the moment says otherwise: smartphone screen showing a busy group chat with many message bubbles and cat stickers (no readable text), hand holding the phone, night lighting.","blurry, gradient, photorealistic, 3d render, text, letters, watermark, jpeg artifacts, extra fingers, face close-up",none
fig_chat__1.png,3,"pixel art scene, 180x135, limited palette (Endesga 32), clean 1px outlines, no anti-aliasing, no text, cozy melancholic mood, side or three-quarter view, game background for a narrative mobile game. Moment: the man reading endless messages late at night. Usual place, adapt if the moment says otherwise: smartphone screen showing a busy group chat with many message bubbles and cat stickers (no readable text), hand holding the phone, night lighting.","blurry, gradient, photorealistic, 3d render, text, letters, watermark, jpeg artifacts, extra fingers, face close-up",none
fig_chat__2.png,3,"pixel art scene, 180x135, limited palette (Endesga 32), clean 1px outlines, no anti-aliasing, no text, cozy melancholic mood, side or three-quarter view, game background for a narrative mobile game. Moment: a sunny playground, parents chatting, the boy making a friend on the slide. Usual place, adapt if the moment says otherwise: smartphone screen showing a busy group chat with many message bubbles and cat stickers (no readable text), hand holding the phone, night lighting.","blurry, gradient, photorealistic, 3d render, text, letters, watermark, jpeg artifacts, extra fingers, face close-up",none
fig_chat__3.png,3,"pixel art scene, 180x135, limited palette (Endesga 32), clean 1px outlines, no anti-aliasing, no text, cozy melancholic mood, side or three-quarter view, game background for a narrative mobile game. Moment: the phone with the chat muted on the table. Usual place, adapt if the moment says otherwise: smartphone screen showing a busy group chat with many message bubbles and cat stickers (no readable text), hand holding the phone, night lighting.","blurry, gradient, photorealistic, 3d render, text, letters, watermark, jpeg artifacts, extra fingers, face close-up",none
fig_utente.png,3,"pixel art scene, 180x135, limited palette (Endesga 32), clean 1px outlines, no anti-aliasing, no text, cozy melancholic mood, side or three-quarter view, game background for a narrative mobile game. Moment: a portuguese parish office, the man getting a residence certificate stamped. Usual place, adapt if the moment says otherwise: small private clinic reception in lisbon, white walls, azulejo tile strip, receptionist, patient with a scarf holding a throat, calm.","blurry, gradient, photorealistic, 3d render, text, letters, watermark, jpeg artifacts, extra fingers, face close-up",none
fig_utente__1.png,3,"pixel art scene, 180x135, limited palette (Endesga 32), clean 1px outlines, no anti-aliasing, no text, cozy melancholic mood, side or three-quarter view, game background for a narrative mobile game. Moment: a health centre card being handed over. Usual place, adapt if the moment says otherwise: small private clinic reception in lisbon, white walls, azulejo tile strip, receptionist, patient with a scarf holding a throat, calm.","blurry, gradient, photorealistic, 3d render, text, letters, watermark, jpeg artifacts, extra fingers, face close-up",none
fig_utente__2.png,3,"pixel art scene, 180x135, limited palette (Endesga 32), clean 1px outlines, no anti-aliasing, no text, cozy melancholic mood, side or three-quarter view, game background for a narrative mobile game. Moment: the woman finding ear drops in the old first aid pouch. Usual place, adapt if the moment says otherwise: small private clinic reception in lisbon, white walls, azulejo tile strip, receptionist, patient with a scarf holding a throat, calm.","blurry, gradient, photorealistic, 3d render, text, letters, watermark, jpeg artifacts, extra fingers, face close-up",none
fig_utente__3.png,3,"pixel art scene, 180x135, limited palette (Endesga 32), clean 1px outlines, no anti-aliasing, no text, cozy melancholic mood, side or three-quarter view, game background for a narrative mobile game. Moment: a private clinic doctor examining the boy's ear. Usual place, adapt if the moment says otherwise: small private clinic reception in lisbon, white walls, azulejo tile strip, receptionist, patient with a scarf holding a throat, calm.","blurry, gradient, photorealistic, 3d render, text, letters, watermark, jpeg artifacts, extra fingers, face close-up",none
fig_colleagues.png,3,"pixel art scene, 180x135, limited palette (Endesga 32), clean 1px outlines, no anti-aliasing, no text, cozy melancholic mood, side or three-quarter view, game background for a narrative mobile game. Moment: a warm portuguese living room, two families of the wife's colleagues, children disappearing into another room. Usual place, adapt if the moment says otherwise: crowded small kitchen at night, silhouettes of friends around a table with wine bottles and snacks, cigarette smoke near the window, fairy lights, warm but tired atmosphere. small lit windows or lamps scattered in the upper two thirds.","blurry, gradient, photorealistic, 3d render, text, letters, watermark, jpeg artifacts, extra fingers, face close-up",lights
fig_colleagues__1.png,3,"pixel art scene, 180x135, limited palette (Endesga 32), clean 1px outlines, no anti-aliasing, no text, cozy melancholic mood, side or three-quarter view, game background for a narrative mobile game. Moment: adults laughing at a table with a cake, children building a pillow fort. Usual place, adapt if the moment says otherwise: crowded small kitchen at night, silhouettes of friends around a table with wine bottles and snacks, cigarette smoke near the window, fairy lights, warm but tired atmosphere. small lit windows or lamps scattered in the upper two thirds.","blurry, gradient, photorealistic, 3d render, text, letters, watermark, jpeg artifacts, extra fingers, face close-up",lights
fig_colleagues__2.png,3,"pixel art scene, 180x135, limited palette (Endesga 32), clean 1px outlines, no anti-aliasing, no text, cozy melancholic mood, side or three-quarter view, game background for a narrative mobile game. Moment: the man alone in a silent flat in the evening. Usual place, adapt if the moment says otherwise: crowded small kitchen at night, silhouettes of friends around a table with wine bottles and snacks, cigarette smoke near the window, fairy lights, warm but tired atmosphere.","blurry, gradient, photorealistic, 3d render, text, letters, watermark, jpeg artifacts, extra fingers, face close-up",none
fig_colleagues__3.png,3,"pixel art scene, 180x135, limited palette (Endesga 32), clean 1px outlines, no anti-aliasing, no text, cozy melancholic mood, side or three-quarter view, game background for a narrative mobile game. Moment: the two families in sweaters squeezed into the old cold flat, laughing. Usual place, adapt if the moment says otherwise: crowded small kitchen at night, silhouettes of friends around a table with wine bottles and snacks, cigarette smoke near the window, fairy lights, warm but tired atmosphere.","blurry, gradient, photorealistic, 3d render, text, letters, watermark, jpeg artifacts, extra fingers, face close-up",none
fig_amanha.png,3,"pixel art scene, 180x135, limited palette (Endesga 32), clean 1px outlines, no anti-aliasing, no text, cozy melancholic mood, side or three-quarter view, game background for a narrative mobile game. Moment: the flat suddenly dark in the middle of a video call, the man frozen at the laptop. Usual place, adapt if the moment says otherwise: small rented lisbon apartment room, mattress with a thin blanket, laptop on a box used as a table, a few books on a shelf, black mold spot in the corner of the ceiling, window with terracotta rooftops, evening, lived-in but temporary feeling.","blurry, gradient, photorealistic, 3d render, text, letters, watermark, jpeg artifacts, extra fingers, face close-up",none
fig_amanha__1.png,3,"pixel art scene, 180x135, limited palette (Endesga 32), clean 1px outlines, no anti-aliasing, no text, cozy melancholic mood, side or three-quarter view, game background for a narrative mobile game. Moment: the man working in a cafe at the only socket. Usual place, adapt if the moment says otherwise: small rented lisbon apartment room, mattress with a thin blanket, laptop on a box used as a table, a few books on a shelf, black mold spot in the corner of the ceiling, window with terracotta rooftops, evening, lived-in but temporary feeling.","blurry, gradient, photorealistic, 3d render, text, letters, watermark, jpeg artifacts, extra fingers, face close-up",none
fig_amanha__2.png,3,"pixel art scene, 180x135, limited palette (Endesga 32), clean 1px outlines, no anti-aliasing, no text, cozy melancholic mood, side or three-quarter view, game background for a narrative mobile game. Moment: a utility office clerk sympathetically saying 'amanhã'. Usual place, adapt if the moment says otherwise: small rented lisbon apartment room, mattress with a thin blanket, laptop on a box used as a table, a few books on a shelf, black mold spot in the corner of the ceiling, window with terracotta rooftops, evening, lived-in but temporary feeling.","blurry, gradient, photorealistic, 3d render, text, letters, watermark, jpeg artifacts, extra fingers, face close-up",none
fig_amanha__3.png,3,"pixel art scene, 180x135, limited palette (Endesga 32), clean 1px outlines, no anti-aliasing, no text, cozy melancholic mood, side or three-quarter view, game background for a narrative mobile game. Moment: the family at a candlelit table, the boy delighted. Usual place, adapt if the moment says otherwise: small rented lisbon apartment room, mattress with a thin blanket, laptop on a box used as a table, a few books on a shelf, black mold spot in the corner of the ceiling, window with terracotta rooftops, evening, lived-in but temporary feeling. small lit windows or lamps scattered in the upper two thirds.","blurry, gradient, photorealistic, 3d render, text, letters, watermark, jpeg artifacts, extra fingers, face close-up",lights
fig_mom_birthday.png,3,"pixel art scene, 180x135, limited palette (Endesga 32), clean 1px outlines, no anti-aliasing, no text, cozy melancholic mood, side or three-quarter view, game background for a narrative mobile game. Moment: a finanças queue, the man holding ticket a148, the board showing a62. Usual place, adapt if the moment says otherwise: portuguese tax office waiting room, ticket number screen, long rows of chairs, people waiting with papers, tired clerk at a desk, greenish fluorescent light, bureaucratic comedy.","blurry, gradient, photorealistic, 3d render, text, letters, watermark, jpeg artifacts, extra fingers, face close-up",none
fig_mom_birthday__1.png,3,"pixel art scene, 180x135, limited palette (Endesga 32), clean 1px outlines, no anti-aliasing, no text, cozy melancholic mood, side or three-quarter view, game background for a narrative mobile game. Moment: the man laughing into his phone in the queue. Usual place, adapt if the moment says otherwise: portuguese tax office waiting room, ticket number screen, long rows of chairs, people waiting with papers, tired clerk at a desk, greenish fluorescent light, bureaucratic comedy.","blurry, gradient, photorealistic, 3d render, text, letters, watermark, jpeg artifacts, extra fingers, face close-up",none
fig_mom_birthday__2.png,3,"pixel art scene, 180x135, limited palette (Endesga 32), clean 1px outlines, no anti-aliasing, no text, cozy melancholic mood, side or three-quarter view, game background for a narrative mobile game. Moment: the boy singing happy birthday into a phone in the evening. Usual place, adapt if the moment says otherwise: portuguese tax office waiting room, ticket number screen, long rows of chairs, people waiting with papers, tired clerk at a desk, greenish fluorescent light, bureaucratic comedy.","blurry, gradient, photorealistic, 3d render, text, letters, watermark, jpeg artifacts, extra fingers, face close-up",none
fig_mom_birthday__3.png,3,"pixel art scene, 180x135, limited palette (Endesga 32), clean 1px outlines, no anti-aliasing, no text, cozy melancholic mood, side or three-quarter view, game background for a narrative mobile game. Moment: the family recording a video with a cake and a drawing. Usual place, adapt if the moment says otherwise: portuguese tax office waiting room, ticket number screen, long rows of chairs, people waiting with papers, tired clerk at a desk, greenish fluorescent light, bureaucratic comedy.","blurry, gradient, photorealistic, 3d render, text, letters, watermark, jpeg artifacts, extra fingers, face close-up",confetti
fig_sardines__1.png,3,"pixel art scene, 180x135, limited palette (Endesga 32), clean 1px outlines, no anti-aliasing, no text, cozy melancholic mood, side or three-quarter view, game background for a narrative mobile game. Moment: the family in the crowd with plastic hammers, laughing strangers. Usual place, adapt if the moment says otherwise: small portuguese seaside town street, white houses with blue azulejo trim, an old 15-year-old hatchback car parked, a bus stop, palm tree, windy afternoon.","blurry, gradient, photorealistic, 3d render, text, letters, watermark, jpeg artifacts, extra fingers, face close-up",confetti
fig_sardines__2.png,3,"pixel art scene, 180x135, limited palette (Endesga 32), clean 1px outlines, no anti-aliasing, no text, cozy melancholic mood, side or three-quarter view, game background for a narrative mobile game. Moment: the couple watching the festival from a balcony, smoke and lights below. Usual place, adapt if the moment says otherwise: small portuguese seaside town street, white houses with blue azulejo trim, an old 15-year-old hatchback car parked, a bus stop, palm tree, windy afternoon. small lit windows or lamps scattered in the upper two thirds.","blurry, gradient, photorealistic, 3d render, text, letters, watermark, jpeg artifacts, extra fingers, face close-up",lights
fig_sardines__3.png,3,"pixel art scene, 180x135, limited palette (Endesga 32), clean 1px outlines, no anti-aliasing, no text, cozy melancholic mood, side or three-quarter view, game background for a narrative mobile game. Moment: the man grilling sardines on the balcony, neighbours waving. Usual place, adapt if the moment says otherwise: small portuguese seaside town street, white houses with blue azulejo trim, an old 15-year-old hatchback car parked, a bus stop, palm tree, windy afternoon. a steaming cup or pot near the center of the frame.","blurry, gradient, photorealistic, 3d render, text, letters, watermark, jpeg artifacts, extra fingers, face close-up",steam
fig_ocean__1.png,3,"pixel art scene, 180x135, limited palette (Endesga 32), clean 1px outlines, no anti-aliasing, no text, cozy melancholic mood, side or three-quarter view, game background for a narrative mobile game. Moment: the man still sitting as the sun sets over the ocean. Usual place, adapt if the moment says otherwise: atlantic ocean coast with rocks, figure sitting alone on a rock seen from behind looking at the horizon, big waves, overcast soft light, melancholic and vast. keep water in the lower third of the frame.","blurry, gradient, photorealistic, 3d render, text, letters, watermark, jpeg artifacts, extra fingers, face close-up",sea
fig_syrok.png,3,"pixel art scene, 180x135, limited palette (Endesga 32), clean 1px outlines, no anti-aliasing, no text, cozy melancholic mood, side or three-quarter view, game background for a narrative mobile game. Moment: a 'world foods' supermarket shelf with a russian curd snack priced 4.99. Usual place, adapt if the moment says otherwise: portuguese supermarket aisle, a small ""world foods"" shelf with slavic products, person standing still looking at a small curd snack, fluorescent light, quiet loneliness.","blurry, gradient, photorealistic, 3d render, text, letters, watermark, jpeg artifacts, extra fingers, face close-up",none
fig_syrok__1.png,3,"pixel art scene, 180x135, limited palette (Endesga 32), clean 1px outlines, no anti-aliasing, no text, cozy melancholic mood, side or three-quarter view, game background for a narrative mobile game. Moment: the boy tasting the snack with a 'meh' face, the man finishing both. Usual place, adapt if the moment says otherwise: portuguese supermarket aisle, a small ""world foods"" shelf with slavic products, person standing still looking at a small curd snack, fluorescent light, quiet loneliness.","blurry, gradient, photorealistic, 3d render, text, letters, watermark, jpeg artifacts, extra fingers, face close-up",none
fig_syrok__2.png,3,"pixel art scene, 180x135, limited palette (Endesga 32), clean 1px outlines, no anti-aliasing, no text, cozy melancholic mood, side or three-quarter view, game background for a narrative mobile game. Moment: the man walking away from the shelf and coming back. Usual place, adapt if the moment says otherwise: portuguese supermarket aisle, a small ""world foods"" shelf with slavic products, person standing still looking at a small curd snack, fluorescent light, quiet loneliness.","blurry, gradient, photorealistic, 3d render, text, letters, watermark, jpeg artifacts, extra fingers, face close-up",none
fig_syrok__3.png,3,"pixel art scene, 180x135, limited palette (Endesga 32), clean 1px outlines, no anti-aliasing, no text, cozy melancholic mood, side or three-quarter view, game background for a narrative mobile game. Moment: a phone photo of the price tag sent to grandmother. Usual place, adapt if the moment says otherwise: portuguese supermarket aisle, a small ""world foods"" shelf with slavic products, person standing still looking at a small curd snack, fluorescent light, quiet loneliness.","blurry, gradient, photorealistic, 3d render, text, letters, watermark, jpeg artifacts, extra fingers, face close-up",none
fig_surf.png,3,"pixel art scene, 180x135, limited palette (Endesga 32), clean 1px outlines, no anti-aliasing, no text, cozy melancholic mood, side or three-quarter view, game background for a narrative mobile game. Moment: a surf school on figueira beach, wetsuits and boards in the sand, big waves. Usual place, adapt if the moment says otherwise: extremely wide empty sandy beach of figueira da foz, atlantic waves far away, a small boy running toward the ocean, seagulls, off-season grey-blue light, vast and quiet. keep water in the lower third of the frame.","blurry, gradient, photorealistic, 3d render, text, letters, watermark, jpeg artifacts, extra fingers, face close-up",sea
fig_surf__1.png,3,"pixel art scene, 180x135, limited palette (Endesga 32), clean 1px outlines, no anti-aliasing, no text, cozy melancholic mood, side or three-quarter view, game background for a narrative mobile game. Moment: the man standing on a surfboard for two seconds before falling. Usual place, adapt if the moment says otherwise: extremely wide empty sandy beach of figueira da foz, atlantic waves far away, a small boy running toward the ocean, seagulls, off-season grey-blue light, vast and quiet. keep water in the lower third of the frame.","blurry, gradient, photorealistic, 3d render, text, letters, watermark, jpeg artifacts, extra fingers, face close-up",sea
fig_surf__2.png,3,"pixel art scene, 180x135, limited palette (Endesga 32), clean 1px outlines, no anti-aliasing, no text, cozy melancholic mood, side or three-quarter view, game background for a narrative mobile game. Moment: father and son watching surfers from the sand. Usual place, adapt if the moment says otherwise: extremely wide empty sandy beach of figueira da foz, atlantic waves far away, a small boy running toward the ocean, seagulls, off-season grey-blue light, vast and quiet. keep water in the lower third of the frame.","blurry, gradient, photorealistic, 3d render, text, letters, watermark, jpeg artifacts, extra fingers, face close-up",sea
fig_surf__3.png,3,"pixel art scene, 180x135, limited palette (Endesga 32), clean 1px outlines, no anti-aliasing, no text, cozy melancholic mood, side or three-quarter view, game background for a narrative mobile game. Moment: the man carrying a dented second-hand surfboard home. Usual place, adapt if the moment says otherwise: extremely wide empty sandy beach of figueira da foz, atlantic waves far away, a small boy running toward the ocean, seagulls, off-season grey-blue light, vast and quiet. keep open sky in the upper part of the frame.","blurry, gradient, photorealistic, 3d render, text, letters, watermark, jpeg artifacts, extra fingers, face close-up",gulls
fig_mom_call.png,3,"pixel art scene, 180x135, limited palette (Endesga 32), clean 1px outlines, no anti-aliasing, no text, cozy melancholic mood, side or three-quarter view, game background for a narrative mobile game. Moment: a video call: the boy showing grandmother the ocean, the kindergarten and the mold in the corner. Usual place, adapt if the moment says otherwise: smartphone in hand during a video call, mother's face on the screen in a warm kitchen, background of the caller's cold lisbon room, emotional contrast warm screen vs cold room.","blurry, gradient, photorealistic, 3d render, text, letters, watermark, jpeg artifacts, extra fingers, face close-up",none
fig_mom_call__1.png,3,"pixel art scene, 180x135, limited palette (Endesga 32), clean 1px outlines, no anti-aliasing, no text, cozy melancholic mood, side or three-quarter view, game background for a narrative mobile game. Moment: the man angling the phone camera away from the moldy corner. Usual place, adapt if the moment says otherwise: smartphone in hand during a video call, mother's face on the screen in a warm kitchen, background of the caller's cold lisbon room, emotional contrast warm screen vs cold room.","blurry, gradient, photorealistic, 3d render, text, letters, watermark, jpeg artifacts, extra fingers, face close-up",none
fig_mom_call__2.png,3,"pixel art scene, 180x135, limited palette (Endesga 32), clean 1px outlines, no anti-aliasing, no text, cozy melancholic mood, side or three-quarter view, game background for a narrative mobile game. Moment: the man on the promenade showing the atlantic on the phone. Usual place, adapt if the moment says otherwise: smartphone in hand during a video call, mother's face on the screen in a warm kitchen, background of the caller's cold lisbon room, emotional contrast warm screen vs cold room. keep water in the lower third of the frame.","blurry, gradient, photorealistic, 3d render, text, letters, watermark, jpeg artifacts, extra fingers, face close-up",sea
fig_mom_call__3.png,3,"pixel art scene, 180x135, limited palette (Endesga 32), clean 1px outlines, no anti-aliasing, no text, cozy melancholic mood, side or three-quarter view, game background for a narrative mobile game. Moment: the grandmother on screen nodding 'in summer'. Usual place, adapt if the moment says otherwise: smartphone in hand during a video call, mother's face on the screen in a warm kitchen, background of the caller's cold lisbon room, emotional contrast warm screen vs cold room.","blurry, gradient, photorealistic, 3d render, text, letters, watermark, jpeg artifacts, extra fingers, face close-up",none
fig_low_nerves.png,3,"pixel art scene, 180x135, limited palette (Endesga 32), clean 1px outlines, no anti-aliasing, no text, cozy melancholic mood, side or three-quarter view, game background for a narrative mobile game. Moment: 3 am, the man awake staring at the ceiling, document icons floating instead of sheep. Usual place, adapt if the moment says otherwise: small rented lisbon apartment room, mattress with a thin blanket, laptop on a box used as a table, a few books on a shelf, black mold spot in the corner of the ceiling, window with terracotta rooftops, evening, lived-in but temporary feeling.","blurry, gradient, photorealistic, 3d render, text, letters, watermark, jpeg artifacts, extra fingers, face close-up",none
fig_low_nerves__1.png,3,"pixel art scene, 180x135, limited palette (Endesga 32), clean 1px outlines, no anti-aliasing, no text, cozy melancholic mood, side or three-quarter view, game background for a narrative mobile game. Moment: a video session with a psychologist. Usual place, adapt if the moment says otherwise: small rented lisbon apartment room, mattress with a thin blanket, laptop on a box used as a table, a few books on a shelf, black mold spot in the corner of the ceiling, window with terracotta rooftops, evening, lived-in but temporary feeling.","blurry, gradient, photorealistic, 3d render, text, letters, watermark, jpeg artifacts, extra fingers, face close-up",none
fig_low_nerves__2.png,3,"pixel art scene, 180x135, limited palette (Endesga 32), clean 1px outlines, no anti-aliasing, no text, cozy melancholic mood, side or three-quarter view, game background for a narrative mobile game. Moment: the couple with tea at the kitchen table at dawn. Usual place, adapt if the moment says otherwise: small rented lisbon apartment room, mattress with a thin blanket, laptop on a box used as a table, a few books on a shelf, black mold spot in the corner of the ceiling, window with terracotta rooftops, evening, lived-in but temporary feeling. a steaming cup or pot near the center of the frame.","blurry, gradient, photorealistic, 3d render, text, letters, watermark, jpeg artifacts, extra fingers, face close-up",steam
fig_low_nerves__3.png,3,"pixel art scene, 180x135, limited palette (Endesga 32), clean 1px outlines, no anti-aliasing, no text, cozy melancholic mood, side or three-quarter view, game background for a narrative mobile game. Moment: the man alone by the night ocean. Usual place, adapt if the moment says otherwise: small rented lisbon apartment room, mattress with a thin blanket, laptop on a box used as a table, a few books on a shelf, black mold spot in the corner of the ceiling, window with terracotta rooftops, evening, lived-in but temporary feeling. keep dark night sky in the upper part of the frame.","blurry, gradient, photorealistic, 3d render, text, letters, watermark, jpeg artifacts, extra fingers, face close-up",stars
fig_low_money.png,3,"pixel art scene, 180x135, limited palette (Endesga 32), clean 1px outlines, no anti-aliasing, no text, cozy melancholic mood, side or three-quarter view, game background for a narrative mobile game. Moment: a low balance on the phone, the man checking again. Usual place, adapt if the moment says otherwise: small rented lisbon apartment room, mattress with a thin blanket, laptop on a box used as a table, a few books on a shelf, black mold spot in the corner of the ceiling, window with terracotta rooftops, evening, lived-in but temporary feeling.","blurry, gradient, photorealistic, 3d render, text, letters, watermark, jpeg artifacts, extra fingers, face close-up",none
fig_low_money__1.png,3,"pixel art scene, 180x135, limited palette (Endesga 32), clean 1px outlines, no anti-aliasing, no text, cozy melancholic mood, side or three-quarter view, game background for a narrative mobile game. Moment: the man building a website for a surf school, a surfboard leaning on the wall. Usual place, adapt if the moment says otherwise: small rented lisbon apartment room, mattress with a thin blanket, laptop on a box used as a table, a few books on a shelf, black mold spot in the corner of the ceiling, window with terracotta rooftops, evening, lived-in but temporary feeling.","blurry, gradient, photorealistic, 3d render, text, letters, watermark, jpeg artifacts, extra fingers, face close-up",none
fig_low_money__2.png,3,"pixel art scene, 180x135, limited palette (Endesga 32), clean 1px outlines, no anti-aliasing, no text, cozy melancholic mood, side or three-quarter view, game background for a narrative mobile game. Moment: headphones and a bicycle being sold to a stranger. Usual place, adapt if the moment says otherwise: small rented lisbon apartment room, mattress with a thin blanket, laptop on a box used as a table, a few books on a shelf, black mold spot in the corner of the ceiling, window with terracotta rooftops, evening, lived-in but temporary feeling.","blurry, gradient, photorealistic, 3d render, text, letters, watermark, jpeg artifacts, extra fingers, face close-up",none
fig_low_money__3.png,3,"pixel art scene, 180x135, limited palette (Endesga 32), clean 1px outlines, no anti-aliasing, no text, cozy melancholic mood, side or three-quarter view, game background for a narrative mobile game. Moment: money transfer notifications from mother. Usual place, adapt if the moment says otherwise: small rented lisbon apartment room, mattress with a thin blanket, laptop on a box used as a table, a few books on a shelf, black mold spot in the corner of the ceiling, window with terracotta rooftops, evening, lived-in but temporary feeling.","blurry, gradient, photorealistic, 3d render, text, letters, watermark, jpeg artifacts, extra fingers, face close-up",none
fig_urgencia__1.png,3,"pixel art scene, 180x135, limited palette (Endesga 32), clean 1px outlines, no anti-aliasing, no text, cozy melancholic mood, side or three-quarter view, game background for a narrative mobile game. Moment: the woman on a narrow folding bed by the boy's hospital bed, a monitor blinking. Usual place, adapt if the moment says otherwise: portuguese hospital emergency waiting room at night, number screen, tired parents with a sleeping child on a plastic chair, vending machine glow, quiet fluorescent light. small lit windows or lamps scattered in the upper two thirds.","blurry, gradient, photorealistic, 3d render, text, letters, watermark, jpeg artifacts, extra fingers, face close-up",lights
fig_urgencia__2.png,3,"pixel art scene, 180x135, limited palette (Endesga 32), clean 1px outlines, no anti-aliasing, no text, cozy melancholic mood, side or three-quarter view, game background for a narrative mobile game. Moment: the man awake by the hospital bed counting drops in the drip. Usual place, adapt if the moment says otherwise: portuguese hospital emergency waiting room at night, number screen, tired parents with a sleeping child on a plastic chair, vending machine glow, quiet fluorescent light. small lit windows or lamps scattered in the upper two thirds.","blurry, gradient, photorealistic, 3d render, text, letters, watermark, jpeg artifacts, extra fingers, face close-up",lights
fig_urgencia__3.png,3,"pixel art scene, 180x135, limited palette (Endesga 32), clean 1px outlines, no anti-aliasing, no text, cozy melancholic mood, side or three-quarter view, game background for a narrative mobile game. Moment: the couple handing over at the hospital door with a taxi waiting. Usual place, adapt if the moment says otherwise: portuguese hospital emergency waiting room at night, number screen, tired parents with a sleeping child on a plastic chair, vending machine glow, quiet fluorescent light.","blurry, gradient, photorealistic, 3d render, text, letters, watermark, jpeg artifacts, extra fingers, face close-up",none
fig_friends__1.png,3,"pixel art scene, 180x135, limited palette (Endesga 32), clean 1px outlines, no anti-aliasing, no text, cozy melancholic mood, side or three-quarter view, game background for a narrative mobile game. Moment: the group by the lake after dark, embers glowing. Usual place, adapt if the moment says otherwise: small calm lake among pine trees near figueira da foz, picnic area with stone barbecue grills, smoke rising, a few families at wooden tables, children running in a pack, warm late afternoon light. keep dark night sky in the upper part of the frame.","blurry, gradient, photorealistic, 3d render, text, letters, watermark, jpeg artifacts, extra fingers, face close-up",stars
fig_friends__2.png,3,"pixel art scene, 180x135, limited palette (Endesga 32), clean 1px outlines, no anti-aliasing, no text, cozy melancholic mood, side or three-quarter view, game background for a narrative mobile game. Moment: the family leaving the picnic early, the boy looking back. Usual place, adapt if the moment says otherwise: small calm lake among pine trees near figueira da foz, picnic area with stone barbecue grills, smoke rising, a few families at wooden tables, children running in a pack, warm late afternoon light.","blurry, gradient, photorealistic, 3d render, text, letters, watermark, jpeg artifacts, extra fingers, face close-up",none
fig_friends__3.png,3,"pixel art scene, 180x135, limited palette (Endesga 32), clean 1px outlines, no anti-aliasing, no text, cozy melancholic mood, side or three-quarter view, game background for a narrative mobile game. Moment: the man opening a thermos of pelmeni, everyone crowding around. Usual place, adapt if the moment says otherwise: small calm lake among pine trees near figueira da foz, picnic area with stone barbecue grills, smoke rising, a few families at wooden tables, children running in a pack, warm late afternoon light. a steaming cup or pot near the center of the frame.","blurry, gradient, photorealistic, 3d render, text, letters, watermark, jpeg artifacts, extra fingers, face close-up",steam
fig_niece_born.png,3,"pixel art scene, 180x135, limited palette (Endesga 32), clean 1px outlines, no anti-aliasing, no text, cozy melancholic mood, side or three-quarter view, game background for a narrative mobile game. Moment: a phone photo of a newborn baby girl, the man looking at it. Usual place, adapt if the moment says otherwise: smartphone in hand during a video call, mother's face on the screen in a warm kitchen, background of the caller's cold lisbon room, emotional contrast warm screen vs cold room.","blurry, gradient, photorealistic, 3d render, text, letters, watermark, jpeg artifacts, extra fingers, face close-up",none
fig_niece_born__1.png,3,"pixel art scene, 180x135, limited palette (Endesga 32), clean 1px outlines, no anti-aliasing, no text, cozy melancholic mood, side or three-quarter view, game background for a narrative mobile game. Moment: a video call: the brother holding up the baby, the boy waving. Usual place, adapt if the moment says otherwise: smartphone in hand during a video call, mother's face on the screen in a warm kitchen, background of the caller's cold lisbon room, emotional contrast warm screen vs cold room.","blurry, gradient, photorealistic, 3d render, text, letters, watermark, jpeg artifacts, extra fingers, face close-up",none
fig_niece_born__2.png,3,"pixel art scene, 180x135, limited palette (Endesga 32), clean 1px outlines, no anti-aliasing, no text, cozy melancholic mood, side or three-quarter view, game background for a narrative mobile game. Moment: the boy holding up a drawing of a sun for his cousin. Usual place, adapt if the moment says otherwise: smartphone in hand during a video call, mother's face on the screen in a warm kitchen, background of the caller's cold lisbon room, emotional contrast warm screen vs cold room.","blurry, gradient, photorealistic, 3d render, text, letters, watermark, jpeg artifacts, extra fingers, face close-up",none
fig_niece_born__3.png,3,"pixel art scene, 180x135, limited palette (Endesga 32), clean 1px outlines, no anti-aliasing, no text, cozy melancholic mood, side or three-quarter view, game background for a narrative mobile game. Moment: the man typing 'we will come' on his phone. Usual place, adapt if the moment says otherwise: smartphone in hand during a video call, mother's face on the screen in a warm kitchen, background of the caller's cold lisbon room, emotional contrast warm screen vs cold room.","blurry, gradient, photorealistic, 3d render, text, letters, watermark, jpeg artifacts, extra fingers, face close-up",none
fig_year_one__1.png,3,"pixel art scene, 180x135, limited palette (Endesga 32), clean 1px outlines, no anti-aliasing, no text, cozy melancholic mood, side or three-quarter view, game background for a narrative mobile game. Moment: the family walking home along the promenade at dusk. Usual place, adapt if the moment says otherwise: wide atlantic beach at sunset, family of three (father, mother, small boy) sitting on the sand seen from behind, orange and pink sky, calm waves, feeling of quiet hope. keep open sky in the upper part of the frame.","blurry, gradient, photorealistic, 3d render, text, letters, watermark, jpeg artifacts, extra fingers, face close-up",gulls
fig_day.png,3,"pixel art scene, 180x135, limited palette (Endesga 32), clean 1px outlines, no anti-aliasing, no text, cozy melancholic mood, side or three-quarter view, game background for a narrative mobile game. Moment: an ordinary figueira week: laptop, kindergarten, ocean wind, neighbours saying bom dia. Usual place, adapt if the moment says otherwise: small portuguese seaside town street, white houses with blue azulejo trim, an old 15-year-old hatchback car parked, a bus stop, palm tree, windy afternoon. keep open sky in the upper part of the frame.","blurry, gradient, photorealistic, 3d render, text, letters, watermark, jpeg artifacts, extra fingers, face close-up",gulls
fig_day__1.png,3,"pixel art scene, 180x135, limited palette (Endesga 32), clean 1px outlines, no anti-aliasing, no text, cozy melancholic mood, side or three-quarter view, game background for a narrative mobile game. Moment: the promenade with the ocean and seagulls. Usual place, adapt if the moment says otherwise: small portuguese seaside town street, white houses with blue azulejo trim, an old 15-year-old hatchback car parked, a bus stop, palm tree, windy afternoon. keep open sky in the upper part of the frame.","blurry, gradient, photorealistic, 3d render, text, letters, watermark, jpeg artifacts, extra fingers, face close-up",gulls
f2_card__1.png,3,"pixel art scene, 180x135, limited palette (Endesga 32), clean 1px outlines, no anti-aliasing, no text, cozy melancholic mood, side or three-quarter view, game background for a narrative mobile game. Moment: three residence cards lined up on the table, a phone taking a photo. Usual place, adapt if the moment says otherwise: portuguese post office counter with a red ""CTT"" sign, parcels on shelves, a box wrapped in tape with russian stickers, clerk behind the counter, sunny window.","blurry, gradient, photorealistic, 3d render, text, letters, watermark, jpeg artifacts, extra fingers, face close-up",none
f2_card__2.png,3,"pixel art scene, 180x135, limited palette (Endesga 32), clean 1px outlines, no anti-aliasing, no text, cozy melancholic mood, side or three-quarter view, game background for a narrative mobile game. Moment: the man holding the card close to his eyes, checking the surname. Usual place, adapt if the moment says otherwise: portuguese post office counter with a red ""CTT"" sign, parcels on shelves, a box wrapped in tape with russian stickers, clerk behind the counter, sunny window.","blurry, gradient, photorealistic, 3d render, text, letters, watermark, jpeg artifacts, extra fingers, face close-up",none
f2_card__3.png,3,"pixel art scene, 180x135, limited palette (Endesga 32), clean 1px outlines, no anti-aliasing, no text, cozy melancholic mood, side or three-quarter view, game background for a narrative mobile game. Moment: the man on the phone with his mother, waving the card. Usual place, adapt if the moment says otherwise: portuguese post office counter with a red ""CTT"" sign, parcels on shelves, a box wrapped in tape with russian stickers, clerk behind the counter, sunny window.","blurry, gradient, photorealistic, 3d render, text, letters, watermark, jpeg artifacts, extra fingers, face close-up",none
f2_citizen_count.png,3,"pixel art scene, 180x135, limited palette (Endesga 32), clean 1px outlines, no anti-aliasing, no text, cozy melancholic mood, side or three-quarter view, game background for a narrative mobile game. Moment: a phone calculator and a calendar reminder set three and a half years ahead. Usual place, adapt if the moment says otherwise: close-up of a smartphone held in a hand, screen glowing with an abstract notification (no readable text), blurred room background, pixel art UI icons on screen.","blurry, gradient, photorealistic, 3d render, text, letters, watermark, jpeg artifacts, extra fingers, face close-up",none
f2_citizen_count__1.png,3,"pixel art scene, 180x135, limited palette (Endesga 32), clean 1px outlines, no anti-aliasing, no text, cozy melancholic mood, side or three-quarter view, game background for a narrative mobile game. Moment: a portuguese exam textbook open at 'my family', a mold spot drawn in the margin. Usual place, adapt if the moment says otherwise: close-up of a smartphone held in a hand, screen glowing with an abstract notification (no readable text), blurred room background, pixel art UI icons on screen.","blurry, gradient, photorealistic, 3d render, text, letters, watermark, jpeg artifacts, extra fingers, face close-up",none
f2_citizen_count__2.png,3,"pixel art scene, 180x135, limited palette (Endesga 32), clean 1px outlines, no anti-aliasing, no text, cozy melancholic mood, side or three-quarter view, game background for a narrative mobile game. Moment: the man counting on his fingers by the window, the ocean outside. Usual place, adapt if the moment says otherwise: close-up of a smartphone held in a hand, screen glowing with an abstract notification (no readable text), blurred room background, pixel art UI icons on screen. keep water in the lower third of the frame.","blurry, gradient, photorealistic, 3d render, text, letters, watermark, jpeg artifacts, extra fingers, face close-up",sea
f2_citizen_count__3.png,3,"pixel art scene, 180x135, limited palette (Endesga 32), clean 1px outlines, no anti-aliasing, no text, cozy melancholic mood, side or three-quarter view, game background for a narrative mobile game. Moment: an evening language class, the same faces as before, a bit more confident. Usual place, adapt if the moment says otherwise: close-up of a smartphone held in a hand, screen glowing with an abstract notification (no readable text), blurred room background, pixel art UI icons on screen.","blurry, gradient, photorealistic, 3d render, text, letters, watermark, jpeg artifacts, extra fingers, face close-up",none
f2_new_year__1.png,3,"pixel art scene, 180x135, limited palette (Endesga 32), clean 1px outlines, no anti-aliasing, no text, cozy melancholic mood, side or three-quarter view, game background for a narrative mobile game. Moment: midnight, the family eating twelve grapes as fireworks burst over the ocean. Usual place, adapt if the moment says otherwise: small apartment new year's eve, laptop on the table showing a video call with grandmother and relatives, champagne glasses, a bowl of twelve grapes, friends in party hats, a boy in pajamas, fairy lights, cozy and bittersweet.","blurry, gradient, photorealistic, 3d render, text, letters, watermark, jpeg artifacts, extra fingers, face close-up",confetti
f2_new_year__2.png,3,"pixel art scene, 180x135, limited palette (Endesga 32), clean 1px outlines, no anti-aliasing, no text, cozy melancholic mood, side or three-quarter view, game background for a narrative mobile game. Moment: the family asleep at midnight, the boy waking up to fireworks at the window. Usual place, adapt if the moment says otherwise: small apartment new year's eve, laptop on the table showing a video call with grandmother and relatives, champagne glasses, a bowl of twelve grapes, friends in party hats, a boy in pajamas, fairy lights, cozy and bittersweet. keep dark night sky in the upper part of the frame.","blurry, gradient, photorealistic, 3d render, text, letters, watermark, jpeg artifacts, extra fingers, face close-up",stars
f2_new_year__3.png,3,"pixel art scene, 180x135, limited palette (Endesga 32), clean 1px outlines, no anti-aliasing, no text, cozy melancholic mood, side or three-quarter view, game background for a narrative mobile game. Moment: the couple walking the promenade at night, fireworks over the sea. Usual place, adapt if the moment says otherwise: small apartment new year's eve, laptop on the table showing a video call with grandmother and relatives, champagne glasses, a bowl of twelve grapes, friends in party hats, a boy in pajamas, fairy lights, cozy and bittersweet.","blurry, gradient, photorealistic, 3d render, text, letters, watermark, jpeg artifacts, extra fingers, face close-up",confetti
f2_padel.png,3,"pixel art scene, 180x135, limited palette (Endesga 32), clean 1px outlines, no anti-aliasing, no text, cozy melancholic mood, side or three-quarter view, game background for a narrative mobile game. Moment: a padel court with glass walls, the woman swinging a racket and hitting her own nose. Usual place, adapt if the moment says otherwise: outdoor padel court with glass walls, woman holding a racket and her nose in surprise, man laughing and running to help, sunny afternoon, comic moment.","blurry, gradient, photorealistic, 3d render, text, letters, watermark, jpeg artifacts, extra fingers, face close-up",none
f2_padel__1.png,3,"pixel art scene, 180x135, limited palette (Endesga 32), clean 1px outlines, no anti-aliasing, no text, cozy melancholic mood, side or three-quarter view, game background for a narrative mobile game. Moment: a long hospital corridor, the woman holding ice to her nose, a phone at 10 percent. Usual place, adapt if the moment says otherwise: outdoor padel court with glass walls, woman holding a racket and her nose in surprise, man laughing and running to help, sunny afternoon, comic moment.","blurry, gradient, photorealistic, 3d render, text, letters, watermark, jpeg artifacts, extra fingers, face close-up",none
f2_padel__2.png,3,"pixel art scene, 180x135, limited palette (Endesga 32), clean 1px outlines, no anti-aliasing, no text, cozy melancholic mood, side or three-quarter view, game background for a narrative mobile game. Moment: the woman finishing the set with a bruised nose, raising her racket. Usual place, adapt if the moment says otherwise: outdoor padel court with glass walls, woman holding a racket and her nose in surprise, man laughing and running to help, sunny afternoon, comic moment.","blurry, gradient, photorealistic, 3d render, text, letters, watermark, jpeg artifacts, extra fingers, face close-up",none
f2_padel__3.png,3,"pixel art scene, 180x135, limited palette (Endesga 32), clean 1px outlines, no anti-aliasing, no text, cozy melancholic mood, side or three-quarter view, game background for a narrative mobile game. Moment: a private clinic x-ray screen showing a nose. Usual place, adapt if the moment says otherwise: outdoor padel court with glass walls, woman holding a racket and her nose in surprise, man laughing and running to help, sunny afternoon, comic moment.","blurry, gradient, photorealistic, 3d render, text, letters, watermark, jpeg artifacts, extra fingers, face close-up",none
f2_grandma__1.png,3,"pixel art scene, 180x135, limited palette (Endesga 32), clean 1px outlines, no anti-aliasing, no text, cozy melancholic mood, side or three-quarter view, game background for a narrative mobile game. Moment: an old banknote from the grandmother's envelope held in the man's hands over the photo album. Usual place, adapt if the moment says otherwise: smartphone in hand during a video call, mother's face on the screen in a warm kitchen, background of the caller's cold lisbon room, emotional contrast warm screen vs cold room.","blurry, gradient, photorealistic, 3d render, text, letters, watermark, jpeg artifacts, extra fingers, face close-up",none
f2_grandma__2.png,3,"pixel art scene, 180x135, limited palette (Endesga 32), clean 1px outlines, no anti-aliasing, no text, cozy melancholic mood, side or three-quarter view, game background for a narrative mobile game. Moment: the man on the phone with his mother at the same time every evening. Usual place, adapt if the moment says otherwise: smartphone in hand during a video call, mother's face on the screen in a warm kitchen, background of the caller's cold lisbon room, emotional contrast warm screen vs cold room.","blurry, gradient, photorealistic, 3d render, text, letters, watermark, jpeg artifacts, extra fingers, face close-up",none
f2_grandma__3.png,3,"pixel art scene, 180x135, limited palette (Endesga 32), clean 1px outlines, no anti-aliasing, no text, cozy melancholic mood, side or three-quarter view, game background for a narrative mobile game. Moment: a wedding video on the phone: the tiny grandmother dancing, holding onto the man. Usual place, adapt if the moment says otherwise: smartphone in hand during a video call, mother's face on the screen in a warm kitchen, background of the caller's cold lisbon room, emotional contrast warm screen vs cold room. small lit windows or lamps scattered in the upper two thirds.","blurry, gradient, photorealistic, 3d render, text, letters, watermark, jpeg artifacts, extra fingers, face close-up",lights
f2_niece.png,3,"pixel art scene, 180x135, limited palette (Endesga 32), clean 1px outlines, no anti-aliasing, no text, cozy melancholic mood, side or three-quarter view, game background for a narrative mobile game. Moment: a phone video of a baby girl taking first steps holding a flat pebble. Usual place, adapt if the moment says otherwise: smartphone in hand during a video call, mother's face on the screen in a warm kitchen, background of the caller's cold lisbon room, emotional contrast warm screen vs cold room.","blurry, gradient, photorealistic, 3d render, text, letters, watermark, jpeg artifacts, extra fingers, face close-up",none
f2_niece__1.png,3,"pixel art scene, 180x135, limited palette (Endesga 32), clean 1px outlines, no anti-aliasing, no text, cozy melancholic mood, side or three-quarter view, game background for a narrative mobile game. Moment: the brothers on a long video call, both smiling. Usual place, adapt if the moment says otherwise: smartphone in hand during a video call, mother's face on the screen in a warm kitchen, background of the caller's cold lisbon room, emotional contrast warm screen vs cold room.","blurry, gradient, photorealistic, 3d render, text, letters, watermark, jpeg artifacts, extra fingers, face close-up",none
f2_irs.png,3,"pixel art scene, 180x135, limited palette (Endesga 32), clean 1px outlines, no anti-aliasing, no text, cozy melancholic mood, side or three-quarter view, game background for a narrative mobile game. Moment: the portuguese tax portal on a laptop, a hundred fields, the man frowning. Usual place, adapt if the moment says otherwise: portuguese tax office waiting room, ticket number screen, long rows of chairs, people waiting with papers, tired clerk at a desk, greenish fluorescent light, bureaucratic comedy.","blurry, gradient, photorealistic, 3d render, text, letters, watermark, jpeg artifacts, extra fingers, face close-up",none
f2_irs__1.png,3,"pixel art scene, 180x135, limited palette (Endesga 32), clean 1px outlines, no anti-aliasing, no text, cozy melancholic mood, side or three-quarter view, game background for a narrative mobile game. Moment: six evenings of youtube tutorials and forms, coffee cups piling up. Usual place, adapt if the moment says otherwise: portuguese tax office waiting room, ticket number screen, long rows of chairs, people waiting with papers, tired clerk at a desk, greenish fluorescent light, bureaucratic comedy.","blurry, gradient, photorealistic, 3d render, text, letters, watermark, jpeg artifacts, extra fingers, face close-up",none
f2_irs__2.png,3,"pixel art scene, 180x135, limited palette (Endesga 32), clean 1px outlines, no anti-aliasing, no text, cozy melancholic mood, side or three-quarter view, game background for a narrative mobile game. Moment: a brazilian accountant at his desk explaining with big gestures. Usual place, adapt if the moment says otherwise: portuguese tax office waiting room, ticket number screen, long rows of chairs, people waiting with papers, tired clerk at a desk, greenish fluorescent light, bureaucratic comedy.","blurry, gradient, photorealistic, 3d render, text, letters, watermark, jpeg artifacts, extra fingers, face close-up",none
f2_irs__3.png,3,"pixel art scene, 180x135, limited palette (Endesga 32), clean 1px outlines, no anti-aliasing, no text, cozy melancholic mood, side or three-quarter view, game background for a narrative mobile game. Moment: the couple filling the return together at two laptops. Usual place, adapt if the moment says otherwise: portuguese tax office waiting room, ticket number screen, long rows of chairs, people waiting with papers, tired clerk at a desk, greenish fluorescent light, bureaucratic comedy.","blurry, gradient, photorealistic, 3d render, text, letters, watermark, jpeg artifacts, extra fingers, face close-up",none
f2_kid_corrects.png,3,"pixel art scene, 180x135, limited palette (Endesga 32), clean 1px outlines, no anti-aliasing, no text, cozy melancholic mood, side or three-quarter view, game background for a narrative mobile game. Moment: a parents' meeting at the kindergarten, the boy correcting his father's portuguese without looking up from a tablet. Usual place, adapt if the moment says otherwise: small portuguese public school yard, kids in hoodies, a teacher at the gate, a boy with a backpack holding his father's hand, azulejo wall with a school emblem (no text), morning.","blurry, gradient, photorealistic, 3d render, text, letters, watermark, jpeg artifacts, extra fingers, face close-up",none
f2_kid_corrects__1.png,3,"pixel art scene, 180x135, limited palette (Endesga 32), clean 1px outlines, no anti-aliasing, no text, cozy melancholic mood, side or three-quarter view, game background for a narrative mobile game. Moment: the boy saying 'de nada' with a serious face, the teacher nodding at him. Usual place, adapt if the moment says otherwise: small portuguese public school yard, kids in hoodies, a teacher at the gate, a boy with a backpack holding his father's hand, azulejo wall with a school emblem (no text), morning.","blurry, gradient, photorealistic, 3d render, text, letters, watermark, jpeg artifacts, extra fingers, face close-up",none
f2_storm.png,3,"pixel art scene, 180x135, limited palette (Endesga 32), clean 1px outlines, no anti-aliasing, no text, cozy melancholic mood, side or three-quarter view, game background for a narrative mobile game. Moment: a winter storm: waves crashing over the figueira promenade, the family watching from the window. Usual place, adapt if the moment says otherwise: atlantic ocean coast with rocks, figure sitting alone on a rock seen from behind looking at the horizon, big waves, overcast soft light, melancholic and vast.","blurry, gradient, photorealistic, 3d render, text, letters, watermark, jpeg artifacts, extra fingers, face close-up",rain
f2_storm__1.png,3,"pixel art scene, 180x135, limited palette (Endesga 32), clean 1px outlines, no anti-aliasing, no text, cozy melancholic mood, side or three-quarter view, game background for a narrative mobile game. Moment: three silhouettes at the window, the boy pointing at the angry atlantic. Usual place, adapt if the moment says otherwise: atlantic ocean coast with rocks, figure sitting alone on a rock seen from behind looking at the horizon, big waves, overcast soft light, melancholic and vast.","blurry, gradient, photorealistic, 3d render, text, letters, watermark, jpeg artifacts, extra fingers, face close-up",rain
f2_mom_call.png,3,"pixel art scene, 180x135, limited palette (Endesga 32), clean 1px outlines, no anti-aliasing, no text, cozy melancholic mood, side or three-quarter view, game background for a narrative mobile game. Moment: an evening video call, the boy showing drawings, the woman showing her healed nose, the ocean in the window. Usual place, adapt if the moment says otherwise: smartphone in hand during a video call, mother's face on the screen in a warm kitchen, background of the caller's cold lisbon room, emotional contrast warm screen vs cold room.","blurry, gradient, photorealistic, 3d render, text, letters, watermark, jpeg artifacts, extra fingers, face close-up",none
f2_mom_call__1.png,3,"pixel art scene, 180x135, limited palette (Endesga 32), clean 1px outlines, no anti-aliasing, no text, cozy melancholic mood, side or three-quarter view, game background for a narrative mobile game. Moment: the call ending with everyone waving goodbye. Usual place, adapt if the moment says otherwise: smartphone in hand during a video call, mother's face on the screen in a warm kitchen, background of the caller's cold lisbon room, emotional contrast warm screen vs cold room.","blurry, gradient, photorealistic, 3d render, text, letters, watermark, jpeg artifacts, extra fingers, face close-up",none
f2_mom_visit__1.png,3,"pixel art scene, 180x135, limited palette (Endesga 32), clean 1px outlines, no anti-aliasing, no text, cozy melancholic mood, side or three-quarter view, game background for a narrative mobile game. Moment: the grandmother tired but proud on a bench in coimbra. Usual place, adapt if the moment says otherwise: airport arrivals hall in lisbon, glass doors opening, a grandmother with a big suitcase and a small boy running toward her with arms open, warm afternoon light, welcome signs, joyful and slightly teary.","blurry, gradient, photorealistic, 3d render, text, letters, watermark, jpeg artifacts, extra fingers, face close-up",none
f2_mom_visit__2.png,3,"pixel art scene, 180x135, limited palette (Endesga 32), clean 1px outlines, no anti-aliasing, no text, cozy melancholic mood, side or three-quarter view, game background for a narrative mobile game. Moment: the grandmother cooking soup in the old flat, the boy hugging her leg. Usual place, adapt if the moment says otherwise: airport arrivals hall in lisbon, glass doors opening, a grandmother with a big suitcase and a small boy running toward her with arms open, warm afternoon light, welcome signs, joyful and slightly teary. a steaming cup or pot near the center of the frame.","blurry, gradient, photorealistic, 3d render, text, letters, watermark, jpeg artifacts, extra fingers, face close-up",steam
f2_mom_visit__3.png,3,"pixel art scene, 180x135, limited palette (Endesga 32), clean 1px outlines, no anti-aliasing, no text, cozy melancholic mood, side or three-quarter view, game background for a narrative mobile game. Moment: the couple at a restaurant table alone, candles. Usual place, adapt if the moment says otherwise: airport arrivals hall in lisbon, glass doors opening, a grandmother with a big suitcase and a small boy running toward her with arms open, warm afternoon light, welcome signs, joyful and slightly teary. small lit windows or lamps scattered in the upper two thirds.","blurry, gradient, photorealistic, 3d render, text, letters, watermark, jpeg artifacts, extra fingers, face close-up",lights
f2_inlaws_visit.png,3,"pixel art scene, 180x135, limited palette (Endesga 32), clean 1px outlines, no anti-aliasing, no text, cozy melancholic mood, side or three-quarter view, game background for a narrative mobile game. Moment: the father-in-law walking around the battered peugeot, kicking a tyre. Usual place, adapt if the moment says otherwise: airport arrivals hall in lisbon, glass doors opening, a grandmother with a big suitcase and a small boy running toward her with arms open, warm afternoon light, welcome signs, joyful and slightly teary.","blurry, gradient, photorealistic, 3d render, text, letters, watermark, jpeg artifacts, extra fingers, face close-up",none
f2_inlaws_visit__1.png,3,"pixel art scene, 180x135, limited palette (Endesga 32), clean 1px outlines, no anti-aliasing, no text, cozy melancholic mood, side or three-quarter view, game background for a narrative mobile game. Moment: the father-in-law driving the peugeot along the ocean road, nodding at the glass roof. Usual place, adapt if the moment says otherwise: airport arrivals hall in lisbon, glass doors opening, a grandmother with a big suitcase and a small boy running toward her with arms open, warm afternoon light, welcome signs, joyful and slightly teary. keep open sky in the upper part of the frame.","blurry, gradient, photorealistic, 3d render, text, letters, watermark, jpeg artifacts, extra fingers, face close-up",gulls
f2_inlaws_visit__2.png,3,"pixel art scene, 180x135, limited palette (Endesga 32), clean 1px outlines, no anti-aliasing, no text, cozy melancholic mood, side or three-quarter view, game background for a narrative mobile game. Moment: the grandparents walking the boy on the promenade, pockets full of shells. Usual place, adapt if the moment says otherwise: airport arrivals hall in lisbon, glass doors opening, a grandmother with a big suitcase and a small boy running toward her with arms open, warm afternoon light, welcome signs, joyful and slightly teary. keep open sky in the upper part of the frame.","blurry, gradient, photorealistic, 3d render, text, letters, watermark, jpeg artifacts, extra fingers, face close-up",gulls
f2_inlaws_visit__3.png,3,"pixel art scene, 180x135, limited palette (Endesga 32), clean 1px outlines, no anti-aliasing, no text, cozy melancholic mood, side or three-quarter view, game background for a narrative mobile game. Moment: a crowded dinner in the old flat with colleagues, friends and grandparents. Usual place, adapt if the moment says otherwise: airport arrivals hall in lisbon, glass doors opening, a grandmother with a big suitcase and a small boy running toward her with arms open, warm afternoon light, welcome signs, joyful and slightly teary. small lit windows or lamps scattered in the upper two thirds.","blurry, gradient, photorealistic, 3d render, text, letters, watermark, jpeg artifacts, extra fingers, face close-up",lights
f2_inlaws_malaga__1.png,3,"pixel art scene, 180x135, limited palette (Endesga 32), clean 1px outlines, no anti-aliasing, no text, cozy melancholic mood, side or three-quarter view, game background for a narrative mobile game. Moment: the father-in-law swimming to a buoy, the boy in armbands following. Usual place, adapt if the moment says otherwise: warm mediterranean beach in malaga, white hillside town behind, turquoise calm sea, a family with grandparents under a striped umbrella, a boy in armbands running into the water, bright midday sun. keep water in the lower third of the frame.","blurry, gradient, photorealistic, 3d render, text, letters, watermark, jpeg artifacts, extra fingers, face close-up",sea
f2_inlaws_malaga__2.png,3,"pixel art scene, 180x135, limited palette (Endesga 32), clean 1px outlines, no anti-aliasing, no text, cozy melancholic mood, side or three-quarter view, game background for a narrative mobile game. Moment: the couple alone in malaga old town eating tapas. Usual place, adapt if the moment says otherwise: warm mediterranean beach in malaga, white hillside town behind, turquoise calm sea, a family with grandparents under a striped umbrella, a boy in armbands running into the water, bright midday sun. small lit windows or lamps scattered in the upper two thirds.","blurry, gradient, photorealistic, 3d render, text, letters, watermark, jpeg artifacts, extra fingers, face close-up",lights
f2_inlaws_malaga__3.png,3,"pixel art scene, 180x135, limited palette (Endesga 32), clean 1px outlines, no anti-aliasing, no text, cozy melancholic mood, side or three-quarter view, game background for a narrative mobile game. Moment: the grandmother squeezing a week of things into a tiny cabin bag at the airport. Usual place, adapt if the moment says otherwise: warm mediterranean beach in malaga, white hillside town behind, turquoise calm sea, a family with grandparents under a striped umbrella, a boy in armbands running into the water, bright midday sun.","blurry, gradient, photorealistic, 3d render, text, letters, watermark, jpeg artifacts, extra fingers, face close-up",none
f2_inlaws_malaga__4.png,3,"pixel art scene, 180x135, limited palette (Endesga 32), clean 1px outlines, no anti-aliasing, no text, cozy melancholic mood, side or three-quarter view, game background for a narrative mobile game. Moment: five people in the battered peugeot on a spanish highway, the sky through the glass roof. Usual place, adapt if the moment says otherwise: warm mediterranean beach in malaga, white hillside town behind, turquoise calm sea, a family with grandparents under a striped umbrella, a boy in armbands running into the water, bright midday sun.","blurry, gradient, photorealistic, 3d render, text, letters, watermark, jpeg artifacts, extra fingers, face close-up",none
f2_low_nerves.png,3,"pixel art scene, 180x135, limited palette (Endesga 32), clean 1px outlines, no anti-aliasing, no text, cozy melancholic mood, side or three-quarter view, game background for a narrative mobile game. Moment: 3 am in the kitchen, the man alone with tea, everything done but heavy. Usual place, adapt if the moment says otherwise: small rented lisbon apartment room, mattress with a thin blanket, laptop on a box used as a table, a few books on a shelf, black mold spot in the corner of the ceiling, window with terracotta rooftops, evening, lived-in but temporary feeling.","blurry, gradient, photorealistic, 3d render, text, letters, watermark, jpeg artifacts, extra fingers, face close-up",none
f2_low_nerves__1.png,3,"pixel art scene, 180x135, limited palette (Endesga 32), clean 1px outlines, no anti-aliasing, no text, cozy melancholic mood, side or three-quarter view, game background for a narrative mobile game. Moment: a psychologist on a video call explaining with calm hands. Usual place, adapt if the moment says otherwise: small rented lisbon apartment room, mattress with a thin blanket, laptop on a box used as a table, a few books on a shelf, black mold spot in the corner of the ceiling, window with terracotta rooftops, evening, lived-in but temporary feeling.","blurry, gradient, photorealistic, 3d render, text, letters, watermark, jpeg artifacts, extra fingers, face close-up",none
f2_low_nerves__2.png,3,"pixel art scene, 180x135, limited palette (Endesga 32), clean 1px outlines, no anti-aliasing, no text, cozy melancholic mood, side or three-quarter view, game background for a narrative mobile game. Moment: the couple with tea at dawn. Usual place, adapt if the moment says otherwise: small rented lisbon apartment room, mattress with a thin blanket, laptop on a box used as a table, a few books on a shelf, black mold spot in the corner of the ceiling, window with terracotta rooftops, evening, lived-in but temporary feeling. a steaming cup or pot near the center of the frame.","blurry, gradient, photorealistic, 3d render, text, letters, watermark, jpeg artifacts, extra fingers, face close-up",steam
f2_low_nerves__3.png,3,"pixel art scene, 180x135, limited palette (Endesga 32), clean 1px outlines, no anti-aliasing, no text, cozy melancholic mood, side or three-quarter view, game background for a narrative mobile game. Moment: the couple playing padel laughing, the woman in safety goggles. Usual place, adapt if the moment says otherwise: small rented lisbon apartment room, mattress with a thin blanket, laptop on a box used as a table, a few books on a shelf, black mold spot in the corner of the ceiling, window with terracotta rooftops, evening, lived-in but temporary feeling.","blurry, gradient, photorealistic, 3d render, text, letters, watermark, jpeg artifacts, extra fingers, face close-up",none
f2_low_money.png,3,"pixel art scene, 180x135, limited palette (Endesga 32), clean 1px outlines, no anti-aliasing, no text, cozy melancholic mood, side or three-quarter view, game background for a narrative mobile game. Moment: a phone with a low balance on the kitchen table. Usual place, adapt if the moment says otherwise: close-up of a smartphone held in a hand, screen glowing with an abstract notification (no readable text), blurred room background, pixel art UI icons on screen.","blurry, gradient, photorealistic, 3d render, text, letters, watermark, jpeg artifacts, extra fingers, face close-up",none
f2_low_money__1.png,3,"pixel art scene, 180x135, limited palette (Endesga 32), clean 1px outlines, no anti-aliasing, no text, cozy melancholic mood, side or three-quarter view, game background for a narrative mobile game. Moment: the man building a surf school website, the boy with a bodyboard. Usual place, adapt if the moment says otherwise: close-up of a smartphone held in a hand, screen glowing with an abstract notification (no readable text), blurred room background, pixel art UI icons on screen.","blurry, gradient, photorealistic, 3d render, text, letters, watermark, jpeg artifacts, extra fingers, face close-up",none
f2_low_money__2.png,3,"pixel art scene, 180x135, limited palette (Endesga 32), clean 1px outlines, no anti-aliasing, no text, cozy melancholic mood, side or three-quarter view, game background for a narrative mobile game. Moment: a bicycle and headphones sold to a stranger. Usual place, adapt if the moment says otherwise: close-up of a smartphone held in a hand, screen glowing with an abstract notification (no readable text), blurred room background, pixel art UI icons on screen.","blurry, gradient, photorealistic, 3d render, text, letters, watermark, jpeg artifacts, extra fingers, face close-up",none
f2_low_money__3.png,3,"pixel art scene, 180x135, limited palette (Endesga 32), clean 1px outlines, no anti-aliasing, no text, cozy melancholic mood, side or three-quarter view, game background for a narrative mobile game. Moment: a neighbour's small boat parked in the family's garage. Usual place, adapt if the moment says otherwise: close-up of a smartphone held in a hand, screen glowing with an abstract notification (no readable text), blurred room background, pixel art UI icons on screen.","blurry, gradient, photorealistic, 3d render, text, letters, watermark, jpeg artifacts, extra fingers, face close-up",none
f2_move_decision.png,3,"pixel art scene, 180x135, limited palette (Endesga 32), clean 1px outlines, no anti-aliasing, no text, cozy melancholic mood, side or three-quarter view, game background for a narrative mobile game. Moment: the woman opening the long-open school tab, the couple at the table at night. Usual place, adapt if the moment says otherwise: small portuguese public school yard, kids in hoodies, a teacher at the gate, a boy with a backpack holding his father's hand, azulejo wall with a school emblem (no text), morning.","blurry, gradient, photorealistic, 3d render, text, letters, watermark, jpeg artifacts, extra fingers, face close-up",none
f2_move_decision__1.png,3,"pixel art scene, 180x135, limited palette (Endesga 32), clean 1px outlines, no anti-aliasing, no text, cozy melancholic mood, side or three-quarter view, game background for a narrative mobile game. Moment: suitcases taken down from the top of a wardrobe. Usual place, adapt if the moment says otherwise: small portuguese public school yard, kids in hoodies, a teacher at the gate, a boy with a backpack holding his father's hand, azulejo wall with a school emblem (no text), morning.","blurry, gradient, photorealistic, 3d render, text, letters, watermark, jpeg artifacts, extra fingers, face close-up",dust
f2_move_decision__2.png,3,"pixel art scene, 180x135, limited palette (Endesga 32), clean 1px outlines, no anti-aliasing, no text, cozy melancholic mood, side or three-quarter view, game background for a narrative mobile game. Moment: the boy asking a question at dinner, the couple looking at each other. Usual place, adapt if the moment says otherwise: small portuguese public school yard, kids in hoodies, a teacher at the gate, a boy with a backpack holding his father's hand, azulejo wall with a school emblem (no text), morning.","blurry, gradient, photorealistic, 3d render, text, letters, watermark, jpeg artifacts, extra fingers, face close-up",none
f2_move_decision__3.png,3,"pixel art scene, 180x135, limited palette (Endesga 32), clean 1px outlines, no anti-aliasing, no text, cozy melancholic mood, side or three-quarter view, game background for a narrative mobile game. Moment: the family on a weekend visit to a school yard in oeiras, the boy running. Usual place, adapt if the moment says otherwise: small portuguese public school yard, kids in hoodies, a teacher at the gate, a boy with a backpack holding his father's hand, azulejo wall with a school emblem (no text), morning.","blurry, gradient, photorealistic, 3d render, text, letters, watermark, jpeg artifacts, extra fingers, face close-up",none
f2_day.png,3,"pixel art scene, 180x135, limited palette (Endesga 32), clean 1px outlines, no anti-aliasing, no text, cozy melancholic mood, side or three-quarter view, game background for a narrative mobile game. Moment: an ordinary figueira week: padel, kindergarten, 'bom dia' to neighbours. Usual place, adapt if the moment says otherwise: small portuguese seaside town street, white houses with blue azulejo trim, an old 15-year-old hatchback car parked, a bus stop, palm tree, windy afternoon. keep open sky in the upper part of the frame.","blurry, gradient, photorealistic, 3d render, text, letters, watermark, jpeg artifacts, extra fingers, face close-up",gulls
f2_day__1.png,3,"pixel art scene, 180x135, limited palette (Endesga 32), clean 1px outlines, no anti-aliasing, no text, cozy melancholic mood, side or three-quarter view, game background for a narrative mobile game. Moment: a price tag in euros, no longer converted. Usual place, adapt if the moment says otherwise: small portuguese seaside town street, white houses with blue azulejo trim, an old 15-year-old hatchback car parked, a bus stop, palm tree, windy afternoon.","blurry, gradient, photorealistic, 3d render, text, letters, watermark, jpeg artifacts, extra fingers, face close-up",none
oei_renewal.png,3,"pixel art scene, 180x135, limited palette (Endesga 32), clean 1px outlines, no anti-aliasing, no text, cozy melancholic mood, side or three-quarter view, game background for a narrative mobile game. Moment: an aima website showing no appointments, the man on hold on the phone. Usual place, adapt if the moment says otherwise: immigration office waiting hall, sign ""AIMA"" above counters, crowded with people from different countries, number display, one open window out of ten, clerk taking fingerprints, fluorescent light, absurd and tiring.","blurry, gradient, photorealistic, 3d render, text, letters, watermark, jpeg artifacts, extra fingers, face close-up",none
oei_renewal__1.png,3,"pixel art scene, 180x135, limited palette (Endesga 32), clean 1px outlines, no anti-aliasing, no text, cozy melancholic mood, side or three-quarter view, game background for a narrative mobile game. Moment: the man with a phone on speaker playing hold music, the boy humming along. Usual place, adapt if the moment says otherwise: immigration office waiting hall, sign ""AIMA"" above counters, crowded with people from different countries, number display, one open window out of ten, clerk taking fingerprints, fluorescent light, absurd and tiring.","blurry, gradient, photorealistic, 3d render, text, letters, watermark, jpeg artifacts, extra fingers, face close-up",none
oei_renewal__2.png,3,"pixel art scene, 180x135, limited palette (Endesga 32), clean 1px outlines, no anti-aliasing, no text, cozy melancholic mood, side or three-quarter view, game background for a narrative mobile game. Moment: a lawyer saying 'we'll do it', a new car keychain on his desk. Usual place, adapt if the moment says otherwise: immigration office waiting hall, sign ""AIMA"" above counters, crowded with people from different countries, number display, one open window out of ten, clerk taking fingerprints, fluorescent light, absurd and tiring.","blurry, gradient, photorealistic, 3d render, text, letters, watermark, jpeg artifacts, extra fingers, face close-up",none
oei_renewal__3.png,3,"pixel art scene, 180x135, limited palette (Endesga 32), clean 1px outlines, no anti-aliasing, no text, cozy melancholic mood, side or three-quarter view, game background for a narrative mobile game. Moment: the man writing in a complaint book at a counter. Usual place, adapt if the moment says otherwise: immigration office waiting hall, sign ""AIMA"" above counters, crowded with people from different countries, number display, one open window out of ten, clerk taking fingerprints, fluorescent light, absurd and tiring.","blurry, gradient, photorealistic, 3d render, text, letters, watermark, jpeg artifacts, extra fingers, face close-up",none
oei_arrive.png,3,"pixel art scene, 180x135, limited palette (Endesga 32), clean 1px outlines, no anti-aliasing, no text, cozy melancholic mood, side or three-quarter view, game background for a narrative mobile game. Moment: oeiras: palm trees, white houses, the ocean, the family arriving with suitcases in summer. Usual place, adapt if the moment says otherwise: oeiras seaside promenade near lisbon, white modern buildings, palm trees, atlantic ocean, a dark bmw parked, evening traffic toward lisbon, golden light. keep open sky in the upper part of the frame.","blurry, gradient, photorealistic, 3d render, text, letters, watermark, jpeg artifacts, extra fingers, face close-up",gulls
oei_arrive__1.png,3,"pixel art scene, 180x135, limited palette (Endesga 32), clean 1px outlines, no anti-aliasing, no text, cozy melancholic mood, side or three-quarter view, game background for a narrative mobile game. Moment: everything unpacked: the batumi stone and the grey plush cat on a shelf. Usual place, adapt if the moment says otherwise: oeiras seaside promenade near lisbon, white modern buildings, palm trees, atlantic ocean, a dark bmw parked, evening traffic toward lisbon, golden light.","blurry, gradient, photorealistic, 3d render, text, letters, watermark, jpeg artifacts, extra fingers, face close-up",none
oei_school_fee.png,3,"pixel art scene, 180x135, limited palette (Endesga 32), clean 1px outlines, no anti-aliasing, no text, cozy melancholic mood, side or three-quarter view, game background for a narrative mobile game. Moment: a school invoice email on the phone, the boy chatting in english in the background. Usual place, adapt if the moment says otherwise: close-up of a smartphone held in a hand, screen glowing with an abstract notification (no readable text), blurred room background, pixel art UI icons on screen.","blurry, gradient, photorealistic, 3d render, text, letters, watermark, jpeg artifacts, extra fingers, face close-up",none
oei_school_fee__1.png,3,"pixel art scene, 180x135, limited palette (Endesga 32), clean 1px outlines, no anti-aliasing, no text, cozy melancholic mood, side or three-quarter view, game background for a narrative mobile game. Moment: the man paying on his phone with a sigh. Usual place, adapt if the moment says otherwise: close-up of a smartphone held in a hand, screen glowing with an abstract notification (no readable text), blurred room background, pixel art UI icons on screen.","blurry, gradient, photorealistic, 3d render, text, letters, watermark, jpeg artifacts, extra fingers, face close-up",none
oei_school__1.png,3,"pixel art scene, 180x135, limited palette (Endesga 32), clean 1px outlines, no anti-aliasing, no text, cozy melancholic mood, side or three-quarter view, game background for a narrative mobile game. Moment: the man hugging the boy after his first school day. Usual place, adapt if the moment says otherwise: modern bilingual school yard, kids from many countries in uniforms, a boy laughing with friends, flags of different countries on a wall (no text), bright morning.","blurry, gradient, photorealistic, 3d render, text, letters, watermark, jpeg artifacts, extra fingers, face close-up",none
oei_sporting__1.png,3,"pixel art scene, 180x135, limited palette (Endesga 32), clean 1px outlines, no anti-aliasing, no text, cozy melancholic mood, side or three-quarter view, game background for a narrative mobile game. Moment: father and son with green-white scarves in the roaring alvalade stadium. Usual place, adapt if the moment says otherwise: huge football stadium in green and white colors, crowd with scarves raised, father and boy in green-white striped scarves singing, floodlights, evening match.","blurry, gradient, photorealistic, 3d render, text, letters, watermark, jpeg artifacts, extra fingers, face close-up",confetti
oei_sporting__2.png,3,"pixel art scene, 180x135, limited palette (Endesga 32), clean 1px outlines, no anti-aliasing, no text, cozy melancholic mood, side or three-quarter view, game background for a narrative mobile game. Moment: a saturday morning youth football match, the boy running the wrong way. Usual place, adapt if the moment says otherwise: huge football stadium in green and white colors, crowd with scarves raised, father and boy in green-white striped scarves singing, floodlights, evening match.","blurry, gradient, photorealistic, 3d render, text, letters, watermark, jpeg artifacts, extra fingers, face close-up",none
oei_sporting__3.png,3,"pixel art scene, 180x135, limited palette (Endesga 32), clean 1px outlines, no anti-aliasing, no text, cozy melancholic mood, side or three-quarter view, game background for a narrative mobile game. Moment: the boy looking at his father like a traitor, a sporting shirt on the chair. Usual place, adapt if the moment says otherwise: huge football stadium in green and white colors, crowd with scarves raised, father and boy in green-white striped scarves singing, floodlights, evening match.","blurry, gradient, photorealistic, 3d render, text, letters, watermark, jpeg artifacts, extra fingers, face close-up",none
oei_sporting_match.png,3,"pixel art scene, 180x135, limited palette (Endesga 32), clean 1px outlines, no anti-aliasing, no text, cozy melancholic mood, side or three-quarter view, game background for a narrative mobile game. Moment: a sporting match at night, father and son singing, the stadium lights. Usual place, adapt if the moment says otherwise: huge football stadium in green and white colors, crowd with scarves raised, father and boy in green-white striped scarves singing, floodlights, evening match. small lit windows or lamps scattered in the upper two thirds.","blurry, gradient, photorealistic, 3d render, text, letters, watermark, jpeg artifacts, extra fingers, face close-up",lights
oei_sporting_match__1.png,3,"pixel art scene, 180x135, limited palette (Endesga 32), clean 1px outlines, no anti-aliasing, no text, cozy melancholic mood, side or three-quarter view, game background for a narrative mobile game. Moment: forty thousand people sighing after a last-minute goal against. Usual place, adapt if the moment says otherwise: huge football stadium in green and white colors, crowd with scarves raised, father and boy in green-white striped scarves singing, floodlights, evening match. small lit windows or lamps scattered in the upper two thirds.","blurry, gradient, photorealistic, 3d render, text, letters, watermark, jpeg artifacts, extra fingers, face close-up",lights
oei_accident.png,3,"pixel art scene, 180x135, limited palette (Endesga 32), clean 1px outlines, no anti-aliasing, no text, cozy melancholic mood, side or three-quarter view, game background for a narrative mobile game. Moment: the old peugeot with a crumpled bonnet on a wet road in oeiras, the man alone beside it. Usual place, adapt if the moment says otherwise: oeiras seaside promenade near lisbon, white modern buildings, palm trees, atlantic ocean, a dark bmw parked, evening traffic toward lisbon, golden light.","blurry, gradient, photorealistic, 3d render, text, letters, watermark, jpeg artifacts, extra fingers, face close-up",rain
oei_accident__1.png,3,"pixel art scene, 180x135, limited palette (Endesga 32), clean 1px outlines, no anti-aliasing, no text, cozy melancholic mood, side or three-quarter view, game background for a narrative mobile game. Moment: the man touching the steering wheel of the peugeot for the last time, a buyer counting euros. Usual place, adapt if the moment says otherwise: oeiras seaside promenade near lisbon, white modern buildings, palm trees, atlantic ocean, a dark bmw parked, evening traffic toward lisbon, golden light.","blurry, gradient, photorealistic, 3d render, text, letters, watermark, jpeg artifacts, extra fingers, face close-up",none
oei_bmw.png,3,"pixel art scene, 180x135, limited palette (Endesga 32), clean 1px outlines, no anti-aliasing, no text, cozy melancholic mood, side or three-quarter view, game background for a narrative mobile game. Moment: a car dealership, a white bmw 320d touring under spotlights, a salesman smiling. Usual place, adapt if the moment says otherwise: car dealership showroom, shiny dark bmw under spotlights, salesman with a contract, father looking tempted and guilty, comic. small lit windows or lamps scattered in the upper two thirds.","blurry, gradient, photorealistic, 3d render, text, letters, watermark, jpeg artifacts, extra fingers, face close-up",lights
oei_bmw__1.png,3,"pixel art scene, 180x135, limited palette (Endesga 32), clean 1px outlines, no anti-aliasing, no text, cozy melancholic mood, side or three-quarter view, game background for a narrative mobile game. Moment: the man signing a loan contract, the boy hugging the car. Usual place, adapt if the moment says otherwise: car dealership showroom, shiny dark bmw under spotlights, salesman with a contract, father looking tempted and guilty, comic. small lit windows or lamps scattered in the upper two thirds.","blurry, gradient, photorealistic, 3d render, text, letters, watermark, jpeg artifacts, extra fingers, face close-up",lights
oei_bmw__2.png,3,"pixel art scene, 180x135, limited palette (Endesga 32), clean 1px outlines, no anti-aliasing, no text, cozy melancholic mood, side or three-quarter view, game background for a narrative mobile game. Moment: the man walking out of the showroom with bmw keys after ten minutes. Usual place, adapt if the moment says otherwise: car dealership showroom, shiny dark bmw under spotlights, salesman with a contract, father looking tempted and guilty, comic. small lit windows or lamps scattered in the upper two thirds.","blurry, gradient, photorealistic, 3d render, text, letters, watermark, jpeg artifacts, extra fingers, face close-up",lights
oei_bmw__3.png,3,"pixel art scene, 180x135, limited palette (Endesga 32), clean 1px outlines, no anti-aliasing, no text, cozy melancholic mood, side or three-quarter view, game background for a narrative mobile game. Moment: a plain used estate car parked in the street, the boy disappointed. Usual place, adapt if the moment says otherwise: car dealership showroom, shiny dark bmw under spotlights, salesman with a contract, father looking tempted and guilty, comic.","blurry, gradient, photorealistic, 3d render, text, letters, watermark, jpeg artifacts, extra fingers, face close-up",none
oei_pregnancy.png,3,"pixel art scene, 180x135, limited palette (Endesga 32), clean 1px outlines, no anti-aliasing, no text, cozy melancholic mood, side or three-quarter view, game background for a narrative mobile game. Moment: the woman coming out of the bathroom with a pregnancy test, her face both happy and scared. Usual place, adapt if the moment says otherwise: modern rented apartment near lisbon, baby crib next to a desk with a laptop, a pregnancy test on the bathroom shelf in the background, warm evening light.","blurry, gradient, photorealistic, 3d render, text, letters, watermark, jpeg artifacts, extra fingers, face close-up",none
oei_pregnancy__1.png,3,"pixel art scene, 180x135, limited palette (Endesga 32), clean 1px outlines, no anti-aliasing, no text, cozy melancholic mood, side or three-quarter view, game background for a narrative mobile game. Moment: the man laughing and then counting money on his fingers, the boy demanding a brother. Usual place, adapt if the moment says otherwise: modern rented apartment near lisbon, baby crib next to a desk with a laptop, a pregnancy test on the bathroom shelf in the background, warm evening light.","blurry, gradient, photorealistic, 3d render, text, letters, watermark, jpeg artifacts, extra fingers, face close-up",none
oei_pregnancy__2.png,3,"pixel art scene, 180x135, limited palette (Endesga 32), clean 1px outlines, no anti-aliasing, no text, cozy melancholic mood, side or three-quarter view, game background for a narrative mobile game. Moment: the couple sitting on the floor together laughing and crying. Usual place, adapt if the moment says otherwise: modern rented apartment near lisbon, baby crib next to a desk with a laptop, a pregnancy test on the bathroom shelf in the background, warm evening light.","blurry, gradient, photorealistic, 3d render, text, letters, watermark, jpeg artifacts, extra fingers, face close-up",none
oei_pregnancy__3.png,3,"pixel art scene, 180x135, limited palette (Endesga 32), clean 1px outlines, no anti-aliasing, no text, cozy melancholic mood, side or three-quarter view, game background for a narrative mobile game. Moment: the man on the phone, the woman making a horrified face. Usual place, adapt if the moment says otherwise: modern rented apartment near lisbon, baby crib next to a desk with a laptop, a pregnancy test on the bathroom shelf in the background, warm evening light.","blurry, gradient, photorealistic, 3d render, text, letters, watermark, jpeg artifacts, extra fingers, face close-up",none
oei_law_change.png,3,"pixel art scene, 180x135, limited palette (Endesga 32), clean 1px outlines, no anti-aliasing, no text, cozy melancholic mood, side or three-quarter view, game background for a narrative mobile game. Moment: a phone chat with news about a citizenship law change, the man reading in the dark. Usual place, adapt if the moment says otherwise: smartphone screen showing a busy group chat with many message bubbles and cat stickers (no readable text), hand holding the phone, night lighting.","blurry, gradient, photorealistic, 3d render, text, letters, watermark, jpeg artifacts, extra fingers, face close-up",none
oei_law_change__1.png,3,"pixel art scene, 180x135, limited palette (Endesga 32), clean 1px outlines, no anti-aliasing, no text, cozy melancholic mood, side or three-quarter view, game background for a narrative mobile game. Moment: the man reading a law on the laptop three times. Usual place, adapt if the moment says otherwise: smartphone screen showing a busy group chat with many message bubbles and cat stickers (no readable text), hand holding the phone, night lighting.","blurry, gradient, photorealistic, 3d render, text, letters, watermark, jpeg artifacts, extra fingers, face close-up",none
oei_law_change__2.png,3,"pixel art scene, 180x135, limited palette (Endesga 32), clean 1px outlines, no anti-aliasing, no text, cozy melancholic mood, side or three-quarter view, game background for a narrative mobile game. Moment: the woman asking 'did you know?', both silent at the table. Usual place, adapt if the moment says otherwise: smartphone screen showing a busy group chat with many message bubbles and cat stickers (no readable text), hand holding the phone, night lighting.","blurry, gradient, photorealistic, 3d render, text, letters, watermark, jpeg artifacts, extra fingers, face close-up",none
oei_law_change__3.png,3,"pixel art scene, 180x135, limited palette (Endesga 32), clean 1px outlines, no anti-aliasing, no text, cozy melancholic mood, side or three-quarter view, game background for a narrative mobile game. Moment: an online petition with many signatures. Usual place, adapt if the moment says otherwise: smartphone screen showing a busy group chat with many message bubbles and cat stickers (no readable text), hand holding the phone, night lighting.","blurry, gradient, photorealistic, 3d render, text, letters, watermark, jpeg artifacts, extra fingers, face close-up",none
oei_daughter_born__1.png,3,"pixel art scene, 180x135, limited palette (Endesga 32), clean 1px outlines, no anti-aliasing, no text, cozy melancholic mood, side or three-quarter view, game background for a narrative mobile game. Moment: a photo of brother and sister on a shelf next to the batumi stone and the grey cat. Usual place, adapt if the moment says otherwise: portuguese hospital emergency waiting room at night, number screen, tired parents with a sleeping child on a plastic chair, vending machine glow, quiet fluorescent light.","blurry, gradient, photorealistic, 3d render, text, letters, watermark, jpeg artifacts, extra fingers, face close-up",none
oei_daughter_born__2.png,3,"pixel art scene, 180x135, limited palette (Endesga 32), clean 1px outlines, no anti-aliasing, no text, cozy melancholic mood, side or three-quarter view, game background for a narrative mobile game. Moment: a video call with the grandmother crying, the screen freezing. Usual place, adapt if the moment says otherwise: portuguese hospital emergency waiting room at night, number screen, tired parents with a sleeping child on a plastic chair, vending machine glow, quiet fluorescent light.","blurry, gradient, photorealistic, 3d render, text, letters, watermark, jpeg artifacts, extra fingers, face close-up",none
oei_daughter_born__3.png,3,"pixel art scene, 180x135, limited palette (Endesga 32), clean 1px outlines, no anti-aliasing, no text, cozy melancholic mood, side or three-quarter view, game background for a narrative mobile game. Moment: a midwife placing the baby in the man's arms, the baby looking at him. Usual place, adapt if the moment says otherwise: portuguese hospital emergency waiting room at night, number screen, tired parents with a sleeping child on a plastic chair, vending machine glow, quiet fluorescent light.","blurry, gradient, photorealistic, 3d render, text, letters, watermark, jpeg artifacts, extra fingers, face close-up",none
oei_daughter_docs.png,3,"pixel art scene, 180x135, limited palette (Endesga 32), clean 1px outlines, no anti-aliasing, no text, cozy melancholic mood, side or three-quarter view, game background for a narrative mobile game. Moment: the man on hold with aima, holding the baby, hold music. Usual place, adapt if the moment says otherwise: immigration office waiting hall, sign ""AIMA"" above counters, crowded with people from different countries, number display, one open window out of ten, clerk taking fingerprints, fluorescent light, absurd and tiring.","blurry, gradient, photorealistic, 3d render, text, letters, watermark, jpeg artifacts, extra fingers, face close-up",none
oei_daughter_docs__1.png,3,"pixel art scene, 180x135, limited palette (Endesga 32), clean 1px outlines, no anti-aliasing, no text, cozy melancholic mood, side or three-quarter view, game background for a narrative mobile game. Moment: the baby asleep on the man's chest to the hold music. Usual place, adapt if the moment says otherwise: immigration office waiting hall, sign ""AIMA"" above counters, crowded with people from different countries, number display, one open window out of ten, clerk taking fingerprints, fluorescent light, absurd and tiring.","blurry, gradient, photorealistic, 3d render, text, letters, watermark, jpeg artifacts, extra fingers, face close-up",none
oei_daughter_docs__2.png,3,"pixel art scene, 180x135, limited palette (Endesga 32), clean 1px outlines, no anti-aliasing, no text, cozy melancholic mood, side or three-quarter view, game background for a narrative mobile game. Moment: the same lawyer from figueira welcoming them warmly. Usual place, adapt if the moment says otherwise: immigration office waiting hall, sign ""AIMA"" above counters, crowded with people from different countries, number display, one open window out of ten, clerk taking fingerprints, fluorescent light, absurd and tiring.","blurry, gradient, photorealistic, 3d render, text, letters, watermark, jpeg artifacts, extra fingers, face close-up",none
oei_daughter_docs__3.png,3,"pixel art scene, 180x135, limited palette (Endesga 32), clean 1px outlines, no anti-aliasing, no text, cozy melancholic mood, side or three-quarter view, game background for a narrative mobile game. Moment: a chat message with a list of documents. Usual place, adapt if the moment says otherwise: immigration office waiting hall, sign ""AIMA"" above counters, crowded with people from different countries, number display, one open window out of ten, clerk taking fingerprints, fluorescent light, absurd and tiring.","blurry, gradient, photorealistic, 3d render, text, letters, watermark, jpeg artifacts, extra fingers, face close-up",none
oei_daughter_aima.png,3,"pixel art scene, 180x135, limited palette (Endesga 32), clean 1px outlines, no anti-aliasing, no text, cozy melancholic mood, side or three-quarter view, game background for a narrative mobile game. Moment: an aima office, a clerk trying to photograph a nine-month-old baby looking at keys. Usual place, adapt if the moment says otherwise: immigration office waiting hall, sign ""AIMA"" above counters, crowded with people from different countries, number display, one open window out of ten, clerk taking fingerprints, fluorescent light, absurd and tiring.","blurry, gradient, photorealistic, 3d render, text, letters, watermark, jpeg artifacts, extra fingers, face close-up",none
oei_daughter_aima__1.png,3,"pixel art scene, 180x135, limited palette (Endesga 32), clean 1px outlines, no anti-aliasing, no text, cozy melancholic mood, side or three-quarter view, game background for a narrative mobile game. Moment: keys jingling above the camera, the baby staring seriously into the lens. Usual place, adapt if the moment says otherwise: immigration office waiting hall, sign ""AIMA"" above counters, crowded with people from different countries, number display, one open window out of ten, clerk taking fingerprints, fluorescent light, absurd and tiring.","blurry, gradient, photorealistic, 3d render, text, letters, watermark, jpeg artifacts, extra fingers, face close-up",none
oei_legoland__1.png,3,"pixel art scene, 180x135, limited palette (Endesga 32), clean 1px outlines, no anti-aliasing, no text, cozy melancholic mood, side or three-quarter view, game background for a narrative mobile game. Moment: father and son on a roller coaster at legoland, hands up. Usual place, adapt if the moment says otherwise: colorful theme park made of giant toy bricks, father and small boy on a roller coaster with hands up, bright summer day, pure joy.","blurry, gradient, photorealistic, 3d render, text, letters, watermark, jpeg artifacts, extra fingers, face close-up",confetti
oei_legoland__2.png,3,"pixel art scene, 180x135, limited palette (Endesga 32), clean 1px outlines, no anti-aliasing, no text, cozy melancholic mood, side or three-quarter view, game background for a narrative mobile game. Moment: the boy crossing days off a calendar. Usual place, adapt if the moment says otherwise: colorful theme park made of giant toy bricks, father and small boy on a roller coaster with hands up, bright summer day, pure joy.","blurry, gradient, photorealistic, 3d render, text, letters, watermark, jpeg artifacts, extra fingers, face close-up",none
oei_legoland__3.png,3,"pixel art scene, 180x135, limited palette (Endesga 32), clean 1px outlines, no anti-aliasing, no text, cozy melancholic mood, side or three-quarter view, game background for a narrative mobile game. Moment: the whole family in a rented citroën on a danish road. Usual place, adapt if the moment says otherwise: colorful theme park made of giant toy bricks, father and small boy on a roller coaster with hands up, bright summer day, pure joy.","blurry, gradient, photorealistic, 3d render, text, letters, watermark, jpeg artifacts, extra fingers, face close-up",none
oei_father__1.png,3,"pixel art scene, 180x135, limited palette (Endesga 32), clean 1px outlines, no anti-aliasing, no text, cozy melancholic mood, side or three-quarter view, game background for a narrative mobile game. Moment: the woman looking for tickets while the man sits at the kitchen table, the boy bringing him the grey plush cat. Usual place, adapt if the moment says otherwise: close-up of a smartphone held in a hand, screen glowing with an abstract notification (no readable text), blurred room background, pixel art UI icons on screen.","blurry, gradient, photorealistic, 3d render, text, letters, watermark, jpeg artifacts, extra fingers, face close-up",none
oei_father__2.png,3,"pixel art scene, 180x135, limited palette (Endesga 32), clean 1px outlines, no anti-aliasing, no text, cozy melancholic mood, side or three-quarter view, game background for a narrative mobile game. Moment: the man remembering: a row of old garages under snow. Usual place, adapt if the moment says otherwise: close-up of a smartphone held in a hand, screen glowing with an abstract notification (no readable text), blurred room background, pixel art UI icons on screen.","blurry, gradient, photorealistic, 3d render, text, letters, watermark, jpeg artifacts, extra fingers, face close-up",snow
oei_father_trip__1.png,3,"pixel art scene, 180x135, limited palette (Endesga 32), clean 1px outlines, no anti-aliasing, no text, cozy melancholic mood, side or three-quarter view, game background for a narrative mobile game. Moment: an old flat in monchegorsk, the brothers sorting things in silence, a nike sweatshirt and a stopped wristwatch on the table. Usual place, adapt if the moment says otherwise: small rental car on a winding mountain road in georgia, green mountains, low clouds, view from behind the car, a toddler asleep in a child seat visible through the rear window, early spring, calm road-trip mood.","blurry, gradient, photorealistic, 3d render, text, letters, watermark, jpeg artifacts, extra fingers, face close-up",dust
oei_father_back__1.png,3,"pixel art scene, 180x135, limited palette (Endesga 32), clean 1px outlines, no anti-aliasing, no text, cozy melancholic mood, side or three-quarter view, game background for a narrative mobile game. Moment: the arrivals hall, the woman and the boy holding a handmade sign 'papa' with a backwards letter. Usual place, adapt if the moment says otherwise: view from an airplane window seat, clouds below, wing visible, a hand resting on the window frame, soft sunrise colors, calm and bittersweet.","blurry, gradient, photorealistic, 3d render, text, letters, watermark, jpeg artifacts, extra fingers, face close-up",none
oei_ten_years.png,3,"pixel art scene, 180x135, limited palette (Endesga 32), clean 1px outlines, no anti-aliasing, no text, cozy melancholic mood, side or three-quarter view, game background for a narrative mobile game. Moment: a chat message: citizenship now ten years instead of five, a calendar reminder on the phone. Usual place, adapt if the moment says otherwise: smartphone screen showing a busy group chat with many message bubbles and cat stickers (no readable text), hand holding the phone, night lighting.","blurry, gradient, photorealistic, 3d render, text, letters, watermark, jpeg artifacts, extra fingers, face close-up",none
oei_ten_years__1.png,3,"pixel art scene, 180x135, limited palette (Endesga 32), clean 1px outlines, no anti-aliasing, no text, cozy melancholic mood, side or three-quarter view, game background for a narrative mobile game. Moment: the man dragging a calendar reminder five years ahead. Usual place, adapt if the moment says otherwise: smartphone screen showing a busy group chat with many message bubbles and cat stickers (no readable text), hand holding the phone, night lighting.","blurry, gradient, photorealistic, 3d render, text, letters, watermark, jpeg artifacts, extra fingers, face close-up",none
oei_ten_years__2.png,3,"pixel art scene, 180x135, limited palette (Endesga 32), clean 1px outlines, no anti-aliasing, no text, cozy melancholic mood, side or three-quarter view, game background for a narrative mobile game. Moment: the man studying portuguese verbs at night. Usual place, adapt if the moment says otherwise: smartphone screen showing a busy group chat with many message bubbles and cat stickers (no readable text), hand holding the phone, night lighting.","blurry, gradient, photorealistic, 3d render, text, letters, watermark, jpeg artifacts, extra fingers, face close-up",none
oei_ten_years__3.png,3,"pixel art scene, 180x135, limited palette (Endesga 32), clean 1px outlines, no anti-aliasing, no text, cozy melancholic mood, side or three-quarter view, game background for a narrative mobile game. Moment: the man calculating on paper, a baby asleep beside him. Usual place, adapt if the moment says otherwise: smartphone screen showing a busy group chat with many message bubbles and cat stickers (no readable text), hand holding the phone, night lighting.","blurry, gradient, photorealistic, 3d render, text, letters, watermark, jpeg artifacts, extra fingers, face close-up",none
oei_witnesses.png,3,"pixel art scene, 180x135, limited palette (Endesga 32), clean 1px outlines, no anti-aliasing, no text, cozy melancholic mood, side or three-quarter view, game background for a narrative mobile game. Moment: an oeiras apartment stairwell, the man looking at neighbours' doors he doesn't know. Usual place, adapt if the moment says otherwise: old lisbon building staircase with azulejo tiles on the walls, neighbor's door open with warm light and a child peeking out, smell-lines of cooking, cozy.","blurry, gradient, photorealistic, 3d render, text, letters, watermark, jpeg artifacts, extra fingers, face close-up",none
oei_witnesses__1.png,3,"pixel art scene, 180x135, limited palette (Endesga 32), clean 1px outlines, no anti-aliasing, no text, cozy melancholic mood, side or three-quarter view, game background for a narrative mobile game. Moment: an elderly neighbour opening her door and handing the boy a cookie. Usual place, adapt if the moment says otherwise: old lisbon building staircase with azulejo tiles on the walls, neighbor's door open with warm light and a child peeking out, smell-lines of cooking, cozy.","blurry, gradient, photorealistic, 3d render, text, letters, watermark, jpeg artifacts, extra fingers, face close-up",none
oei_witnesses__2.png,3,"pixel art scene, 180x135, limited palette (Endesga 32), clean 1px outlines, no anti-aliasing, no text, cozy melancholic mood, side or three-quarter view, game background for a narrative mobile game. Moment: friends from lisbon signing a paper at a parish office counter. Usual place, adapt if the moment says otherwise: old lisbon building staircase with azulejo tiles on the walls, neighbor's door open with warm light and a child peeking out, smell-lines of cooking, cozy.","blurry, gradient, photorealistic, 3d render, text, letters, watermark, jpeg artifacts, extra fingers, face close-up",none
oei_witnesses__3.png,3,"pixel art scene, 180x135, limited palette (Endesga 32), clean 1px outlines, no anti-aliasing, no text, cozy melancholic mood, side or three-quarter view, game background for a narrative mobile game. Moment: the man talking to a concierge, a box of pastries on the counter. Usual place, adapt if the moment says otherwise: old lisbon building staircase with azulejo tiles on the walls, neighbor's door open with warm light and a child peeking out, smell-lines of cooking, cozy.","blurry, gradient, photorealistic, 3d render, text, letters, watermark, jpeg artifacts, extra fingers, face close-up",none
oei_prices.png,3,"pixel art scene, 180x135, limited palette (Endesga 32), clean 1px outlines, no anti-aliasing, no text, cozy melancholic mood, side or three-quarter view, game background for a narrative mobile game. Moment: a coffee cup and a price tag in an oeiras café. Usual place, adapt if the moment says otherwise: portuguese supermarket aisle, a small ""world foods"" shelf with slavic products, person standing still looking at a small curd snack, fluorescent light, quiet loneliness. a steaming cup or pot near the center of the frame.","blurry, gradient, photorealistic, 3d render, text, letters, watermark, jpeg artifacts, extra fingers, face close-up",steam
oei_prices__1.png,3,"pixel art scene, 180x135, limited palette (Endesga 32), clean 1px outlines, no anti-aliasing, no text, cozy melancholic mood, side or three-quarter view, game background for a narrative mobile game. Moment: the man drinking espresso at the counter. Usual place, adapt if the moment says otherwise: portuguese supermarket aisle, a small ""world foods"" shelf with slavic products, person standing still looking at a small curd snack, fluorescent light, quiet loneliness. a steaming cup or pot near the center of the frame.","blurry, gradient, photorealistic, 3d render, text, letters, watermark, jpeg artifacts, extra fingers, face close-up",steam
oei_old_friends.png,3,"pixel art scene, 180x135, limited palette (Endesga 32), clean 1px outlines, no anti-aliasing, no text, cozy melancholic mood, side or three-quarter view, game background for a narrative mobile game. Moment: friends from figueira visiting the oeiras beach, kids playing an old game. Usual place, adapt if the moment says otherwise: beach near lisbon at sunset, group of friends with children around a picnic blanket, families from different countries, warm and nostalgic. keep water in the lower third of the frame.","blurry, gradient, photorealistic, 3d render, text, letters, watermark, jpeg artifacts, extra fingers, face close-up",sea
oei_old_friends__1.png,3,"pixel art scene, 180x135, limited palette (Endesga 32), clean 1px outlines, no anti-aliasing, no text, cozy melancholic mood, side or three-quarter view, game background for a narrative mobile game. Moment: the group on the beach at night, still talking. Usual place, adapt if the moment says otherwise: beach near lisbon at sunset, group of friends with children around a picnic blanket, families from different countries, warm and nostalgic. keep dark night sky in the upper part of the frame.","blurry, gradient, photorealistic, 3d render, text, letters, watermark, jpeg artifacts, extra fingers, face close-up",stars
oei_mom_granddaughter.png,3,"pixel art scene, 180x135, limited palette (Endesga 32), clean 1px outlines, no anti-aliasing, no text, cozy melancholic mood, side or three-quarter view, game background for a narrative mobile game. Moment: a video call: the grandmother on screen, the baby trying to eat the phone. Usual place, adapt if the moment says otherwise: smartphone in hand during a video call, mother's face on the screen in a warm kitchen, background of the caller's cold lisbon room, emotional contrast warm screen vs cold room.","blurry, gradient, photorealistic, 3d render, text, letters, watermark, jpeg artifacts, extra fingers, face close-up",none
oei_mom_granddaughter__1.png,3,"pixel art scene, 180x135, limited palette (Endesga 32), clean 1px outlines, no anti-aliasing, no text, cozy melancholic mood, side or three-quarter view, game background for a narrative mobile game. Moment: the man buying plane tickets on his laptop during the call. Usual place, adapt if the moment says otherwise: smartphone in hand during a video call, mother's face on the screen in a warm kitchen, background of the caller's cold lisbon room, emotional contrast warm screen vs cold room.","blurry, gradient, photorealistic, 3d render, text, letters, watermark, jpeg artifacts, extra fingers, face close-up",none
oei_mom_granddaughter__2.png,3,"pixel art scene, 180x135, limited palette (Endesga 32), clean 1px outlines, no anti-aliasing, no text, cozy melancholic mood, side or three-quarter view, game background for a narrative mobile game. Moment: the baby pressing her cheek to the phone screen, the grandmother leaning in. Usual place, adapt if the moment says otherwise: smartphone in hand during a video call, mother's face on the screen in a warm kitchen, background of the caller's cold lisbon room, emotional contrast warm screen vs cold room.","blurry, gradient, photorealistic, 3d render, text, letters, watermark, jpeg artifacts, extra fingers, face close-up",none
oei_mom_granddaughter__3.png,3,"pixel art scene, 180x135, limited palette (Endesga 32), clean 1px outlines, no anti-aliasing, no text, cozy melancholic mood, side or three-quarter view, game background for a narrative mobile game. Moment: the man saying 'soon' into the phone. Usual place, adapt if the moment says otherwise: smartphone in hand during a video call, mother's face on the screen in a warm kitchen, background of the caller's cold lisbon room, emotional contrast warm screen vs cold room.","blurry, gradient, photorealistic, 3d render, text, letters, watermark, jpeg artifacts, extra fingers, face close-up",none
oei_mortgage_bank.png,3,"pixel art scene, 180x135, limited palette (Endesga 32), clean 1px outlines, no anti-aliasing, no text, cozy melancholic mood, side or three-quarter view, game background for a narrative mobile game. Moment: a bank manager asking for documents, the man with a folder of contracts. Usual place, adapt if the moment says otherwise: small bank branch office, bank manager in a suit behind a desk holding a russian passport with a worried look, stack of forms, glass partition, neutral cold light.","blurry, gradient, photorealistic, 3d render, text, letters, watermark, jpeg artifacts, extra fingers, face close-up",none
oei_mortgage_bank__1.png,3,"pixel art scene, 180x135, limited palette (Endesga 32), clean 1px outlines, no anti-aliasing, no text, cozy melancholic mood, side or three-quarter view, game background for a narrative mobile game. Moment: an email of pre-approval on the phone, the man rereading it. Usual place, adapt if the moment says otherwise: small bank branch office, bank manager in a suit behind a desk holding a russian passport with a worried look, stack of forms, glass partition, neutral cold light.","blurry, gradient, photorealistic, 3d render, text, letters, watermark, jpeg artifacts, extra fingers, face close-up",none
oei_viewings.png,3,"pixel art scene, 180x135, limited palette (Endesga 32), clean 1px outlines, no anti-aliasing, no text, cozy melancholic mood, side or three-quarter view, game background for a narrative mobile game. Moment: lisbon apartment viewings: a flat with no kitchen, a flat with a view of a wall, a flat above a bar. Usual place, adapt if the moment says otherwise: empty small lisbon apartment with a window facing a blank wall, real estate agent holding keys, visible mold stain in the ceiling corner, old tiles, bare lightbulb, ironic mood.","blurry, gradient, photorealistic, 3d render, text, letters, watermark, jpeg artifacts, extra fingers, face close-up",none
oei_viewings__1.png,3,"pixel art scene, 180x135, limited palette (Endesga 32), clean 1px outlines, no anti-aliasing, no text, cozy melancholic mood, side or three-quarter view, game background for a narrative mobile game. Moment: the boy asking the estate agent about deposits. Usual place, adapt if the moment says otherwise: empty small lisbon apartment with a window facing a blank wall, real estate agent holding keys, visible mold stain in the ceiling corner, old tiles, bare lightbulb, ironic mood.","blurry, gradient, photorealistic, 3d render, text, letters, watermark, jpeg artifacts, extra fingers, face close-up",none
oei_viewings__2.png,3,"pixel art scene, 180x135, limited palette (Endesga 32), clean 1px outlines, no anti-aliasing, no text, cozy melancholic mood, side or three-quarter view, game background for a narrative mobile game. Moment: the couple staring at the empty space where a kitchen should be. Usual place, adapt if the moment says otherwise: empty small lisbon apartment with a window facing a blank wall, real estate agent holding keys, visible mold stain in the ceiling corner, old tiles, bare lightbulb, ironic mood.","blurry, gradient, photorealistic, 3d render, text, letters, watermark, jpeg artifacts, extra fingers, face close-up",none
oei_viewings__3.png,3,"pixel art scene, 180x135, limited palette (Endesga 32), clean 1px outlines, no anti-aliasing, no text, cozy melancholic mood, side or three-quarter view, game background for a narrative mobile game. Moment: the family viewing a flat near the school in oeiras. Usual place, adapt if the moment says otherwise: empty small lisbon apartment with a window facing a blank wall, real estate agent holding keys, visible mold stain in the ceiling corner, old tiles, bare lightbulb, ironic mood.","blurry, gradient, photorealistic, 3d render, text, letters, watermark, jpeg artifacts, extra fingers, face close-up",none
oei_apart.png,3,"pixel art scene, 180x135, limited palette (Endesga 32), clean 1px outlines, no anti-aliasing, no text, cozy melancholic mood, side or three-quarter view, game background for a narrative mobile game. Moment: the woman sitting on the edge of the sofa at night talking quietly, children asleep. Usual place, adapt if the moment says otherwise: modern rented apartment near lisbon, baby crib next to a desk with a laptop, a pregnancy test on the bathroom shelf in the background, warm evening light.","blurry, gradient, photorealistic, 3d render, text, letters, watermark, jpeg artifacts, extra fingers, face close-up",none
oei_apart__1.png,3,"pixel art scene, 180x135, limited palette (Endesga 32), clean 1px outlines, no anti-aliasing, no text, cozy melancholic mood, side or three-quarter view, game background for a narrative mobile game. Moment: the couple talking at the kitchen table until 3 am. Usual place, adapt if the moment says otherwise: modern rented apartment near lisbon, baby crib next to a desk with a laptop, a pregnancy test on the bathroom shelf in the background, warm evening light.","blurry, gradient, photorealistic, 3d render, text, letters, watermark, jpeg artifacts, extra fingers, face close-up",none
oei_apart__2.png,3,"pixel art scene, 180x135, limited palette (Endesga 32), clean 1px outlines, no anti-aliasing, no text, cozy melancholic mood, side or three-quarter view, game background for a narrative mobile game. Moment: two sets of keys on the table. Usual place, adapt if the moment says otherwise: modern rented apartment near lisbon, baby crib next to a desk with a laptop, a pregnancy test on the bathroom shelf in the background, warm evening light.","blurry, gradient, photorealistic, 3d render, text, letters, watermark, jpeg artifacts, extra fingers, face close-up",none
oei_apart__3.png,3,"pixel art scene, 180x135, limited palette (Endesga 32), clean 1px outlines, no anti-aliasing, no text, cozy melancholic mood, side or three-quarter view, game background for a narrative mobile game. Moment: the couple on a video session with a therapist. Usual place, adapt if the moment says otherwise: modern rented apartment near lisbon, baby crib next to a desk with a laptop, a pregnancy test on the bathroom shelf in the background, warm evening light.","blurry, gradient, photorealistic, 3d render, text, letters, watermark, jpeg artifacts, extra fingers, face close-up",none
oei_business.png,3,"pixel art scene, 180x135, limited palette (Endesga 32), clean 1px outlines, no anti-aliasing, no text, cozy melancholic mood, side or three-quarter view, game background for a narrative mobile game. Moment: a playground, another dad pitching an idea to the man while the kids climb a slide. Usual place, adapt if the moment says otherwise: beach near lisbon at sunset, group of friends with children around a picnic blanket, families from different countries, warm and nostalgic.","blurry, gradient, photorealistic, 3d render, text, letters, watermark, jpeg artifacts, extra fingers, face close-up",none
oei_business__1.png,3,"pixel art scene, 180x135, limited palette (Endesga 32), clean 1px outlines, no anti-aliasing, no text, cozy melancholic mood, side or three-quarter view, game background for a narrative mobile game. Moment: the man working on a laptop on a playground bench in the evening. Usual place, adapt if the moment says otherwise: beach near lisbon at sunset, group of friends with children around a picnic blanket, families from different countries, warm and nostalgic.","blurry, gradient, photorealistic, 3d render, text, letters, watermark, jpeg artifacts, extra fingers, face close-up",none
oei_business__2.png,3,"pixel art scene, 180x135, limited palette (Endesga 32), clean 1px outlines, no anti-aliasing, no text, cozy melancholic mood, side or three-quarter view, game background for a narrative mobile game. Moment: the two dads shaking hands, nothing decided. Usual place, adapt if the moment says otherwise: beach near lisbon at sunset, group of friends with children around a picnic blanket, families from different countries, warm and nostalgic.","blurry, gradient, photorealistic, 3d render, text, letters, watermark, jpeg artifacts, extra fingers, face close-up",none
oei_business__3.png,3,"pixel art scene, 180x135, limited palette (Endesga 32), clean 1px outlines, no anti-aliasing, no text, cozy melancholic mood, side or three-quarter view, game background for a narrative mobile game. Moment: a weekly video call, the man criticising an app interface. Usual place, adapt if the moment says otherwise: beach near lisbon at sunset, group of friends with children around a picnic blanket, families from different countries, warm and nostalgic.","blurry, gradient, photorealistic, 3d render, text, letters, watermark, jpeg artifacts, extra fingers, face close-up",none
oei_business_grows.png,3,"pixel art scene, 180x135, limited palette (Endesga 32), clean 1px outlines, no anti-aliasing, no text, cozy melancholic mood, side or three-quarter view, game background for a narrative mobile game. Moment: a phone showing payment notifications, the man staring in disbelief. Usual place, adapt if the moment says otherwise: close-up of a smartphone held in a hand, screen glowing with an abstract notification (no readable text), blurred room background, pixel art UI icons on screen.","blurry, gradient, photorealistic, 3d render, text, letters, watermark, jpeg artifacts, extra fingers, face close-up",none
oei_business_grows__1.png,3,"pixel art scene, 180x135, limited palette (Endesga 32), clean 1px outlines, no anti-aliasing, no text, cozy melancholic mood, side or three-quarter view, game background for a narrative mobile game. Moment: the man checking the bank app three times, smiling. Usual place, adapt if the moment says otherwise: close-up of a smartphone held in a hand, screen glowing with an abstract notification (no readable text), blurred room background, pixel art UI icons on screen.","blurry, gradient, photorealistic, 3d render, text, letters, watermark, jpeg artifacts, extra fingers, face close-up",confetti
oei_mom_again.png,3,"pixel art scene, 180x135, limited palette (Endesga 32), clean 1px outlines, no anti-aliasing, no text, cozy melancholic mood, side or three-quarter view, game background for a narrative mobile game. Moment: lisbon arrivals hall, the grandmother with a suitcase, the boy running toward her. Usual place, adapt if the moment says otherwise: airport arrivals hall in lisbon, glass doors opening, a grandmother with a big suitcase and a small boy running toward her with arms open, warm afternoon light, welcome signs, joyful and slightly teary.","blurry, gradient, photorealistic, 3d render, text, letters, watermark, jpeg artifacts, extra fingers, face close-up",none
oei_mom_again__1.png,3,"pixel art scene, 180x135, limited palette (Endesga 32), clean 1px outlines, no anti-aliasing, no text, cozy melancholic mood, side or three-quarter view, game background for a narrative mobile game. Moment: the boy hugging his grandmother, the suitcase nearly falling. Usual place, adapt if the moment says otherwise: airport arrivals hall in lisbon, glass doors opening, a grandmother with a big suitcase and a small boy running toward her with arms open, warm afternoon light, welcome signs, joyful and slightly teary.","blurry, gradient, photorealistic, 3d render, text, letters, watermark, jpeg artifacts, extra fingers, face close-up",none
oei_mom_again__2.png,3,"pixel art scene, 180x135, limited palette (Endesga 32), clean 1px outlines, no anti-aliasing, no text, cozy melancholic mood, side or three-quarter view, game background for a narrative mobile game. Moment: the man driving his mother along the oeiras coast. Usual place, adapt if the moment says otherwise: airport arrivals hall in lisbon, glass doors opening, a grandmother with a big suitcase and a small boy running toward her with arms open, warm afternoon light, welcome signs, joyful and slightly teary. keep open sky in the upper part of the frame.","blurry, gradient, photorealistic, 3d render, text, letters, watermark, jpeg artifacts, extra fingers, face close-up",gulls
oei_mom_again__3.png,3,"pixel art scene, 180x135, limited palette (Endesga 32), clean 1px outlines, no anti-aliasing, no text, cozy melancholic mood, side or three-quarter view, game background for a narrative mobile game. Moment: the grandmother alone with a coffee at a pastelaria counter. Usual place, adapt if the moment says otherwise: airport arrivals hall in lisbon, glass doors opening, a grandmother with a big suitcase and a small boy running toward her with arms open, warm afternoon light, welcome signs, joyful and slightly teary. a steaming cup or pot near the center of the frame.","blurry, gradient, photorealistic, 3d render, text, letters, watermark, jpeg artifacts, extra fingers, face close-up",steam
oei_inlaws_again.png,3,"pixel art scene, 180x135, limited palette (Endesga 32), clean 1px outlines, no anti-aliasing, no text, cozy melancholic mood, side or three-quarter view, game background for a narrative mobile game. Moment: the father-in-law asking for car keys at the door, the grandmother taking the children. Usual place, adapt if the moment says otherwise: airport arrivals hall in lisbon, glass doors opening, a grandmother with a big suitcase and a small boy running toward her with arms open, warm afternoon light, welcome signs, joyful and slightly teary.","blurry, gradient, photorealistic, 3d render, text, letters, watermark, jpeg artifacts, extra fingers, face close-up",none
oei_inlaws_again__1.png,3,"pixel art scene, 180x135, limited palette (Endesga 32), clean 1px outlines, no anti-aliasing, no text, cozy melancholic mood, side or three-quarter view, game background for a narrative mobile game. Moment: the father-in-law driving through sintra hills. Usual place, adapt if the moment says otherwise: airport arrivals hall in lisbon, glass doors opening, a grandmother with a big suitcase and a small boy running toward her with arms open, warm afternoon light, welcome signs, joyful and slightly teary.","blurry, gradient, photorealistic, 3d render, text, letters, watermark, jpeg artifacts, extra fingers, face close-up",none
oei_inlaws_again__2.png,3,"pixel art scene, 180x135, limited palette (Endesga 32), clean 1px outlines, no anti-aliasing, no text, cozy melancholic mood, side or three-quarter view, game background for a narrative mobile game. Moment: the couple in a cinema holding hands. Usual place, adapt if the moment says otherwise: airport arrivals hall in lisbon, glass doors opening, a grandmother with a big suitcase and a small boy running toward her with arms open, warm afternoon light, welcome signs, joyful and slightly teary.","blurry, gradient, photorealistic, 3d render, text, letters, watermark, jpeg artifacts, extra fingers, face close-up",none
oei_inlaws_again__3.png,3,"pixel art scene, 180x135, limited palette (Endesga 32), clean 1px outlines, no anti-aliasing, no text, cozy melancholic mood, side or three-quarter view, game background for a narrative mobile game. Moment: everyone making pelmeni together, flour everywhere. Usual place, adapt if the moment says otherwise: airport arrivals hall in lisbon, glass doors opening, a grandmother with a big suitcase and a small boy running toward her with arms open, warm afternoon light, welcome signs, joyful and slightly teary.","blurry, gradient, photorealistic, 3d render, text, letters, watermark, jpeg artifacts, extra fingers, face close-up",none
oei_inlaws_granddaughter.png,3,"pixel art scene, 180x135, limited palette (Endesga 32), clean 1px outlines, no anti-aliasing, no text, cozy melancholic mood, side or three-quarter view, game background for a narrative mobile game. Moment: a week before the birth, the wife's parents unpacking in the oeiras flat, the father-in-law studying the coffee machine. Usual place, adapt if the moment says otherwise: airport arrivals hall in lisbon, glass doors opening, a grandmother with a big suitcase and a small boy running toward her with arms open, warm afternoon light, welcome signs, joyful and slightly teary. a steaming cup or pot near the center of the frame.","blurry, gradient, photorealistic, 3d render, text, letters, watermark, jpeg artifacts, extra fingers, face close-up",steam
oei_inlaws_granddaughter__1.png,3,"pixel art scene, 180x135, limited palette (Endesga 32), clean 1px outlines, no anti-aliasing, no text, cozy melancholic mood, side or three-quarter view, game background for a narrative mobile game. Moment: a list on the fridge, the grandmother waving it away. Usual place, adapt if the moment says otherwise: airport arrivals hall in lisbon, glass doors opening, a grandmother with a big suitcase and a small boy running toward her with arms open, warm afternoon light, welcome signs, joyful and slightly teary.","blurry, gradient, photorealistic, 3d render, text, letters, watermark, jpeg artifacts, extra fingers, face close-up",none
oei_inlaws_granddaughter__2.png,3,"pixel art scene, 180x135, limited palette (Endesga 32), clean 1px outlines, no anti-aliasing, no text, cozy melancholic mood, side or three-quarter view, game background for a narrative mobile game. Moment: four people packing a hospital bag, a chocolate bar going in and out. Usual place, adapt if the moment says otherwise: airport arrivals hall in lisbon, glass doors opening, a grandmother with a big suitcase and a small boy running toward her with arms open, warm afternoon light, welcome signs, joyful and slightly teary.","blurry, gradient, photorealistic, 3d render, text, letters, watermark, jpeg artifacts, extra fingers, face close-up",none
oei_inlaws_granddaughter__3.png,3,"pixel art scene, 180x135, limited palette (Endesga 32), clean 1px outlines, no anti-aliasing, no text, cozy melancholic mood, side or three-quarter view, game background for a narrative mobile game. Moment: a photo of the grandparents with the boy on the sofa, waiting. Usual place, adapt if the moment says otherwise: airport arrivals hall in lisbon, glass doors opening, a grandmother with a big suitcase and a small boy running toward her with arms open, warm afternoon light, welcome signs, joyful and slightly teary.","blurry, gradient, photorealistic, 3d render, text, letters, watermark, jpeg artifacts, extra fingers, face close-up",none
oei_mom_paris__1.png,3,"pixel art scene, 180x135, limited palette (Endesga 32), clean 1px outlines, no anti-aliasing, no text, cozy melancholic mood, side or three-quarter view, game background for a narrative mobile game. Moment: the mother looking up at the eiffel tower. Usual place, adapt if the moment says otherwise: paris seine embankment at golden hour, eiffel tower in the distance, a man in his 30s walking arm in arm with his elderly mother seen from behind, bookstalls along the river, soft warm light, tender and quiet.","blurry, gradient, photorealistic, 3d render, text, letters, watermark, jpeg artifacts, extra fingers, face close-up",none
oei_mom_paris__2.png,3,"pixel art scene, 180x135, limited palette (Endesga 32), clean 1px outlines, no anti-aliasing, no text, cozy melancholic mood, side or three-quarter view, game background for a narrative mobile game. Moment: the two walking along the seine past bookstalls. Usual place, adapt if the moment says otherwise: paris seine embankment at golden hour, eiffel tower in the distance, a man in his 30s walking arm in arm with his elderly mother seen from behind, bookstalls along the river, soft warm light, tender and quiet.","blurry, gradient, photorealistic, 3d render, text, letters, watermark, jpeg artifacts, extra fingers, face close-up",none
oei_mom_paris__3.png,3,"pixel art scene, 180x135, limited palette (Endesga 32), clean 1px outlines, no anti-aliasing, no text, cozy melancholic mood, side or three-quarter view, game background for a narrative mobile game. Moment: mother and son at a small paris café corner table. Usual place, adapt if the moment says otherwise: paris seine embankment at golden hour, eiffel tower in the distance, a man in his 30s walking arm in arm with his elderly mother seen from behind, bookstalls along the river, soft warm light, tender and quiet. a steaming cup or pot near the center of the frame.","blurry, gradient, photorealistic, 3d render, text, letters, watermark, jpeg artifacts, extra fingers, face close-up",steam
oei_mom_spain.png,3,"pixel art scene, 180x135, limited palette (Endesga 32), clean 1px outlines, no anti-aliasing, no text, cozy melancholic mood, side or three-quarter view, game background for a narrative mobile game. Moment: a car on a coastal road in southern spain, white hill towns, the grandmother in a sun hat in the back seat. Usual place, adapt if the moment says otherwise: warm mediterranean beach in malaga, white hillside town behind, turquoise calm sea, a family with grandparents under a striped umbrella, a boy in armbands running into the water, bright midday sun. keep water in the lower third of the frame.","blurry, gradient, photorealistic, 3d render, text, letters, watermark, jpeg artifacts, extra fingers, face close-up",sea
oei_mom_spain__1.png,3,"pixel art scene, 180x135, limited palette (Endesga 32), clean 1px outlines, no anti-aliasing, no text, cozy melancholic mood, side or three-quarter view, game background for a narrative mobile game. Moment: a white andalusian village street, the grandmother photographing everything. Usual place, adapt if the moment says otherwise: warm mediterranean beach in malaga, white hillside town behind, turquoise calm sea, a family with grandparents under a striped umbrella, a boy in armbands running into the water, bright midday sun.","blurry, gradient, photorealistic, 3d render, text, letters, watermark, jpeg artifacts, extra fingers, face close-up",none
oei_mom_spain__2.png,3,"pixel art scene, 180x135, limited palette (Endesga 32), clean 1px outlines, no anti-aliasing, no text, cozy melancholic mood, side or three-quarter view, game background for a narrative mobile game. Moment: the grandmother standing knee-deep in the mediterranean. Usual place, adapt if the moment says otherwise: warm mediterranean beach in malaga, white hillside town behind, turquoise calm sea, a family with grandparents under a striped umbrella, a boy in armbands running into the water, bright midday sun. keep water in the lower third of the frame.","blurry, gradient, photorealistic, 3d render, text, letters, watermark, jpeg artifacts, extra fingers, face close-up",sea
oei_mom_spain__3.png,3,"pixel art scene, 180x135, limited palette (Endesga 32), clean 1px outlines, no anti-aliasing, no text, cozy melancholic mood, side or three-quarter view, game background for a narrative mobile game. Moment: a big paella pan on a terrace table. Usual place, adapt if the moment says otherwise: warm mediterranean beach in malaga, white hillside town behind, turquoise calm sea, a family with grandparents under a striped umbrella, a boy in armbands running into the water, bright midday sun. a steaming cup or pot near the center of the frame.","blurry, gradient, photorealistic, 3d render, text, letters, watermark, jpeg artifacts, extra fingers, face close-up",steam
oei_low_nerves.png,3,"pixel art scene, 180x135, limited palette (Endesga 32), clean 1px outlines, no anti-aliasing, no text, cozy melancholic mood, side or three-quarter view, game background for a narrative mobile game. Moment: the man falling asleep standing in a pharmacy queue. Usual place, adapt if the moment says otherwise: modern rented apartment near lisbon, baby crib next to a desk with a laptop, a pregnancy test on the bathroom shelf in the background, warm evening light.","blurry, gradient, photorealistic, 3d render, text, letters, watermark, jpeg artifacts, extra fingers, face close-up",none
oei_low_nerves__1.png,3,"pixel art scene, 180x135, limited palette (Endesga 32), clean 1px outlines, no anti-aliasing, no text, cozy melancholic mood, side or three-quarter view, game background for a narrative mobile game. Moment: the man sleeping peacefully in daylight. Usual place, adapt if the moment says otherwise: modern rented apartment near lisbon, baby crib next to a desk with a laptop, a pregnancy test on the bathroom shelf in the background, warm evening light.","blurry, gradient, photorealistic, 3d render, text, letters, watermark, jpeg artifacts, extra fingers, face close-up",none
oei_low_nerves__2.png,3,"pixel art scene, 180x135, limited palette (Endesga 32), clean 1px outlines, no anti-aliasing, no text, cozy melancholic mood, side or three-quarter view, game background for a narrative mobile game. Moment: a video session with the same psychologist. Usual place, adapt if the moment says otherwise: modern rented apartment near lisbon, baby crib next to a desk with a laptop, a pregnancy test on the bathroom shelf in the background, warm evening light.","blurry, gradient, photorealistic, 3d render, text, letters, watermark, jpeg artifacts, extra fingers, face close-up",none
oei_low_nerves__3.png,3,"pixel art scene, 180x135, limited palette (Endesga 32), clean 1px outlines, no anti-aliasing, no text, cozy melancholic mood, side or three-quarter view, game background for a narrative mobile game. Moment: the man running along the oeiras promenade at 6 am. Usual place, adapt if the moment says otherwise: modern rented apartment near lisbon, baby crib next to a desk with a laptop, a pregnancy test on the bathroom shelf in the background, warm evening light. keep water in the lower third of the frame.","blurry, gradient, photorealistic, 3d render, text, letters, watermark, jpeg artifacts, extra fingers, face close-up",sea
oei_low_money.png,3,"pixel art scene, 180x135, limited palette (Endesga 32), clean 1px outlines, no anti-aliasing, no text, cozy melancholic mood, side or three-quarter view, game background for a narrative mobile game. Moment: school, rent, car loan and nappies bills spread on a table. Usual place, adapt if the moment says otherwise: close-up of a smartphone held in a hand, screen glowing with an abstract notification (no readable text), blurred room background, pixel art UI icons on screen.","blurry, gradient, photorealistic, 3d render, text, letters, watermark, jpeg artifacts, extra fingers, face close-up",none
oei_low_money__1.png,3,"pixel art scene, 180x135, limited palette (Endesga 32), clean 1px outlines, no anti-aliasing, no text, cozy melancholic mood, side or three-quarter view, game background for a narrative mobile game. Moment: the man working at night with a baby monitor beside the laptop. Usual place, adapt if the moment says otherwise: close-up of a smartphone held in a hand, screen glowing with an abstract notification (no readable text), blurred room background, pixel art UI icons on screen.","blurry, gradient, photorealistic, 3d render, text, letters, watermark, jpeg artifacts, extra fingers, face close-up",none
oei_low_money__2.png,3,"pixel art scene, 180x135, limited palette (Endesga 32), clean 1px outlines, no anti-aliasing, no text, cozy melancholic mood, side or three-quarter view, game background for a narrative mobile game. Moment: the bmw being driven away by a buyer. Usual place, adapt if the moment says otherwise: close-up of a smartphone held in a hand, screen glowing with an abstract notification (no readable text), blurred room background, pixel art UI icons on screen.","blurry, gradient, photorealistic, 3d render, text, letters, watermark, jpeg artifacts, extra fingers, face close-up",none
oei_low_money__3.png,3,"pixel art scene, 180x135, limited palette (Endesga 32), clean 1px outlines, no anti-aliasing, no text, cozy melancholic mood, side or three-quarter view, game background for a narrative mobile game. Moment: a school office, the man signing a payment plan. Usual place, adapt if the moment says otherwise: close-up of a smartphone held in a hand, screen glowing with an abstract notification (no readable text), blurred room background, pixel art UI icons on screen.","blurry, gradient, photorealistic, 3d render, text, letters, watermark, jpeg artifacts, extra fingers, face close-up",none
oei_final__1.png,3,"pixel art scene, 180x135, limited palette (Endesga 32), clean 1px outlines, no anti-aliasing, no text, cozy melancholic mood, side or three-quarter view, game background for a narrative mobile game. Moment: a pen over a mortgage contract. Usual place, adapt if the moment says otherwise: empty lisbon apartment at dusk, small window with a glimpse of the river, family of four sitting on the floor seen from behind: father, mother with a baby, a boy; on the floor a flat stone, a grey plush cat toy, an old banknote and a pizza box, keys in the father's hand, warm and quiet.","blurry, gradient, photorealistic, 3d render, text, letters, watermark, jpeg artifacts, extra fingers, face close-up",none
oei_final__2.png,3,"pixel art scene, 180x135, limited palette (Endesga 32), clean 1px outlines, no anti-aliasing, no text, cozy melancholic mood, side or three-quarter view, game background for a narrative mobile game. Moment: the man on the phone saying no loan needed. Usual place, adapt if the moment says otherwise: empty lisbon apartment at dusk, small window with a glimpse of the river, family of four sitting on the floor seen from behind: father, mother with a baby, a boy; on the floor a flat stone, a grey plush cat toy, an old banknote and a pizza box, keys in the father's hand, warm and quiet.","blurry, gradient, photorealistic, 3d render, text, letters, watermark, jpeg artifacts, extra fingers, face close-up",none
oei_final__3.png,3,"pixel art scene, 180x135, limited palette (Endesga 32), clean 1px outlines, no anti-aliasing, no text, cozy melancholic mood, side or three-quarter view, game background for a narrative mobile game. Moment: the man looking at the contract, then calling his mother. Usual place, adapt if the moment says otherwise: empty lisbon apartment at dusk, small window with a glimpse of the river, family of four sitting on the floor seen from behind: father, mother with a baby, a boy; on the floor a flat stone, a grey plush cat toy, an old banknote and a pizza box, keys in the father's hand, warm and quiet.","blurry, gradient, photorealistic, 3d render, text, letters, watermark, jpeg artifacts, extra fingers, face close-up",none
oei_final__4.png,3,"pixel art scene, 180x135, limited palette (Endesga 32), clean 1px outlines, no anti-aliasing, no text, cozy melancholic mood, side or three-quarter view, game background for a narrative mobile game. Moment: an offer letter from amsterdam open on the laptop. Usual place, adapt if the moment says otherwise: empty lisbon apartment at dusk, small window with a glimpse of the river, family of four sitting on the floor seen from behind: father, mother with a baby, a boy; on the floor a flat stone, a grey plush cat toy, an old banknote and a pizza box, keys in the father's hand, warm and quiet.","blurry, gradient, photorealistic, 3d render, text, letters, watermark, jpeg artifacts, extra fingers, face close-up",none
oei_final__5.png,3,"pixel art scene, 180x135, limited palette (Endesga 32), clean 1px outlines, no anti-aliasing, no text, cozy melancholic mood, side or three-quarter view, game background for a narrative mobile game. Moment: an offer letter from a us startup, the ocean in the window. Usual place, adapt if the moment says otherwise: empty lisbon apartment at dusk, small window with a glimpse of the river, family of four sitting on the floor seen from behind: father, mother with a baby, a boy; on the floor a flat stone, a grey plush cat toy, an old banknote and a pizza box, keys in the father's hand, warm and quiet. keep water in the lower third of the frame.","blurry, gradient, photorealistic, 3d render, text, letters, watermark, jpeg artifacts, extra fingers, face close-up",sea
oei_final__6.png,3,"pixel art scene, 180x135, limited palette (Endesga 32), clean 1px outlines, no anti-aliasing, no text, cozy melancholic mood, side or three-quarter view, game background for a narrative mobile game. Moment: the man on the phone saying 'não', the wife nodding. Usual place, adapt if the moment says otherwise: empty lisbon apartment at dusk, small window with a glimpse of the river, family of four sitting on the floor seen from behind: father, mother with a baby, a boy; on the floor a flat stone, a grey plush cat toy, an old banknote and a pizza box, keys in the father's hand, warm and quiet.","blurry, gradient, photorealistic, 3d render, text, letters, watermark, jpeg artifacts, extra fingers, face close-up",none
final_museum__1.png,3,"pixel art scene, 180x135, limited palette (Endesga 32), clean 1px outlines, no anti-aliasing, no text, cozy melancholic mood, side or three-quarter view, game background for a narrative mobile game. Moment: a box placed first on an empty shelf. Usual place, adapt if the moment says otherwise: empty lisbon apartment at dusk, small window with a glimpse of the river, family of four sitting on the floor seen from behind: father, mother with a baby, a boy; on the floor a flat stone, a grey plush cat toy, an old banknote and a pizza box, keys in the father's hand, warm and quiet.","blurry, gradient, photorealistic, 3d render, text, letters, watermark, jpeg artifacts, extra fingers, face close-up",dust
final_two_homes__1.png,3,"pixel art scene, 180x135, limited palette (Endesga 32), clean 1px outlines, no anti-aliasing, no text, cozy melancholic mood, side or three-quarter view, game background for a narrative mobile game. Moment: the light switched on in the empty flat, warm glow. Usual place, adapt if the moment says otherwise: empty lisbon apartment at dusk, small window with a glimpse of the river, family of four sitting on the floor seen from behind: father, mother with a baby, a boy; on the floor a flat stone, a grey plush cat toy, an old banknote and a pizza box, keys in the father's hand, warm and quiet. small lit windows or lamps scattered in the upper two thirds.","blurry, gradient, photorealistic, 3d render, text, letters, watermark, jpeg artifacts, extra fingers, face close-up",lights
final_ours__1.png,3,"pixel art scene, 180x135, limited palette (Endesga 32), clean 1px outlines, no anti-aliasing, no text, cozy melancholic mood, side or three-quarter view, game background for a narrative mobile game. Moment: the light switched on, the family and the neighbour laughing. Usual place, adapt if the moment says otherwise: empty lisbon apartment at dusk, small window with a glimpse of the river, family of four sitting on the floor seen from behind: father, mother with a baby, a boy; on the floor a flat stone, a grey plush cat toy, an old banknote and a pizza box, keys in the father's hand, warm and quiet. small lit windows or lamps scattered in the upper two thirds.","blurry, gradient, photorealistic, 3d render, text, letters, watermark, jpeg artifacts, extra fingers, face close-up",lights
final_thirty__1.png,3,"pixel art scene, 180x135, limited palette (Endesga 32), clean 1px outlines, no anti-aliasing, no text, cozy melancholic mood, side or three-quarter view, game background for a narrative mobile game. Moment: the light switched on over the pizza box. Usual place, adapt if the moment says otherwise: empty lisbon apartment at dusk, small window with a glimpse of the river, family of four sitting on the floor seen from behind: father, mother with a baby, a boy; on the floor a flat stone, a grey plush cat toy, an old banknote and a pizza box, keys in the father's hand, warm and quiet. small lit windows or lamps scattered in the upper two thirds.","blurry, gradient, photorealistic, 3d render, text, letters, watermark, jpeg artifacts, extra fingers, face close-up",lights
aima_call_again.png,3,"pixel art scene, 180x135, limited palette (Endesga 32), clean 1px outlines, no anti-aliasing, no text, cozy melancholic mood, side or three-quarter view, game background for a narrative mobile game. Moment: the man on hold with aima, counting attempts on a sticky note. Usual place, adapt if the moment says otherwise: immigration office waiting hall, sign ""AIMA"" above counters, crowded with people from different countries, number display, one open window out of ten, clerk taking fingerprints, fluorescent light, absurd and tiring.","blurry, gradient, photorealistic, 3d render, text, letters, watermark, jpeg artifacts, extra fingers, face close-up",none
aima_call_again__1.png,3,"pixel art scene, 180x135, limited palette (Endesga 32), clean 1px outlines, no anti-aliasing, no text, cozy melancholic mood, side or three-quarter view, game background for a narrative mobile game. Moment: a real voice finally answering at minute 43. Usual place, adapt if the moment says otherwise: immigration office waiting hall, sign ""AIMA"" above counters, crowded with people from different countries, number display, one open window out of ten, clerk taking fingerprints, fluorescent light, absurd and tiring.","blurry, gradient, photorealistic, 3d render, text, letters, watermark, jpeg artifacts, extra fingers, face close-up",none
aima_call_again__2.png,3,"pixel art scene, 180x135, limited palette (Endesga 32), clean 1px outlines, no anti-aliasing, no text, cozy melancholic mood, side or three-quarter view, game background for a narrative mobile game. Moment: the man paying a lawyer. Usual place, adapt if the moment says otherwise: immigration office waiting hall, sign ""AIMA"" above counters, crowded with people from different countries, number display, one open window out of ten, clerk taking fingerprints, fluorescent light, absurd and tiring.","blurry, gradient, photorealistic, 3d render, text, letters, watermark, jpeg artifacts, extra fingers, face close-up",none
aima_call_again__3.png,3,"pixel art scene, 180x135, limited palette (Endesga 32), clean 1px outlines, no anti-aliasing, no text, cozy melancholic mood, side or three-quarter view, game background for a narrative mobile game. Moment: a guard at the aima door handing the man a phone number. Usual place, adapt if the moment says otherwise: immigration office waiting hall, sign ""AIMA"" above counters, crowded with people from different countries, number display, one open window out of ten, clerk taking fingerprints, fluorescent light, absurd and tiring.","blurry, gradient, photorealistic, 3d render, text, letters, watermark, jpeg artifacts, extra fingers, face close-up",none
aima_slot.png,3,"pixel art scene, 180x135, limited palette (Endesga 32), clean 1px outlines, no anti-aliasing, no text, cozy melancholic mood, side or three-quarter view, game background for a narrative mobile game. Moment: an aima appointment confirmation: three people, 8:40 am, far from oeiras. Usual place, adapt if the moment says otherwise: immigration office waiting hall, sign ""AIMA"" above counters, crowded with people from different countries, number display, one open window out of ten, clerk taking fingerprints, fluorescent light, absurd and tiring.","blurry, gradient, photorealistic, 3d render, text, letters, watermark, jpeg artifacts, extra fingers, face close-up",none
aima_slot__1.png,3,"pixel art scene, 180x135, limited palette (Endesga 32), clean 1px outlines, no anti-aliasing, no text, cozy melancholic mood, side or three-quarter view, game background for a narrative mobile game. Moment: the white bmw on a night highway, the boy asleep in the back. Usual place, adapt if the moment says otherwise: immigration office waiting hall, sign ""AIMA"" above counters, crowded with people from different countries, number display, one open window out of ten, clerk taking fingerprints, fluorescent light, absurd and tiring. keep dark night sky in the upper part of the frame.","blurry, gradient, photorealistic, 3d render, text, letters, watermark, jpeg artifacts, extra fingers, face close-up",stars
aima_slot__2.png,3,"pixel art scene, 180x135, limited palette (Endesga 32), clean 1px outlines, no anti-aliasing, no text, cozy melancholic mood, side or three-quarter view, game background for a narrative mobile game. Moment: the family on a night bus with coffee from a gas station. Usual place, adapt if the moment says otherwise: immigration office waiting hall, sign ""AIMA"" above counters, crowded with people from different countries, number display, one open window out of ten, clerk taking fingerprints, fluorescent light, absurd and tiring. keep dark night sky in the upper part of the frame.","blurry, gradient, photorealistic, 3d render, text, letters, watermark, jpeg artifacts, extra fingers, face close-up",stars
aima_slot__3.png,3,"pixel art scene, 180x135, limited palette (Endesga 32), clean 1px outlines, no anti-aliasing, no text, cozy melancholic mood, side or three-quarter view, game background for a narrative mobile game. Moment: the man on the phone asking for a closer office. Usual place, adapt if the moment says otherwise: immigration office waiting hall, sign ""AIMA"" above counters, crowded with people from different countries, number display, one open window out of ten, clerk taking fingerprints, fluorescent light, absurd and tiring.","blurry, gradient, photorealistic, 3d render, text, letters, watermark, jpeg artifacts, extra fingers, face close-up",none
biometrics_lost.png,3,"pixel art scene, 180x135, limited palette (Endesga 32), clean 1px outlines, no anti-aliasing, no text, cozy melancholic mood, side or three-quarter view, game background for a narrative mobile game. Moment: an aima screen: biometric data not found. Usual place, adapt if the moment says otherwise: immigration office waiting hall, sign ""AIMA"" above counters, crowded with people from different countries, number display, one open window out of ten, clerk taking fingerprints, fluorescent light, absurd and tiring.","blurry, gradient, photorealistic, 3d render, text, letters, watermark, jpeg artifacts, extra fingers, face close-up",none
biometrics_lost__1.png,3,"pixel art scene, 180x135, limited palette (Endesga 32), clean 1px outlines, no anti-aliasing, no text, cozy melancholic mood, side or three-quarter view, game background for a narrative mobile game. Moment: the man starting over with the hold music. Usual place, adapt if the moment says otherwise: immigration office waiting hall, sign ""AIMA"" above counters, crowded with people from different countries, number display, one open window out of ten, clerk taking fingerprints, fluorescent light, absurd and tiring.","blurry, gradient, photorealistic, 3d render, text, letters, watermark, jpeg artifacts, extra fingers, face close-up",none
biometrics_lost__2.png,3,"pixel art scene, 180x135, limited palette (Endesga 32), clean 1px outlines, no anti-aliasing, no text, cozy melancholic mood, side or three-quarter view, game background for a narrative mobile game. Moment: an angry email being typed in three languages. Usual place, adapt if the moment says otherwise: immigration office waiting hall, sign ""AIMA"" above counters, crowded with people from different countries, number display, one open window out of ten, clerk taking fingerprints, fluorescent light, absurd and tiring.","blurry, gradient, photorealistic, 3d render, text, letters, watermark, jpeg artifacts, extra fingers, face close-up",none
biometrics_lost__3.png,3,"pixel art scene, 180x135, limited palette (Endesga 32), clean 1px outlines, no anti-aliasing, no text, cozy melancholic mood, side or three-quarter view, game background for a narrative mobile game. Moment: the man calling the lawyer who sighs. Usual place, adapt if the moment says otherwise: immigration office waiting hall, sign ""AIMA"" above counters, crowded with people from different countries, number display, one open window out of ten, clerk taking fingerprints, fluorescent light, absurd and tiring.","blurry, gradient, photorealistic, 3d render, text, letters, watermark, jpeg artifacts, extra fingers, face close-up",none
biometrics_found.png,3,"pixel art scene, 180x135, limited palette (Endesga 32), clean 1px outlines, no anti-aliasing, no text, cozy melancholic mood, side or three-quarter view, game background for a narrative mobile game. Moment: an email: your data has been found, we apologise. Usual place, adapt if the moment says otherwise: immigration office waiting hall, sign ""AIMA"" above counters, crowded with people from different countries, number display, one open window out of ten, clerk taking fingerprints, fluorescent light, absurd and tiring.","blurry, gradient, photorealistic, 3d render, text, letters, watermark, jpeg artifacts, extra fingers, face close-up",none
biometrics_found__1.png,3,"pixel art scene, 180x135, limited palette (Endesga 32), clean 1px outlines, no anti-aliasing, no text, cozy melancholic mood, side or three-quarter view, game background for a narrative mobile game. Moment: the man taking a screenshot of the apology. Usual place, adapt if the moment says otherwise: immigration office waiting hall, sign ""AIMA"" above counters, crowded with people from different countries, number display, one open window out of ten, clerk taking fingerprints, fluorescent light, absurd and tiring.","blurry, gradient, photorealistic, 3d render, text, letters, watermark, jpeg artifacts, extra fingers, face close-up",none
oei_day.png,3,"pixel art scene, 180x135, limited palette (Endesga 32), clean 1px outlines, no anti-aliasing, no text, cozy melancholic mood, side or three-quarter view, game background for a narrative mobile game. Moment: an ordinary oeiras week: school, work, the highway to lisbon along the ocean. Usual place, adapt if the moment says otherwise: oeiras seaside promenade near lisbon, white modern buildings, palm trees, atlantic ocean, a dark bmw parked, evening traffic toward lisbon, golden light. keep water in the lower third of the frame.","blurry, gradient, photorealistic, 3d render, text, letters, watermark, jpeg artifacts, extra fingers, face close-up",sea
oei_day__1.png,3,"pixel art scene, 180x135, limited palette (Endesga 32), clean 1px outlines, no anti-aliasing, no text, cozy melancholic mood, side or three-quarter view, game background for a narrative mobile game. Moment: the man stuck in traffic grumbling like a local. Usual place, adapt if the moment says otherwise: oeiras seaside promenade near lisbon, white modern buildings, palm trees, atlantic ocean, a dark bmw parked, evening traffic toward lisbon, golden light.","blurry, gradient, photorealistic, 3d render, text, letters, watermark, jpeg artifacts, extra fingers, face close-up",none
